-- phpMyAdmin SQL Dump
-- version 5.2.1
-- https://www.phpmyadmin.net/
--
-- Host: 127.0.0.1
-- Generation Time: Mar 01, 2025 at 02:45 PM
-- Server version: 10.4.32-MariaDB
-- PHP Version: 8.2.12

SET SQL_MODE = "NO_AUTO_VALUE_ON_ZERO";
START TRANSACTION;
SET time_zone = "+00:00";


/*!40101 SET @OLD_CHARACTER_SET_CLIENT=@@CHARACTER_SET_CLIENT */;
/*!40101 SET @OLD_CHARACTER_SET_RESULTS=@@CHARACTER_SET_RESULTS */;
/*!40101 SET @OLD_COLLATION_CONNECTION=@@COLLATION_CONNECTION */;
/*!40101 SET NAMES utf8mb4 */;

--
-- Database: `homeowners_db`
--

-- --------------------------------------------------------

--
-- Table structure for table `announcements`
--

CREATE TABLE `announcements` (
  `AnnouncementID` int(11) NOT NULL,
  `Title` varchar(255) NOT NULL,
  `Content` text NOT NULL,
  `CreatedAt` timestamp NOT NULL DEFAULT current_timestamp(),
  `UserID` int(11) NOT NULL
) ENGINE=InnoDB DEFAULT CHARSET=utf8mb4 COLLATE=utf8mb4_general_ci;

--
-- Dumping data for table `announcements`
--

INSERT INTO `announcements` (`AnnouncementID`, `Title`, `Content`, `CreatedAt`, `UserID`) VALUES
(2, '123', '123', '2025-02-22 00:25:33', 5),
(5, 'HELLO WORLD', 'SADASDDASSDAASD', '2025-02-24 03:24:56', 5),
(6, '1', 'xdxd', '2025-02-24 07:06:01', 4);

-- --------------------------------------------------------

--
-- Table structure for table `contact_directory`
--

CREATE TABLE `contact_directory` (
  `ContactID` int(11) NOT NULL,
  `Name` varchar(100) NOT NULL,
  `PhoneNumber` varchar(20) DEFAULT NULL,
  `Email` varchar(100) DEFAULT NULL,
  `Role` varchar(100) DEFAULT NULL
) ENGINE=InnoDB DEFAULT CHARSET=utf8mb4 COLLATE=utf8mb4_general_ci;

-- --------------------------------------------------------

--
-- Table structure for table `documents`
--

CREATE TABLE `documents` (
  `DocumentID` int(11) NOT NULL,
  `Title` varchar(255) NOT NULL,
  `FilePath` varchar(255) NOT NULL,
  `UploadedBy` int(11) DEFAULT NULL,
  `UploadedAt` timestamp NOT NULL DEFAULT current_timestamp()
) ENGINE=InnoDB DEFAULT CHARSET=utf8mb4 COLLATE=utf8mb4_general_ci;

-- --------------------------------------------------------

--
-- Table structure for table `events`
--

CREATE TABLE `events` (
  `EventID` int(11) NOT NULL,
  `Title` varchar(255) NOT NULL,
  `Description` text DEFAULT NULL,
  `EventDate` datetime NOT NULL,
  `CreatedBy` int(11) DEFAULT NULL
) ENGINE=InnoDB DEFAULT CHARSET=utf8mb4 COLLATE=utf8mb4_general_ci;

-- --------------------------------------------------------

--
-- Table structure for table `facilities`
--

CREATE TABLE `facilities` (
  `FacilityID` int(11) NOT NULL,
  `FacilityName` varchar(100) NOT NULL
) ENGINE=InnoDB DEFAULT CHARSET=utf8mb4 COLLATE=utf8mb4_general_ci;

--
-- Dumping data for table `facilities`
--

INSERT INTO `facilities` (`FacilityID`, `FacilityName`) VALUES
(1, 'xd'),
(2, 'dd');

-- --------------------------------------------------------

--
-- Table structure for table `facility_reservations`
--

CREATE TABLE `facility_reservations` (
  `ReservationID` int(11) NOT NULL,
  `UserID` int(11) DEFAULT NULL,
  `ReservationDate` date NOT NULL,
  `StartTime` time NOT NULL,
  `EndTime` time NOT NULL,
  `Status` enum('Pending','Confirmed','Cancelled') NOT NULL,
  `FacilityID` int(11) DEFAULT NULL
) ENGINE=InnoDB DEFAULT CHARSET=utf8mb4 COLLATE=utf8mb4_general_ci;

--
-- Dumping data for table `facility_reservations`
--

INSERT INTO `facility_reservations` (`ReservationID`, `UserID`, `ReservationDate`, `StartTime`, `EndTime`, `Status`, `FacilityID`) VALUES
(1, 18, '2025-02-02', '15:02:00', '05:02:00', 'Pending', 2),
(2, 18, '2025-02-24', '07:30:00', '11:30:00', 'Pending', 1),
(3, 18, '2025-02-28', '09:00:00', '22:00:00', 'Pending', 1),
(4, 18, '2025-03-01', '08:00:00', '13:00:00', 'Pending', 2),
(5, 21, '2025-02-26', '08:00:00', '14:00:00', 'Pending', 1),
(6, 21, '2025-02-26', '08:00:00', '14:00:00', 'Pending', 1),
(7, 21, '2025-02-26', '14:30:00', '15:00:00', 'Pending', 1),
(8, 21, '2025-02-27', '07:30:00', '08:00:00', 'Pending', 2);

-- --------------------------------------------------------

--
-- Table structure for table `feedback`
--

CREATE TABLE `feedback` (
  `FeedbackID` int(11) NOT NULL,
  `UserID` int(11) DEFAULT NULL,
  `Category` enum('Feedback','Complaint') NOT NULL,
  `Message` text NOT NULL,
  `Status` enum('Open','Resolved','Dismissed') NOT NULL,
  `SubmittedAt` timestamp NOT NULL DEFAULT current_timestamp()
) ENGINE=InnoDB DEFAULT CHARSET=utf8mb4 COLLATE=utf8mb4_general_ci;

-- --------------------------------------------------------

--
-- Table structure for table `forum_comments`
--

CREATE TABLE `forum_comments` (
  `CommentID` int(11) NOT NULL,
  `PostID` int(11) NOT NULL,
  `UserID` int(11) NOT NULL,
  `Content` text NOT NULL,
  `Image` blob DEFAULT NULL,
  `CreatedAt` timestamp NOT NULL DEFAULT current_timestamp()
) ENGINE=InnoDB DEFAULT CHARSET=utf8 COLLATE=utf8_general_ci;

--
-- Dumping data for table `forum_comments`
--

INSERT INTO `forum_comments` (`CommentID`, `PostID`, `UserID`, `Content`, `Image`, `CreatedAt`) VALUES
(3, 12, 18, '1aaaasdbvasdvasDSADASSAD', NULL, '2025-03-01 12:22:49'),
(4, 12, 18, 'adsdas', NULL, '2025-03-01 12:22:54'),
(6, 12, 21, 'axadxas', NULL, '2025-03-01 12:42:17'),
(8, 12, 18, 'asdas', NULL, '2025-03-01 12:48:04'),
(9, 12, 18, 'aaa', NULL, '2025-03-01 12:48:08');

-- --------------------------------------------------------

--
-- Table structure for table `forum_comment_votes`
--

CREATE TABLE `forum_comment_votes` (
  `VoteID` int(11) NOT NULL,
  `UserID` int(11) NOT NULL,
  `CommentID` int(11) NOT NULL,
  `VoteValue` tinyint(4) NOT NULL,
  `CreatedAt` timestamp NOT NULL DEFAULT current_timestamp()
) ENGINE=InnoDB DEFAULT CHARSET=utf8 COLLATE=utf8_general_ci;

--
-- Dumping data for table `forum_comment_votes`
--

INSERT INTO `forum_comment_votes` (`VoteID`, `UserID`, `CommentID`, `VoteValue`, `CreatedAt`) VALUES
(22, 21, 3, -1, '2025-03-01 12:42:13'),
(23, 21, 4, 1, '2025-03-01 12:42:14'),
(24, 21, 6, -1, '2025-03-01 12:43:32'),
(25, 18, 3, -1, '2025-03-01 12:54:01');

-- --------------------------------------------------------

--
-- Table structure for table `forum_posts`
--

CREATE TABLE `forum_posts` (
  `PostID` int(11) NOT NULL,
  `UserID` int(11) DEFAULT NULL,
  `Title` varchar(255) NOT NULL,
  `Content` text NOT NULL,
  `CreatedAt` timestamp NOT NULL DEFAULT current_timestamp(),
  `Image` blob DEFAULT NULL
) ENGINE=InnoDB DEFAULT CHARSET=utf8mb4 COLLATE=utf8mb4_general_ci;

--
-- Dumping data for table `forum_posts`
--

INSERT INTO `forum_posts` (`PostID`, `UserID`, `Title`, `Content`, `CreatedAt`, `Image`) VALUES
(1, 21, 'XD', 'XD', '2025-02-26 14:23:04', NULL);
INSERT INTO `forum_posts` (`PostID`, `UserID`, `Title`, `Content`, `CreatedAt`, `Image`) VALUES
(2, 21, '123', '123', '2025-02-26 14:29:24', 0x89504e470d0a1a0a0000000d4948445200000439000002ac08020000006997f189000000017352474200aece1ce90000000467414d410000b18f0bfc6105000000097048597300000ec300000ec301c76fa86400009b7249444154785eeddd2d78f2ccdab6e14a6425128944222b9148241289c455bd1b128944f23924b2128944229148e4face32d379e64e420890844972ec62adfb0994d2fccc5c6766927cfc0f000054d97ebf9f4ea79d4ee723c9d7d7975e5d2e97bbddcefe40d8369b4dafd7b3dffe8ffe3afd09f61d001a83ac020040f51c8fc7d56a351e8f13234abbdd9e4c263f3f3ff6ddd5a48865ff9e3ffaa34ea7937d19400390550000a80695e9ebf5fa563e917a44145f7c8ca5d56a29c39058808620ab000010aecbe5b2dd6e559dc7a74539f58b28115a09c3e1d0feb5574a2cf3f9dcbe0ca0bec82a00000467bfdfab161f0c06b6364ff2f5f5f5fdfd5d95ab505e171963515ca9713c0360905500000882b90465341a7d7e7eda7a3ca6dfefcf66b326d7e84a2c4a29767534604c096838b20a0000ef64eee2d5ed766df51da397f406d5e8e7f3d9fe4cb329add955e35168592c16f61d00ea82ac0200c01ba4df685895f7783c5ead565c449ee8d6dad392efefefcbe562df07a0e2c82a0000942725a27c7e7e0e87c3e57279381cecbb714fe2faecf7fbc7e3d1be03409591550000285c4a44e18a8bd75d2e97f1786c57e89582df66b3b12f03a82cb20a00004521a294ecfbfbdbaedf2b051806a9804a23ab00009033251022cabb68dd6a25dbd57dd5eff757ab1517b100554456010020072a85379bcd783c8e14ca0611a54ca7d3e9ebebcbaefa3f9f9f9fda3a4c0c03aa85ac0200c0f3cee7b379288affd00f8788f246bbdd4ee124be5d145a66b3193780062a81ac0200c0c38ec7e372b98c9fbc373a9dce743a6dce13e543a64ca22d157f7c8d62e47abdb66f02102ab20a0000591d0e87efefef5eaf670bde7f69f97c3ee762ee3025dee7406993ed05848cac0200c01d29b7f392c160b05c2e79a04755acd7ebc8354593c984cd078489ac02004032d5afb3d92c31a2b45aadd168b45aadb8eca18ab4d5b465edb6fca3ccc995f74068c82a000044add76b55aeb686f5b4db6dee25551b87c3217ec591a2e97c3e2782028120ab000060998194c80421e1765e35b6dbed46a391ddd27f5aad16f70a034240560100e0e6408a1672b7a8263031f5f3f3d36ef82bee1506bc1d590500d05c3fd707cc270ea4a872e57aeba6b95c2ef11b1c73af30e08dc82a008066513dba5eafc7e371e424ba311a8db6dbad7d2b9a4a7b4824c16a87e1813940f9c82a008046389d4ecbe572381cdadaf35fe68a6abdc7be1b8d9778af30b39f30e0069486ac0200a8b3c3e1a0e2f2d6d31bbbdd2e0f98478ac47b85c9603058ad5697cbc5be0f4031c82a00801a528999f2f4c67ebfbf582cb808011929cd264e1ad4126e1706148aac0200a88fe3f1f8fdfd1db936da68b55ac3e170b55a31d10bcfb95c2eda7fe2f78be376614071c82a0080ca33d7a2244ef4521d699edec8741de44591783e9f4746edb85d185004b20a00a0aacee7f36ab54abc9ce0f3f3531185a737a250f1db858d4623c566420b9017b20a00a062cc4d8713efe8d56ab5542c322107a549bc5d9828c34ca753261c022f22ab00002a63b3d9288a2890d87ad063ae45e12a67bcc5addb85695f559261fe21f034b20a0020743f3f3f93c924f1d18dfd7e7fb95c72f61a21d8eff78bc542b139b2af76bb5dee8b0d3c87ac020008d4f1789ccd6691eb010c157f3c920f21db6c36919b3d30c0023c81ac0200088bb9336ce28c9a4ea7a3828f0b975115da93fd31160658804791550000a15008499cebd56eb7b59c220f55743a9d228f64e19a7b203bb20a00e0cdcee7f372b94c7c802337f5423d4406585aad168905c882ac0200789bdd6e371e8fe3f7f5ea743af3f99c4a0e75121f6021b1007791550000655371167fecb7a874537461ae176aece7e727722d96b9af31b7db061291550000e5310f48b1359aa7d7eb2d974bca353444fc2e61ed769be98e401c59050050388590efefeff8dd873f3f3f279309f7f54233c513cbd7d7178703e023ab00000a64524afcd65e83c160bd5ef3b80940074224c633250c70c82a00804224a614d564aac3788623e0d3c1a2e3c21e24574c09030cb20a0020678929a5d3e9ac562bfb0e003187c32172d93d53c200b20a002037c7e371369b915280a7254e0963b6241a8bac0200c8810aacc8b3238494023c213e25acdbed722f6f3413590500f0bcc3e1309d4ee337f822a5002f8a4f096380050d445601003cec783ccee7f36eb76b6b288fb9c1977d1f80d728f3fb932a196041d390550000599dcf67554e9173bd0637f8020a723a9d22132ce7f3b97d0da83bb20a00e0bef57a3d1a8d5aad96ad95fe68c9783cde6c36f67d008a111960994c26ca30f635a0bec82a00809b76bb9d4aa2c87dbd8ce170a800c3ec79a0340a27fea866abd59a4ea72416d41b59050010753e9fe7f379a7d3b1359147a5d272b9d41bec5b0194e872b90c87437b345e29b130250c3546560100fce7783c4ea7d3f8404ab7db553dc4e5284008369b4dafd7b307e7950e5b0639514b641500c0affd7e3f1e8f6de1f3a7d3e9a806e2c9d940802289a5dfef733601f543560180a6db6eb7f15b7b690957cc0381bb5c2efe2dc23e3f3f396c513364150068aed56a157f46ca6834e2010e40857c7f7fdba3f78af960a813b20a00348eb9743ef2b0f956ab35994c98430254d1cfcf8f7f44f3c848d4065905001a24f1d2799538dfdfdfdcda0ba8b4c81d8d45073b773446d5915500a0116e5d3abf5aad982e02d446e49191dcd11855475601809ae3d279a0514ea7937fc1bd7c7f7fdbd780aa21ab00406d71e93cd0583f3f3ffd7edf1ef6c4155416590500ea864be70148e48ec6c4155411590500ea834be701f8227145ed837d01a808b20a00d40197ce034814892b5f5f5f9cb94085905500a0dab8741e403ac595e170685b87ebd3570e87837d0d081b590500aa8a4be70164f7ed3ddefef3f393d319a804b20a00540c97ce03788ef2897f3d1b8f5e41f8c82a0050195c3a0fe04587c3c11f8f1d8fc75cd28690915500a002f6fbfd6834b2c5c51f2e9d07f084f3f9ec5fbec2d5f6081959050082b6d96ce297cef7fb7de69a0378c56432b10dcac747afd7630629c244560180105d2e97d56ad5e9746c29f167381c72e93c805c2c160bdbb25c6793eef77bfb02100cb20a0084e570384ca7d3f8a5f3e3f198139f00f2b55eafd5bcb87686015b8486ac020041389fcfcbe5b2d7eb99a2c1f9fcfcfcfefe3e9d4ef67d0090abdd6ee7dfb1430d917d010800590500de6cb3d9c4af9b974ea7b3582cb8741e40d10e87833fe3f4fbfbdbbe00bc1b590500de432144054164ae97a1e8c24c0c00653a9fcffeb82e71058120ab00c01b2c168b784a51a1b05c2eb9792880b7b85c2e83c1c0b647c4158481ac0200a55aafd791bb7b29b44ca7d3c3e160df01006f425c4168c82a0050929f9f9fc8a5f34a295c9102202891b8329d4e69a3f04664150028dc7ebf8f3ccfd1dcdd8be95e000214892bdd6e97c73ae15dc82a0050a0e3f1381c0e6d877fd56ab5a6d329290540c81457226dd77c3eb7af012522ab0040214ea7d36432b19dfc9ff178cc93520054c56ab5f21fbdc2e52b281f59050072763e9fd5a3bb47411bc3e190abe70154cee974f2a7b012575032b20a00e4c6a414ff34a4a89b67aa3780ea8a5cbe425c4199c82a009083d3e9349bcd2229a5d7ebfdfcfcd8770040651157f02e64150078c9f1789c4c2691195f9d4e8707cf03a813e20ade82ac02004f3a1c0ee3f1d8f6db7f7abdde6ab5b2ef00801a21aea07c64150078d86eb78bdccd53fafd3e632900ea8db88292915500e0013f3f3f91a73a8a7a6eae4b01d010c4159489ac0200996c369b5eaf673be73fc3e170bfdfdb770040331057501ab20a00dcb15aad3a9d8eed93ff8cc7e3e3f168df01000d13892b5ca7878290550020997ae2c562114929ad566b3a9df2ec790088c495ed766b5f00f24356018028f348c776bb6d7be0abcfcf4f2d24a50080a3d6d24d8e6db55a5cb987dc915500e03f890f9e5768592c167ac9be0900f0476da31b7f56e3c9257cc8175905007e25a61475c0cbe5f272b9d8370100628ec7a31b8856b3c9b57cc811590540d3dd4a295c2a0a0019edf77bd78aaafd64201a7921ab0068aecbe5424a01805cfcfcfcb45a2dd390f67a3d46a4910bb20a80865a2c1691abe7492900f08acd6663dbd3eb4372892b781d590540e3acd76bc512db9d5e91520020176a4b6dc3faf1311a8dec52e0596415000df2f3f31379f6bcb9c71727ff00202fdfdfdfb685fdf8984ea77629f014b20a8046d8eff75f5f5fb6f3bcfabc3e2f850b4001207793c9c436b51f1f6a69ed52e07164150035773c1e87c3a1ed33afccb3e7492900509cd16864db5ce20a5e405601505ba7d3c93fb7678cc7639e3d0f0045bb5c2e83c1c0b6bc1f1ff3f9dcbe003c82ac02a086cc2353dcdd338de17078381cec3b0000058bc4156e618227905500d44ae2831dbfbebe76bb9d7d0700a02c7e5c69b55adbedd6be00644356015013a7d369369b45524aafd7fbf9f9b1ef000094ee7c3ebb1b302aaeecf77bfb029001590540e51d8fc7e9741a99f1d5e974369b8d7d0700e07d4ea7937baad5e7e7a71a6dfb02700f59054085a9c31b8fc7a6ff737abd1eb3a20120286aaeddb8b7720bf738414664150095b4dfef237722967ebfcf580a008449edb61b00eff57adc381e5990550054cccfcf8f7f6319e3ebeb8beb52002070dbedd6c515b5e497cbc5be00dc40560150199bcd26f2ec79190e875ca9090055b15aad6cf3fdf1311a8dec52e006b20a800a58afd7ee3632ce783ce67929005039f3f9dcb6e31f1fd3e9d42e0592905500046db55ab9bbc718ad566b3299701b1900a82e4514dba67f7c30368e1464150021ba5c2e8bc5a2dd6edbaeeceaf3f353dd1b778f01801a70571e0e8743bb088821ab0008ce7c3e8fa794efef6f6e1a0300b5b1dfef6d13cfd00a6e23ab0008c8e170e8f7fbb6efba5268592c16dc2b0600eac7dd7a9ea115dc425601108af97cee3f7bbed3e9ac562b520a00d4953fb4f2fdfd6d97021eb20a80f78b0ca728b128b7d8d70000f5351e8f6dd34f5c4112b20a8077ba5c2eea9cfce1148516ee440c000da15ec07fbc2f7105116415006fb35aadfc6be8194e01800622ae20055905c01b6cb7dbc8b31d194e0180c622aee016b20a8052edf7fbafaf2fdb1d5db5dbedd56a655f06003412710589c82a004a723a9dfc6b28c53c3545fd937d0700a0c1882b8823ab0028dcf97c9ecd66fe05f4c213e8010011c41544905500146bb1587c7e7eda6ee76a381c1e8f47fb3200001ee20a7c64150045d96c369d4ec7f63657fd7effe7e7c7be0c004092485ca1e36832b20a80fca95ff19fed280a2d8a2ef66500005229aeb81bb1a807d17fda17d030641500793a1e8fc3e1d0f42ec6e7e7e762b1b02f030090cde9747253882793895d8a8621ab00c8873a95e9746a3a15a3d56acd66b3f3f96cdf0100c02356ab95ed513e3e96cba55d8a2621ab0078d57ebf574a895c403f1e8fb9cd1700e045fe58fd76bbb54bd118641500cf9bcfe791abe7e5ebeb4be9c5be030080175c2e177701e4e7e727fd4bd39055003ce3703844ae9e975eafc7492f0040be4ea7933b2fa67f3068df286415000f9bcfe7fe831ddbedf66432e19e920080821c0e0737d3b8d7eb715bb0e620ab0078406438458945b9c5be06004061b6dbad3b4d36180cec52d41d5905405691e11485164517fb1a0000055b2e97b607faf8984ea776296a8dac02e03e865300002198cd66b62bfaf8e0e15d4d4056017007c3290080707017e34621ab00b889e114004068fcbb18ab63e22ec6f5465601908ce194e7a813fdf9f9d1da1b8d46f187cfe0455aa5dc740e40e42ec6c7e3d1be80da21ab00886238c5f750f6f0d31dde42db68381c7e7f7f6bab9dcf67bb1501d48eba2aff2ec61cef75455601f08fb70ca7ac56abbb312042efd74fd99fcfdbf178d4878fc7e36eb76b7f1faa49fbc9d7d7d7743a557ad96c360418a04eb88b711390550058e50fa73c115122f4e3cbe5d27edc53ccb089aa58d5b2aa6855d7bef89544ab713299e88bed763bfb6b9093fd7eafcdf4fa36eaf57a6418a006fcbb18abe1b54b5123641500bf4a1e4e793da5f86e2516559f2e87a80f536deaf383593ab2478528ccacd7ebd96ca64dfcc4943c3fc3e873b4ff9c4e27fbd10082e4dfc598db82d50f5905683ab5ecfe4ca7e28653d2f3c96834ba5c2ef6adf7e81bda1ff3a8bb5265a997f451d9734822ad84c160a08f229c549d22b7f60ae54c650fed18ca21ed76db6ee647e818190e87da25f469f6a30104c3ddc558bd4cf6ae04954056019a4b659c2a72d3be1b050da7a4a49487224a847e50a5a7fda0677d7e7eea43b41e54cb9a4a947cd2042f66181d29d3e974bd5e73f7212004a7d3c91dc2b3d9cc2e452d905580263a9fcfaab44cb36ea8644f9c46f5a2f82f729e4829ee92f78cf3c74c0ed12f523daabf4eb5299525d2f91966381c6aff71371aba4bbba57636fd6c11811f403af50ef650fcf8e0892b754256011a47b554e414b2e244ee1716278ea53c9a4f4ea7d376bb355563c67ca2bf45bf9a8e0af9d21ea503e7895bc369bf9d4c26a417a0046ea4bdd7ebd945a83eb20ad0203f3f3f6ac14d536e0c0683dcaba8c4b114fda22c29c55c18ad7092f17cb6bbb0c4fef7076d1a0aa73ddc4468eda5d92fdfeff7fb4ad14fcf780470d7f1787487a4fa05bb141547bf0e34825a7077e9a1d1e9748ab85fca72b98c640cfd229568f6e518c5a7c562616ed2657fe0b6944bdeed3bc82a781f256dedcc3ad05262b65ed21bb8461f28883b75a5fe8249bff540bf0ed4dce57299cd66fed95f554b6acd8b38bffbfdfd6d7fc755e2588abbe624cb5c1a7d6d6598e974aa08947ec9bbfd01b20a02a3fd567bbb7f00fab8461fc8973a1d377d407d905d8a2aa35f07ea4c3550e4d214954df93e2f22f1ba94c4b11405a4f83b23f46dd5bb28f36c369b8726a7d99f27ab2048e7f359793be3b52e3a4c146078ae0bf09cfd7e6f8fa58f8f94517d5405fd3a504fbbdd2ef28c11fd67ee77e38d0ca418f1e114a58ec897717abd9ee2939912f3caf5fdf6e3c82a085bf66bf45bad168905788ebb66b2dd6e7310551dfd3a50376a9747a39169a60d35d6ebf5dabe9c93c40be84599c49462b786505481ddbae6e415f6d3c92aa88e2cd7e86b39f741061e75b95c5c1fa4fec82e4535d1af03b5a20ce0173dfaf76c36cbfdd214554efed5c3ca1e0a482ab9d2a778e9cbe8ebd98fc89bfd1d641554df66b389dcafcf68b7dbe41620a3ed766b8f9c8f0f754f76292a887e1da889f83cabe17058c405bb91795fdd6e773a9da6dcf8c8d0772bb4c0b2bf86ac82bab8955822b8b805b8653c1edbe384b85265f4eb401d44865354e2147147d45bf3be7cfa1a454cf1bacbfe7ab20aea25cb7d9045c71d890588b85c2eea8fec41425ca92cfa75a0dae2c329454cfa92c8bcafb84eea73548a66bf045905f57537b728b1f0f016c0475ca901fa75a0c222c329dd6eb7a0d10ce51ffb3b92a827c8fddafd87f8f392ed22a01952a68af579780b108b2b24f9caa15f072aa9b4e194f82f72daedb67e69086590be89fd4e641534d2dd8b5bccd15a441301844f7bfed7d79739163a9d0e0742b5d0af03d553ce70caf97cfefefef67f91f3f6819408fbb53e3e2693895d0434cfdd87b71437f40a04ee743ab9c993f414d5425601aaa49ce1147d60e2d529e10ca444d8efc7a00af027e5e12ddcf818cdb45aadec31f0f1b1d96cec52048fae1da88ca287531442d4948fc7e3784a51400a6a2025c27e4bb20a70830eedc4b30f3ade092d688ee17068767e1d0e5cc7551574ed400514379ce2f249e2631c158df4d27ebfb7ef0e95fdba6415e0b6d3e9e45f61ecfbfafa0af964049097f3f9ec3a3bedf67629c246d70e84ae88e114732d4a623ef1556594dc7e5db20a704fca8d8fd520a8b551e360df0ad4d1cfcf8fdde3b9857145d0b503e1525551c4708a1248bc4c891b0c06f607c2b65c2eed3726ab008fd86eb7f1919656abc5052da8374514bbbb730be32aa06b0742a440a258629bd2abbcae4e51fef1eff0abba44c54a648045fff9c6a73a3e44c596cb5d2ab0ec5200991d8fc7c9649278fec25cd0c255c8a81f770b63ede4a7d3c92e4590c82a4070547ffbe14171623e9fbf3e9ca20f8964120592f3f93c9d4eed7f5fa9e2cfe54a9812f84145aaf2b58100a929582e979126c2d181a6d0c2fd8e511b8ae8aefb180e877629c2b3dfefc92a40404ea793a282693d8dafafafd76762c42fcd17f38c14bfd6d7926a95fb7e5dc5fdf2815c980b5ad410f903b04eb7dbd5ab9c87460d6c361bbb5b7f7c68afb64b11063544d3e9d4f6f2761980778bdc5454ffce652256e4d27cd51f2aeb7f7e7e76bb9dbfbc724145f4a7992f4f50018af04fb9f02f8599ed766bdf075493fa0eb33fab3764d83004c937feb12f02789ff8b8c7783c7efdcc65e463cd5c32f3929a03d71628bd54e5ea14006fa1324e8d927f76c350eb11e6f361812c2e974bb7db353bb3fec144e2373229c53f636bfc0ef0dab7007807b58c3a38fd0a4011e2f5b395e66ca8ffb10a2dfe5c32f73c2cbde7f53966009a40edd56ab58a4f2895afaf2fbd44a987ca510fe8fa4a0572bb14254a4c296e0e88de405601de4607a13ba363bc7e4be2f8d5b16a85dd708ae1dfae911115008f3a1e8f6aac7ecf77fe4bd5c6743ae56a16548bfa41bb077f7c30b3b14c892945354ca43221ab006fa0e3733c1edbe3f22a32eef11c3f8418918fd5eff5effac5392400afd86c3691db8148abd522b1a05adc5c032570759476298ab4582ceea61483ac02944d87a27f3e52c76a2e7720f1838a3f78ea2c974bbf5d508c61c20680d72996a8118b8c122bb18c79360b2a42fbb0eb97398b57b4dd6ed7ebf5ccda366ea51483ac0294e7783c469e12adff7cfdece37ebff7476912efe8151972a9e25dbf00044ec9245282c8e7e7e76432e1ba38046ebd5edb5d9699608551c1139954929e520cb20a5092f8bd835f6f0de357a7dc0d2a59da0500785a6262917ebfafc687b32408969bd0c84cb0dce9c05715e44feed0bf2317d3de4256010a773c1e2377ce994ea7afb783f1ab53ee061586530094e3d6b35954a070350bc2c44cb082acd7eb4853a05898bd1120ab00c55afdfb84c75eaf97cb03a7ee5e9d62105400bc57e2b359b8fe1e61f2678271b5d5eb549944ced576bbddc4722505590528caf97c76b71611f5cd19873befca9840082a0002a1f670b95cc6afbf27b120346e26d8e7e727d7593d4dabce2f81a4dd6e3f772721b20a5088ed76eb86922572efe0a7a9bf57d76e3f94a002a06ae257b328b1bcfe6829202fea67dd84251e66ff84d3e9e4172a628ef1a7a7be9355809ca95dd331690fd0abbcbae1c84d87531288ff05082a0042f3f3f3f3f5f5651ba92b1585b9cc8f055ea75d51e5b5d933b970253ba591efd8b31db5025f1c3b25ab00793a1c0efe29c3761e37fb32fc7112b99540f405fcb9a1041500c18a2716953524168460b158d89df2e3839b67de9598527474eff77bfb8e17905580dca869736762443921af79d87e5049b9e9f07abd8e7c01820a80c0456e4022dd6e77b95c3e3d6304c885bbdc42fbe7f178b44bf1afc494d2ebf5727c460d5905c8818ed5c865f4b93c8adef0834a4afc502e724145ffc8eb3a7e00289a9a2f356ea6f972d48e8dc7632e6ec6bba8677717aef4fb7dcefd4524a69494d3a94f23ab00afdaed76fe8dc3bbdd6e2e839e46c6a02293c9c4bc4d5f80de1d40e524dedd58bebebeb87b2cde42fba4dd0baf979edaa58d575a4a31c82ac04b22f3bed4d1e678ea257b50f1df49a70ea0ba4ea7d37c3ef74f00195aa2f65645927d1f500abf7b7df4c120b5149fb4595c4a31c82ac093e2f3bef23d56b30715ff1240bdd32e05802adb6eb791e733885a5a1ec98292b93b40b4dbed26ef7b919bf748d129c520ab00cf88cffbca77da55f6a0f2f3f363df77ef9d005039c7e371369b45cee392585026ed696e0f6cec09c1f97ceecf222927a5186415a4d96eb75f5f5fa5ed8e5551e8bc2fc91e54d48bbb274e6a4b115400d4921a37f5445d1e7b8f37d96c3676b7fbf8c8f1de3995a0434ca588fde3afc75dc937ef21ab208da983b55fdaff6ebca2e77d49f6a0a297dc686ca7d3a1c306507b898fbd27b1a004ee59ecdae59af314201d71fea8a6aa8ef26fde4356411abb6ff220a4aba2e77d49e4ca93f47192f1786cded9a8761300482c289f7a6437b2a77fa477d035703e9f5d9961cc66b3b7fcd56415a451eb6f7650fdc32e6aaaa2e77dc97ebf77bfe26e50f1530d49124003915850b2c3e1e0ba69950176691ded763b7fca65a7d379e32951b20ad2cce773bb9f36b8202e61de972899b84ef7ee33a7fce6723299d8a500d03cf1c4f2f9f9a9ceeb2d2780517b2a00ec7ef6f191e3b3d482e2cf4517a5b2f7de2b9cac823b5c4d9c2f657405001d0f3f3f3fef3d06d29530efcb704d8356f8dd5fe12e53b99b6a00a009d495b81bcb1a6abad7ebb57d19c88fbbd05c658c5d54172a3f5c81218afd9b009ed84656c11dfed04a39d4c14c2693109eb854c2bc2f4389c8fda2bbb7d798cd66e69d59520d0034c776bbf527ae880a2f2ee743bef6fbbdddbd6a34b4728e3d8a5e912c90e9946415dc577e5cf1bd25ba9433efcbd0ef724337ea56edd21bfc91d9bba906001a68b95cba9bb91b6acf8fc7a37d197899ab106a30b4124f29aa7982ba2f335905efb1dfef55fd4fa7d3c8a87d0af53d7ab38e28f54385ce1c2b6dde97e19a3cb514e9bd69e42e61762900e05fea2066b3993f30ae7f73d93df2e20fad6cb75bbbb4825457f82945faefb82b713ab20a82a326403d8a9f166e51dfa3f4321e8f1560d458e432145bdabc2fc31f27499f15aabfce7db1bb7709030028998c4623d36c1a2416e445e581d9a9daed7615f7a8f88449d55d61de4589ac82d0658f2e869f34f453d9e78f9539efcb582e97f697ddbbfba19249f6bb8401001c752291017c120b5ee7cfdfaed64cb0e3f1e8573b126c4a31c82aa88cc3e1a0d4f1fdfdadf8a18e27326a99aedd6e0f0603fdec66b3491cdc2c79de97a89b74b1ea6efce07a7a007845e2c358def56c3bd4836a12bb3355e4b90edadb237323554a0575694a22b20a2a4c479d5a0a35100a218a22917e289dd28e328f0e517d42c9f3be8ce9746a7e9dbe76faaff3e789713d3d80ecfedffffb7ffff77fff67ff0349b736ee76bbdc280c4ff3cf24067eff86f57a1db9e784aaa04a8c2e925550674fcc1f2be7d4883fa8927e998a7294799b703d3d808728a8a8e9b0ff813ff1c4c2000b9ea3ddc69fa16d970646b590be9bf99286fe530bedcbc1a3094323e8985cafd7dfdfdfea9f22e7157cca0fe54c62f60755eca224fada2ed2703d3d00e468b55af9738955bd71050b9e70381c5c4fad32c32e0d8376e9c96462be9ba112a872cf4825aba089cee773e4e6303e353a8a346a71cc0cb1dc7baf8c832a91b335041500c8975a637f8045d1456dbe7d0dc8cccd8050e71ece94c2f97ceea7717db7d96c56dcf31e8a435641e344828a8eded56a15bfec3242fd997e4a0146ef7cb133cb38a8e22e53d137e47a7a002848e479c76a7bab58cfe1bd5ce8ed76bb6f3fb7a82a25723fe2c16050ddc7a19255d02cfbfdde3f8023f7fbba9b587ced765be94539e7a181978c832ae2e6aa713d3d00142a722b4835bfcbe5d2be0664a0cedd0d624c2613bbb474fa1a916923aa732afdb44a21aba041d4f7b89c20b7eef7a5f4f2e3dd1cd9ff915b947066b3599691df470755c42e020014263e3758ad3453c290dd7abdb6bbcebd739105894cfad2bfeb71ae9332088d9038efcbbe96817e5c3d96a28e2284d24b6468d5a7a62165b025e3a08a1f54f469762900a060f187790f87c3ea4e9e41c9def530fbf8a42f150f657e81429155507fe9f3be9eb6dbed66b359ca9cb1f8604b9641153fa870ef2f00285ffca2e4726e1189aa5397ed26137e7d7dd9a545d26e19190f549153b3f1c0fa6495f3f9ac222ffb9334de4e5f55fb718412b9fe0ab592dacf84cbfb5e9771ded72bd452ac562b35167edfe633832dfe37b935a8a2f7983708410500de450d7be466af241664b1dbed5c5fbf28f891f0759df41551edac52b97c529a481052f3aa15b55eaf957f9a3396fde2bcafe7dc1d6c117d935b57b6b8ebe9092a00f076fbfd5e7da869960d35e06ae4699f91c2cd8fd0dea25dc82ecd95cab91a4ffa8aa86456d96eb7e4937c250ef2c45528f31434ef2bbbbb832d8e56fe783cde6c36dab1dd123a42000884ba3cf580a67d36d4a7dc3ae50488db61b4abe4dba1abbaf0cfc38a7e857651fb721d5532abb873cf11aaf04a38715e1073ef2915ac0a03728d065f77cbdc4a8807a1a2334f09f3be1ea2cd6abf4a36b3d9ccfe2400200cf1c4c2000b6e516de34ab81c6f61dc90495f11d5cb2afe847ea9743e298189405a69ca062ad9d5ce6a8dd975577df11464d897cb9af77597b299f93ebd5e2fe3604bbfdf5f2c16258f050100d2a90df71b700658708b7f0be3d77712d5032a0cecc75dd578d25744f5b28a1b54d146b28b50bc4a671e2504936166b3d9efa0d5df908e14349134c2edb48997d4c71b209f3a42451dfa420008840ac4c16060dbe82bb5d20da91af110d54b660f49b9f96716f3f9dc9f2d52fb495f11d5cb2a76437d7ca86eb68b501d21671e7d19753f26c9e4980dd481d95f70e3a98e7a836b83f41d86c3a1f97784020fdd2100042232c0a2669c261a11da1fdc4ef2dc3dc1e267331b38f3b07a59c55575fa875d84668bdfef4b47b296bc1e84dccee6dc9a752693c9443947314c61cc8f3afe0430bbe85f2e9ce80da601d2ff2a2f29cbc5a78ad11d024020d4144706584c07c4452c701451dcbef168df1d1f4e69e6248bea65156d39bbd1b85805d9eef7753c1e7fe77b79b72e505f6213c6d7573c90e4a8dfefbbcf57c6d07788dc4bc0ddfb4b12db20fd887e3012baf49924160008815a697525b675be6a6c4d893805d7dedf630cb25fbcc0708aaf7a5945dc896a51d16697a2799454fda4317eed7e5f6a1a941c9464d49aa45c40920b373ee32e65d11f6296186a954cac7297d628a5bbf6ced08fe8ab6a25105a00e0bde28945cd380f748668dfb0fbc4c787ca0cbbf4368653222a9955548fbacb9544651fd7ae3490ba01bb075cabf6378eb0998b70142a142ddc888ddfd094403146bfbd9c5b05000012452e6269b7dbea1aec6b683037535dbb444a826538255125b38ae18fae880a35fb02ea4ec7ad3bec2571de5708dc2eaa6fa8fdb39c7b09a81d3461c930770b1073218d30080300c5895fc4a2ea9313490da7bdc24da350316097fe8be1945b2a9c5522a32ba2d290f4597be7f3d93feba02e21cc4176354caed149bc55b162837955e9c52e4abab4466cecc8fbd9a05a8d45dcf70c00a076d5d5a60627c81b4ebb84dd153e3ed4cbdba557ea82954cec6b57ec2dbe0a671543dbd23f81410cad3795f2fef19ce3b36073e706556eddfe4b5fdebc414d925d94d97ebf5f2c16c3e130dff4a2756b53518c7e97094eabd5caa429e66103400a35926ade39530ec7ddf6537b828922da4922b3845433b09344543eab88b677e49114f3f9dcbe861ad1d1eb97e6216fe5bb832a0a1bee0df9b64adbed560d9f9fe88a66c2ccad5b360340931d0e87c894304e9937966a0357c66837507fed0fbea92aa07c4d5487ac62442e6853e5a47dc2be86ea5bafd7aeb8d73f02bf5a317d5045bd94bba357bfdfb74bf3763c1e951c227d6484194829eebe67fa58f3f9664c46edb2924c98171701407122250a032c8da57ed9ee04ff52671d79a4019cfa6415513851616437fbb5a255c94862a901f7282551731f7e13efce94240eaaa86a37af6a172da1705734d2d7507abf7559bf5669ca91a26f789df3f57bd3647df3d9df8dce5e1fba3149663c1eeb63f5e1e6b730b50c402da98d8d9c3ca24469a6c8854cfacfc04fbfbe5dadb28ac4e7839158aace5dd721aab6c33ff1a082db7d5bbbc8a35dd10d10953fdaabe0a15f9a388aa26ff5dcd35a4c985153eb2719f7373e47abce7c8ea143581faec445980150699101164a9446d96eb791d37ceae0e8d4eeaa5b563154d3b8393606cd4115e900f6cf42a9c2aec4219d7ed1bcf643f3eaad6beecba135a974311e8f2327780cad6a459ad76fb269628c5a67250d511652bb9c98941ea5b5a77d439fa9bf82a914002a44a548648045250a17b1d49b7ac3c84637b4e999fa75573db38a9198585447aa78b2ef40c0d49afb9b4f656e55da7157fdc76b683549da09cdab89d3c3de227ea4389d4e47878cde50c4ca3749461f6e92cc7504e5f9fb3277bb5dd20b80aa8837bcfd7e9fb2b57eceb13b7da99b5b2c166eebabe7b26fc50d75ce2a46621da66a523b8a7d07c2b3dfeffd8b2b120728c2a4e2db7ce7c409606e4841ffb08b82a1e4a0834269c17cc30845ace170b85c2e4bee4a4d9ed1ef550831c33289034189cc9d0322984e06201c91124555ac96d8d7507deabc2227e0d40799ae67b7dbd9451f1fabd5cabc1f89ea9f558cc4c4a292c5be8c906cb75bffd8d6a16e5fa882940960f3f9dcbca4ba5f25b85d1a1e373decd610873280febaf78e5d68059aa9650a302f4e2a53cba00c63c66444fb9b628c3065144039d4f2d8f6e84ae52cf3c16a20b259d5cb44ba7e37ded26eb7e971523425ab18fbfd5e7b867fc25e7b927d0d6158ad5676db5ccf30a91eb52f5444ca0430f752f997d43f4d7f8562c9ad5b7e6903299b0592bb724c2f11fa349364369b4dc821134075fdfcfcf883c66a76980f565d8a9a2e8748afd7d3f6b5af79f436b7d1c7e3b15d8a98666515433b872a0fb37388f68fc47d08e553596cb7ca750ed5ebd77697ec743ad96fff113db2b48f99e58973c3c2a75e73b95c466eb2e7a85b55c80cfc44a06286b6c273d3c922f4b30a698bc582a603405ed483a86db1ad4c35cfd641d41bfa9d8b0ace94ce519bd8be8f9960b73531ab4824ae88762c15ca81175b35a635aff2d16e8ceb49882a9e5272e751f4fdeda23f2973c3aa455b6a737d5a4bbcd00f6a98253b936164feec0364cc8531fadbf5e3660a1917f703788e9b2d6c509954881affc8e506e941c5188fc7e6cd81cf0f7fa3866615d1de133f49ac9a8322a37ce7f3d99fb4a363bba2173dbbf23d7e71a47ba94e3b98fe1635b2eece664e258659b2dbeff7daa0ca21da33fd19a459685528c62887ebc7657b7d727fe5060c0194494dab7f3248ff66802570ca18f133e019afb6555fe94e8de91f44d3b8e66615237e058b6809173995e6783cfa27b02793897da182ecdf109b00a6ddccbe107ba906142cd522fb1bd130c32c2acdedfbea421d89fea8c562a1bf4e39c4feb54fe9f57ac3e15019461f58d17c0ea0086a1022b5afda0a2a930069a3a82fb01be9aad56aa9557f2872a8487067fdb87025aee959c559fdfb2859518061ecb568bbddce5fed15bae83ceed6c52ada85dca0b04a5bbbb48e6e0db3b4dbed5a8616c7cc227bfdc9fd6a73f48326bd883e501f5be3f506205da432d1bf79dc425054b4444a477576cf454a6d59fb111f1f8cbd479055fea3dd2b721a439815561c9562ae9ed33ff49ff6856aba75b18a8a4eb35c7f6313a6a2de1a6691da8796381363cc0dcac45cd3efcf78cc85424ed3562cd0106a51ddf50c861a106ad9b7536518bf34e5c5ede24ad0e1706817e18aac12a5fe5ec584d95d1cea80dcf9a7103e3f3fab1e0815745dee8a5cace24eba547ad4e8096ab5e3132c8d068696445a458ae86628e689719838ad587d1497c70035a303397202a8691d4a38941ed568dbcd70a5d092cb05456aabed2732b4f22fb2ca4df15961145879d16ab4ebf47a4ab8067791bf35a8a2bdc52cd7be6417350fa1252333082326698cc763050fb12beb65da39b93c06a8a8cbe5a283d73fa9a1ffb4afa12cca24eab6ec06b84e97c83734aa89369fccd08a8fac9226715698684fe5fafbe7a8b5f55769bfdfaf47cde41aafc8a08afa12b39cabe584d0529094159b42ef5710d26ad75ecaad96814a381c0efe2452e24a69e205a1fe33f73a90a195446495fb6ed501cad3249687685df9f33b47a3513d6e5da022cffc45da49eca23feeefe5194f3e424b41f2ba3c463fa21f8ccc256bc2d55640f822a7fcd496d6a3270dd972b9f427daa89f2aee0a5b8656e2c82a0f482cb09458545ad18bdfa5b5e7afba59c51f89e8d30e90f847299b99e5c2949b44849632696de772798c4932da708a31fa406da31a4ce3042a241257b8095071d4778fbc07558b3aa6423b7435d4f63731b4f287acf28ccd66e38f0f18eabfebf4fcbb7c6db75bff9c44cd06195ca91de92df4679ae5da37ec22dc4068299f198451d850e43001e6c50ce3d3a61c0e87f3f99c0d071441c5863b016fe828a602c9973a26ff9606a56542865622c82acf4b4c2caac855723131cca792dd15405a3fb9dc2e231ce7f3d9fd6976d11f773246b5a05d847bd2438b5ee2147e09f29a4be6e867b5ed948b681b811ca97bf5cf0332c092a3f97cee9fbb994c26a545417f6885d33d42567995da85f8f3eff49f2416c3bf37b10ad0fa0d68aa9e337fdd6030b08baed4a8b92e84cee30929a145a533abf48d4c92592e978a31e66665899be916bd593f329bcdcca80b13688157a8d2885cf3ad838b59c7af50bbe40fa7a8a22beeea945bdc4375d460367cb84c3d0559251f6a17e2cfbfd3feddf0b92b2a65ecbab8de2fb596e1cdfd8dea1eeca22b9761daedb65d84a7a896d54a8e1c5cd2eff7cbef3f9091a2a69a4475b7f10d97486f23c0004f8b0cb0147af1778da94a895c9da2a6e92dcd91be8936a2f90e91eaa239b4e6ed78be5d809c244e0c6be6847bfdc9f6effff8501552d7d33c6e5e69a463707ffe743ab58bf09add6e17e945a4d3e92c160b4e22864c5b47ad9f02e76030f0cba9bb22e3d571dafa8c6003467c80453d2fb13fbbf97cee37506a7fb4e48d631a2a2aec5769e4ec0cadfcffba00bb0cb94a4c2cd29cd0e2862f45ad678d47305dd3e67709ea33dc31c66ca57c1d8f4795a7919257ffd9f031cc0ad191a22da57e6876bda03fe3c04b0a1d6bfa1ce558c521d9f2b47e34980a5c773eded0b1665fc30d6a31220dd170380ce124880b9f2a299b3313ecbfe194abdf6acabe8202a44cb8af7168d1e1e49fda5168a9f70166ffce7f63bfb6bb59a8f6c52e42aecee7f362b1881f5ce6c8a24ead9cdc038ca363506587328c3e9ff1373481f6731d47f600b8d2fe6f5fc3bf1448e293bec2b903907fdeb3211bf19fe194eb646ff50e6495323427b4a8898c0415fb427dd93fd5cb2a7ee312798c3d72b75eaffd13308e991de40f76a17e6e8d603f4a7b8b1a2e9502da9d1808453d444e4e1357e254160735e92bd172b9745fafde3d5a648f359bc3bc44562955bd438b828a5f3734a465b47fad97551854295fca91d5ed76b52b72a7e31a530fa79633c73b2c8b761b7d08d7faa3d222d31c1a7b8976dc6eb78b3411814cfa4ae4beaafe6117d54ee2708a7d8dacf22ee9a1452f057bccdca25ad00f2a2e0dd79b3693fd83bdaca22d689630a8523e9595cafc6e13f8b47f2e160b424bd3a8b15dad566a54953decaef02cbf2b55eb4d9841f82271451579c36742c627c80535e92b919a17d7f8a817b34beb42b931323cae0d1419dd22abbcd9add0a2fdb2428945f59fff27a832b02fd49db691f993dd108aaa16b3442bc42cc15ba8ef198fc7914bf00d9598cbe5b272a703501c9502665866341abd3220634663cc7432d16ea60641d8d9f0462afbdcfd2a457d930a0ffb5ac3e830f7cf64995946a14dfa4aa4f6c47de7da9c7153c3e8df8749d48426cec225ab842231b468a79c4c26819fb1d3377707bfbe70e4d6bdf5161f42d1f6324b186d0f84764815a0da33cd76f1a9a654ae6ef859462452abab8ca13a4607b2e2877a50bbd3bc4641880bfdf116aed895a6f5d4a2b2d81f5f12fd6785864315a8dce083beb95d5a596afdb443fa2713f5ef94f9386495e0245e2daa1e4e455580e95f41c5ed6d6afe021f48cd9df9c3c5fca75a43571373856e5074ece808f24f2efab45c3d7725ceae2110058599449d4e47797bb95c56a8b44280545df8d5e1743a6d42a3a7bf51c7a9ff87b7dbed2acefe505161ff802acf5e89a71451fb963ef84c5609546262d1d60d6a86b492892bcdf5dd1a589d9bbf5dcc7fc6a78421346a2855f3e938325bcaa79d592d66d34e37224726c0980ca3fed8c4182934c964a1b4c3780e44bba8bf37f6fbfd7a5fc2a79a3e72f9e2783caeee21e0266ea8e2aadcccd2c494a2bd518d927dc76d6495a0a9fad771e5f240226de9b7dc404c69ca0f2acd9cff6afe7c31ff199f128660a9a15768899f1110edcf3aee181943eed44eaa789ae671a17f41946a4cbe7214e0556118ee0a1c6190a7a25432fab3a1d4dcd5b2c3da6eb791e65dc552d55bf5cbe5e2ca0c1d987669f012538a9a9aeca34364950ad066560f71f7cc9cf6e0d2428bf630fb5baf3b5c63efad6457c135ab68cd9b7f6b8598575109da7be7f379e2f1a54da9972a77fa0a35a384b3582c86c361a4b36f88876a1a64a4dad1aedf2b150fb569e874bc2863db3fec4ad5516d6e9fa50c66ffaa8f8f4a9c238e4cc093278e68b24a95980906daf0e933a47558ea0dc5cd43dd6c36f6375d4f543436a8885d0bd7acc255f555a7e34bdb4ecda8d98ebec160c0052da8aef0c773d2b55a2dfb97203f2a27dc497ad14a5675615fab265523a37f1f42af3f4aa9acba93be12b90b2ff50fbb2848ea5223b7557cfabc0359a5f2d409c56f2026050d77fad7a8f47abd9a35010f39fdfb7015d7e83377a8eab405953ce3e7b0b5643c1e33c10f7931532312e3317c3a1eed2a43aed48b45e2ab7648fb5aa5e80f71d78b3a751a2cf2a9eab37fe1c7473953691ea5d0389bcd5cad28aa485f191d25abd447626851ec9e5f2fc4b76f7a8d6a38b7f3e9173539a8886b19cd95f4e6df625ec5bb68b7d40e2fcad5ea770df5c729281681f7d231c844af77d9fc7b2f1f3598f6852a30813f726aa95af7237e827b2c890e9ca006fcb52ff95743492ee375d45535a4163f715a73bfdf5779bd5eaf9f9bb5a52ce43e56874793a77e196e20c59c6837ff16f32a1269b7314162b95c5e43c4b7e2b44d0c314408e08d5464a8ec509dc15871eda9def54b4c950ae14f79d5375c2c16916a47a14bfd8b7d477d9d4e2757818430ed5c89510d45bccb56d9994b68a4aeaa27edc791681ba1bdfca14bcd5462ba03434d034145ccda10fd5b8da3f9b78e55f36a681435f525dd50c3783cb6812009210128878e35c6131082485c519519f204aaf57a1de9a7f49f8dbae3bcfe58fb97bf75e6b9aa4125dbf8f9f1e1f5a965f64d2f23abd499cad3e572a9aaf4d655f8da99f486bba957fba26b14b447ea63ed0bcd665688e8dfefbdb0dee410553c0a216a356ce0b86a60ea50a8367fbbbbd7aabbd16a5eb302522e68d1724e4203a8a2485c5183a666d3be160c7da5bcaed8ae3ab7b17abd5ef9e3602a3cdc543447db625ec0cd33c92a4d713e9fcd3975d570fe054f86ca3b157689b9453fe8a28e7e30c096eb5dcc3a11fddb0d3ae55ba79a106298b25bfc34627e6985685f32df5ca1cefc39e6afab620056dfb05eaf130730f56716d15e0340d1d476d986ec4aadb47de1dd549f0cff6e81653c3a43a466d4c5b872aecccdb4d96ce2e587026471379e21ab34916aacc87dfd7c7e6e51507197dce99050dab11f012faba8d436ffe8244d007357685c2bf33b93afa4a09110b523fa7037d4a036455f8921b25ca8c350ef9e387aa924a33c53fe192f0078da6eb77327e0440941c5807ded1dd4c64effbdcd970a127564effd562150a9e656485e13076e5147b65aade23d9d768fa2671390559a4b75ea43cf176bd44cd02cec7ab9de18d1fc43b94eada7fed3a40eb3b004e6d7a929d76f575342087917e68601a807c5007fd058156ad1a57022d5c7ead7228dea783c66d4da7133e2f40fbba800f3f9dc8fafa274a40d51ced5cb6415fcca925bb49b6abf6cf24962ada5cd66a376532baa9ceb40cc6088b8f110d96eb7d7719adcaebe40be7480e830d14e62b7a287b961002a443d8e6dbcaee75c8a9be49368b55a45ea63f5869c898b5025e066821531234ec546642c457b82768c323b32b20aa24c6e49092da23a6cb95cd6b2e44a9cb2e5df7bfe51fa597d82d698f940265f35870e101d4a8973c3b43f305009207ceab3fc7a603299a80bb3af1546bf22d2edea3f99857e8b4a0bb396145a721ce8501716b95ea0d3e9a8f62bff8435590509dca42651b1aebaea567451f3a16aac5a27f87598fd66919f1f7d731de1394ed932d78b330b0b11da1952e686b1ab000899baf8c83997766117b5eb77456e58a2dfa5fad8be8c24aa6a5cb4d3dab34b9f72be3e5b333e7344bdd5fce5473a3e8dac822817d04541c52ebdd65b7a2972aac35143369d4e839a916f32898eaed16894cb942dfded667864b3d9686dd8a57f7424db5f0cdc9032374c1d3f73c3008449256cbced526f685fce831a40ff3ca9980be8cb3f8b5f45aabeec5afbf878ee0ece26a5249e985611f5deee89ac827fa8b2b7fbe675efb44bff753c1e97cb65e2ad5aa57dfbf6c745f3c349e2c49b2c1448324ed9b23ff0c7cf75400ae68601a8227585d3e9d43ff7a75ed2bef61a75dc912a59b985d3370f71494f6bf2a155979252d44fa904b2ef7b1fb20afea32c6e77cfeb30e2dd9319dabf5557291824eee2a2dca2da4b6d5041fbfa73e1a4d56a99495f2f4ed9b21ff7e7b933196832ed75ea5d22178f8a0e281504e5dc5f05001ea29ed73f59f9625c51ff1be9bef5e14ff4c8d07671bdc9ad73cd118929455934b47a86ac024bed85bb9584eaf8bb412562bbdd464eb7c4f5fb7dbd47f1e6b922cc5cf56e2e32d137cc124ef41b550b2e97cb2226a7d9dff147c7bc7d017890c9fc764ff26821773a06109a5ce2ca2976e9768f0be85fa3b56757e5c7477ade334364e1a71483ac825f8a016e975563f14ad97d381c940d86f71edba2f4af964e0d9c0eadf860652496dcba4826aed07012617fe555a1f7354743e840d0ae1b0fe1dabb981806202891b8a2c2f7a1539c91495ffa774117eb378dbbac48ffb08b3c2aae66b359fcb472b029c520abe07710d095478a10cf0d7a24527057ed351e8fef8e8198e8a277668f254699e124c27e83abe7ce2a0189b433c78759d497a82f67f80e40202271451d7d968e383ee94b5d3f97a6e44575975dadff0eadacd76b7f633981a71483ac82ffb9ddb7d56a1557f1abc6da6eb7aae9952eccaf7b94f2ccd7d7979289198d491fdf2c81fd5a57e52725d4def1788c8fd1eb3fd5af97fc44360048a4b8e24ee41bf3db77b68d4ffa52685174b12f23276e8ba8dc3a1c0eea47dc752c8e96a89aaacaca27ab349d7662bbe77e7ce43bcf4459428781f2baa2857e8b62c6d32945212ac083ca7eb92bbb08c89b42fe62b1880fd9135a0004421dbd7f5665369bd9173cf1495f29a906af502674971fc70d0683ca4d2aa6c66ab4e5726977de1b8dcb43144e4c26b19ff808355b3a7eeefe78fb7d37448eb3dfe9ca2e020aa3de2531ed135a00bc9dea63bffb1e0e876ec26a7cd297fa71267d15447d417c0ab1a87c529997e324ff32516335d7b7f7ccc7c46bb0b2501b646e191c3fef7b8b4a2bb568fa8dfa028bc5429f109fcda525abd52a3dbabc3db7d8ef719dee69170105336704120f37420b80378acc075333b5dd6e23753393be8aa3622c3ed74b7abd5ed5fb05b24a434dbca7c36a3fbe7bfb8ef884aebb17c1eb3da237eb47f483899924a394facc30b965bd5e9779e5b1fddd790c49018f22b40008907f1ad4a77689495f05391c0ef15177d73ba8407ae8166d0122ab344ee4ccc7603048acefcd8ded1436ecfb32d0f150f45525e686c88a2589270f0c7de7c56251c2608bfd7d5c588fb722b400088a8a07db06fd51afcda4afdca99c53f3ae46debf3a45d5917a0495407ad5554a0a90f667aa89acd22c8a257efc50f3114fdbb76e6c97c88c9cbce596c12ad1944994bb5490d96ff3af6eb7abefb62decc152f6d770b10ac2406801f05ef13b7d19fd7ebfa2574a04486b524557bc4e5362898c5ca946722f553a2b52663588f66f7fe296aafc9f2b056e5129a3e0716bbc422f9958a277be38a1ab08fa323a446f4d4b53a1a62f3f9bcdf41e7df3bc865ceca793551018420b80925d2e17f5b0fea943fddbef94f59fb43cafd8ed766ad823772970cced89ed5b3d6e13e867eda20aa2cc6a0aedc489b54b8a2aded8ee743a294a8d46a3941bf6193ae05f0930fa11fb41641584ea6e6861fa2280d7a95488b4336ed2977a58bbe84a2d527c36076e399fcfa6a4f143a04f5144654ccab963e543fbd67f1f0d592d9459f567ea955b3b7a5cbbca37b6f36db7db5b85da2dd9038c7f7302bb0808554a68d142eded4ccf00f004759491abbae377fadaed76fe940dbd81b324e9547ba8594ebc49bdb45aade170b85c2e334eeb72432bfa29bba86a28b36a48758992f4f7f7b7f6cb944a5dbbafea72bde73a05ec5b3fa2f6a5bab13b850e7bfd693af21542f427df1a42bd45ef1fc56e8eecb7bc761110bc94d032180c56ab15a73c0164a10e51f5836d3eaed42d2e160bfbf2bfcee773e4cdea91ed6bf8a3559a728255cb2793c913f3e8d4ecdb8ff8f888c4c8aaa0ccaa095382f87343e33e3f3f037cfafbbb3c1760d4169bdc62fffbaad297aca19976bbdd783c8e0fb732370c403a7579aa376c9371d56ab5d493de7d66c0eadfc7db7f57fce65479d1fa54c6bb5584f4fb7d152afea9d227b8a0a82ad12eaa14b24ab5a59c258dd07b98e671d77301466f26aea08a2e978baa87c4fbfea9c5d08140a301c0518ba1801139c7311e8fb3f7807aa7fa56fb93cd8e2b29cdafd6f06834d2ab77e35f466ac9dd45bcfa58bbb43ac82a95941e51949b95a15540bb5d534b28a69fa600b3bcf75017d1ab6a74d4f26eb75bd636aa453d9992496293c2dc3000a27620d2092a75a81ab12f67a6c6c42fd01b18577e7e7e1287b555b3a9d228e86e696e284c1bb172ed3959a54a52228a76bec8fc2e1dffe625edfd2f8e1ec2d126300f7531eb3685b688da71b547da10fa116d1a7feb0061626e188008755e9119e6facf579e5dd6ccb8723e9ff597a69c12ca6b1425913edc45cd79d52e1622ab044dfb96da08ed558ada19238aa192c2bee3e363b95cdaa5c88f5db94f31035f6ab3b4e10a6d9b80e7a44c4e5043c4dc30a0210e8743a41d50d5914b51d19cb8a2bf74b3d9a8548b9f03ea76bb8bc5a2b48918fa5de6f7b6aaf66848b24a7054bcaed7ebf1789c184e8c5b11c5d081e17e566d815d8a5c99d52bee6cd3743a5579a7fff527e366a18da5cda4965acd19252082c2dc30a09954cbaaccb047fb950a5cf553391ef2f58e2b5a810a75c3e1d0cdc67754c2a95478cb841757b168e3da455540560985f65a45def432373da238ca39eefd5c385110b38645cdabf98756bb7ded6abfdf6b4b2976ea0de64a7d89b759717a8fde69920f536e1088f4b961771b25005571be4e558a1cecaa3d8a28272271451d5fd54f7fa8eb9fcfe79129734ea7d351cf6edffa0e9b6a3e1a92acf24ec7e3517b6dfa108af678b5114ae719cb567f472ce80a2da832336b581bceffb77df91ee55265181360b2a417ed03da49d4fce97731670c6fa432424d965f5b38daffb54b73691c505d892945c77ba1456d24ae742bf8a4c8bbb59cfe28358f81640377c1adfe6117058fac52b62cf944bbf5743a7de2c2b5d3e9d4febb764abfc22e45dedcc8b85a1fb5b32e6f3c77be44ed97197e5174899fb78ed39ea377aa71d78f8872ac328c308686d2a4cc0debf7fbda2709d5408524a694de6b17d067a76e3472c71a352ff6b550a9cf5d2c16b7ae2536d44dab31546b697f260c2a395cd1529533da649532ec76bbbbfbb4761d1dab2feed6eee4847e51d5075243e602a139fda32d6bfe531bf1f5f3ca8a1c6a04d56d687fc8f8809708158b6616993e442d913e8dc21105d121a0e89e98b1755c2884dbf7010852624a5109f1dca9b757e837fa5f43dfcabe100675eefa86ea58d5c3daaf98447f8269fa42ee76f557986fab386a17858dac5208959baa11cd241fb343245269ab74319fcf7319f1d4816d3ff7af864641ec5afeb0878f9a249742952e724f89e6fc8d2ac2f4dde92eb54afa0435a3da5564bbddea9399b4835ca86f76a1dda79e5bbb2e2d12109a70528aa3dac9efe6d443d917de41eb47bda45691be52642d45e45bcb9540ebd9fd45cb2adc2a96ac92a7e3f1a87c9232782205edd33a9cec2f68ccadcadfc8aee8bfac22da9adab26661d1b3eff6d7abf6457b91b6b589c4f2dc208cd3eff7556baad922bde069eaddb50b259e7754c3a8dd35b4e91040332d168ba0528a73b95cd49db9af54fe0c912c859ca8c3555fafd558d11331fae6e60f6957e1d19064957cacd76b37ff2a4e3bbdaac0e2f6693fa8e86b30fbab68765d7b5945dc912fefbd844e6143494625a3760ced786af7dda4b58cf47e720b5ea13de7567faf1d522551c81324801a53ef1039b115484a71fcb3feea894a2b69d20b397d25bdaa5e552bb006cd97d6aadb0dd456dba5a122ab3c4f5b7a737dbe4f6221a8fe589b5f6fd051677fa0180495f2d9d5fd6f5611d7cc85797b0d9361cca0b69818933ef556b47beb6de6ea17fd782077324155689f1927ddecb8d56a690facca959d400da81ad141678fc0abd0528aa36f65bf62c177063bfeddeee85621a7be4f19a69603c26a7ecd9fa9d6b8e84af545649587698b6acf5631eae6fcf8d41068b7b66f2d9eca47fb8b092a25b26b3c965554c7db172a75e772435f78b15868c78e979571eae14c1a9f5fefa4ccf00bd2a96952c3a8bdcbee401e950893c9840c0c144707a0da6abf68513baf25f6e520293fd8ef7a95e3b97f974f12077e45d5549985dc1ba91f377fb2d6865d1424b24a56aac67460df3a09ad3d5eaf961c4c092aef62577a2cab88abc6c21c5ac9e8a1dce274bb5dfd88197e61860f12a9915c2e97912928861696df8a02b5b7dd6e2345b90ad34a1c684a147e1fa4fee5e93ae76e3e9176bbad4454cb21945baa728295ac728736de743abdb573f77a3dedd96fd9c0049537b2eb3d29ab54e5c8cf4e7f85b287f6371d085f5f5f290dfd8bf4c9da93f58bd6eb7545af56447687c3417b54e2bc0bed06aa2a68d38017a9ecd6d1648fabab7ebf5fadd65599caff135474654c59e7f3593dd77c3e1fdd7b5c843e5f6f6b6ca7e3c6af42be7f315925998e7085905bfbb7f6ece55b9fefe35fc6ad2f43a75e32bbea93b28ad46368259d09306adf759828c0249e267f9d3ed64c175680d9f0a0989ada6eb7ea2ce3536ab544cbf5aa7d1f80cc5415a8718e4cfa52dd625fae1af502f6cfb89ed5ba751e503166bd5ea70f9e08f9c4a795e6f6935590172f0959254a3bba1fe29d76bbad0340afbe3d18e8e8723b1641e52dccca17fbdffff287565464dba50d70381c748098f4e2f791b9330f8a21c3d489da317593b7da5e6d6bae890232523b1c19b1d41154f5465241cbfe31d7dce59fc55017a07e47fd827d3909f924853bfdaddd26cc9292ac62a9bed4c11c9f90a02593c94447827ddfbba9b971270cfafd3e41e52dccfa17fbdf316e50551a15575ea162d4dca36c341addbd3b592293611cf54cfa3475db744e15723a9d544fdcbaa045f54ac619204003a99251d3670f982bb5a5b746212a471d847ff98a6ab6e18dbb1c19ea1154bfa9d1a00b48a74ad235b95aab7669489a9e554c44491c2e54a1a32ac7be2f186e7e918e4f4e34be8bd90462ff3b4647be7f8658b5977d018fd01efef3da83627c6a8b492f15a2c6f9d61de1d50c6a2372a60670cee7b38a197b845ce9d809b08679856913ec9f7783f289e2d96c363367be44abe57af2aac08b2d9fa3efa3ef16c8c917fffec50186db8666959488a285aa2cc33c75e78f81d6ac0daa16bb0d6e671589c4154e06e728af0c63ae8731d4059a8ecd503fa75f6104d870378a3a516de5f8d9d3cfcfcff178ac0d64df0734951a43bf0dd4c1a262bda293bed4deea9057233c1c0e434b17e5d05fad0d6a574789dca970952e7651309a955552228a8ef3a0e67ac5a93e73bdb5fe0abb14ef60b682d8ffbe4171c5cd657a4bd3d364afcf28bb450d8889373a0cf5f95c30530eade1d56aa5d56e3783475b441ba251771a058cdd6e1769df54685668ce859f4cd22f38699af2a763f845a6368a5d1a864664954a4714c39f4da88689c90fef653684d8ffbe4dd59579a76a2cbb086f525c7a712217ccc4e9b7cb7abd66b8e669ca245a8789edb936ab8e3872239ae0743af917468a0e8a574a4c1d386a974c72505da4f62af128cb8b7fe5498e54d499c656edfcb5b9fd5e2e97fabb24b4d3195ad529f14cb1c1beaf442a95cd6fd7a60faaceac7356a94144715c93a4c39bd3876f67b685d8ffbe4dadbf3b51a146d32e4518945e4c1f66cce773d3b789b99b9953e8093f55d8fa1566129ae956b99c260bad25adb478c5a3234e654a68e70581bca85b515b11d9f3bbddae5aad6bebf56b301898b64bd223875e2de8dc4d2ef477e9305fad56f1c1a2c8446bfdd5f6852a4829508db74cc4d2aee5261306759d6d0db38a398ceb11510c776e5ee8804360374686ac22dae5ecbbaf93f71813ab81e3f1a8664407a69a1a95c5aa065cfb9e2f1363d20d87437d0df52bbf79ab91176facd76b37d3daa78da223ae42f361f0160abde6d811ed4b3a9a9cec15ff2bf4c9f6775c15f78bf02e66139bb67a7ceff12fea53de58272cffae8b6eb55ae15c675babac9278b2412a1a510c856f77625efdae5d8ab7329b43ec7fa78a9cfbe976bb9c356f1a936de45afffcf655a628b1fb4401eece4633dc3489c56261be61503ba78e1df3adf4f5f425d58cdbef9dc4cd9205802a523be6628c1f6f4a3e15e5e611a883b08bdead265945a5c06c368ba4944a471443e9cbedb87d2e530986d92262fffb1e6db8c879dfa0465751a8d3e964ba19b9e6825fda1fae0536e75001000f889c8af23b11fdfbf5ba77b7dbd98ffbf808e4bacaca679575d263e6b5b556ab957d4795b93f4db98bcb54c261368ad8ffce46fba41fa755b0da17f020657853fa1ba6fa375c06905c62803ec47edc830a9a1506a0725aad966916cc2525ea0bd470ddad0297ffde89d8188fc7018ecc9f4e27fd51e9b39bb41254d2cc8b7972bc7ebbfd3585f5ad6678dc8cf16a533e31906bd680f971894f022a41c630e3ceae2a17d9456f55c9aca23dc61c15f1c3b8362945b443dbbfeae3e3ee8e8532d9adf260561135e86aa1ec0fbf3baeb88a5f3da2be8998063497123f5d3c0094f04b01e44bc5960e5e3393d0dc1682736ab950351fb9de5dab5a39279ceb07445f66bd5eabf04da9da0bcd2711da0fed6fcdd6b7ea2b2978e8a7eef63e1943853699d6860e845cfe58138dcc6dd9c4749445c71bad0aad10732cbbab0f42b84cba4a5925e5a279d1f1a0c3c6beb5fab473d83f8c13f0e1b11b264356b97baf8f17e9934d13f610d706a12ab4c9ecc6fbe3dff347d4fafde6ce3fb95c506e3a4bc7fea62b77c98d61bf6565f9f730d001ab3fd04d10a7f8469954e7a8deb5fbe5951a79d58e21cc005777664ae7e17018483e8950bb64bf44d233cd14aef4fdd572ea30b76f7acd1bffd25b4a2839f4f9e567e66a64159352120365bbddd69e57b3ee447f8efb63d528d8a5782b6d94bb63dca83d3538eae7cc8964733d7a20d379c3e4a71d7782d0b8e602abe89385b9b8754fb69406412fe90d6a34f4f79a3019d4797184464d8a7f2ce8df5a625f2b9dea6fedb4da75558edfbd69fb1bab763f4115da3b9bc3d99ccbd0b15cd1963fdf30a3cf2927ba849e55cc6a8df4640166d91c5dbcc73e6a3f504eb32f209bed765b688305437be9b554b3fcd3fcee9cb4c14d63510e178d56d7db498b1bff09aa4db87b97365a30e0ae17cf71e8281b8d464a83b5ac249fa3925b2b44a9efb975ab551a1fceca45a059e556f2d392da5c8e728b9b73a948c621f404baf92798e102c30c1a1866deaa41e4402d9dcf67ede777cf1c03a83a7570b3d96cb3d930c299916b185593eb3fb5ea323695f996eb616595942b529a90524489d6fec149b32d91c57c3eb76bb00a14122247be76754202503e1d68aa63123ba0e170f8c4f590669cc70cf298119ef8fd6000bc421da80e4f1d622aa3ddbc2c1d772d1e4c9787ed766b56a3d6a75bbd4e7a74d18fd8f7bd2c94ac72eb8a14b5ecafdf2bba2a76bb9d3bbad4b1d9a508923690d952b91c8daa66fc9d5fc7827d0140e9d4e3e80077adb1a38354cbd53ddbf7014fb95c2e8bc522125c47a3514127fb95995571aa5b49bfa2433b7c9d66d7fb677ee9525fa1ddc6ac46fdc32e4aa2bddad5458e7627fbf26b82c82afa632229a55111c5d066768d48b7db0de1a61f48a10d643696d845af512ff5e5dd9c643a9db20f006fa40370b55aa97ab3c7a4471d962a4bbdcaf5847894769b4860508f9f6fb5a34f5b2e97ea44d4a7c423b7af66f924c2cda817e2cad3f6fbbddb8b147aedd21b22bbb77ed0bef09a3767151d1ef10930fa53edcb4de2f2a87a41e6fc54823b7af33a73a0dac82f8cd48171c112f076a7d349c7b8bbe54984cac1c56241a38dbbd6eb7524a5b4dbedd70b1e7fd8e4d65eeaab773ef145ba54e2cad3947bcd3a54c56e17fd2b9ec01dfb8ed7bc2daba8f58f8c163536a588fe70bb16c278ec0eb270476f5e670e446dab1b6f3566b319032c4008144854eedc2a07b55c6d02e71710179fd6af94a288fb5cdb9e7dd8c4f8bc3eb2535d892a8da6ed9f91b8d2a8d93a3952c5eea62c9a4ba99590b53ba98cbf15518cc964623ee1456fc82af14b53f4efbcce4c57913fbea6d6c72e45f0d408ba0d17bfe6ec156a02fc03a4dfefab5db0af0178378516159a91278b3b3a78d585135a202a8e232945bb874aa087528af625ed6fa3d128cbb089e8379adb39eab717740d4c85f871456be6b97c08fffa9f74daf7725fc9a56695c40be8f55735f958d23a71a9543d1f4751b5b8e9b0e9d79c3d4107857f3648470d036e4068749cae562bb50389a7b755592e974bae696926e504ff1244d14ea21228cbfea0f798695d914f48a4dea1b1c32619e9387547a86a6ebb14996987d40e6656e02d454414a7a4aca2bf339e52d48e331ee726fcb4db6dce9d57ce7ebf379b4feca25c45ce644c26134e92554ec6b1f22ad25fd4b49ba0a4d86c365a1bf1adac228961964651bfe09f6912ed03d37b8ff7d64f29d96a57b93b78c2b0c9135c67aa6dc14acb42c1433bd87c3ed7ce16a9de45ab513b7969573d159e5512538a5a7375def61d0da63563d708d3282bcb9dadd1d6b48b72a586c0cd13952c7d1e9e631aabfa258a77696c92d131ab8ad3b50c0ec32cb5a7bc11b9e050b43324b6d8da13dce0497c6ff1e95052bda86a9bc4fb3455de6e329e56a65d8a18edc3aa31ee0666edd5f6074a51605621a5a4532365574a7e379242f97454dbad58585cd1a1149f4b40624954e3418cdad0a669c2deabc356c924dee5ebe055a9b45eaf092d75a29647cd8eddc67fb4a1fde912aa02379b8dba892c37ec32d3baf47edaf9bcfcfcfcd895fbf141216a98423d4b7769aa77edc3f6bff3be4c375d215985947297da2fb77e72bfd40165ba947557c4f89d649a9c58fce1e9c0638936539963e5653267e07259fffa10737b99fab935cc22aa47178b855fcea272d402c7538aba75153c2e99449aee443a04183c299ad6b059db3a1e9b7c9f7177522f3eb9cbd7eff72793895a667f9f747bbbf66abba878396715524a162ab3dc0d64b47238bb5675a5c515a9656271ed66c6aa37b1eccb058d558e9e4b327a7f2d678ea995d0ae75ebd661dd6e77369b51a45645fad9e8ec0d14832725d386735b4d079d8e4afb42dd653fbbd7bef72876edab6e0f2fadbbcc33ab682d9052b270a954dbbbcc41341427125774a817daf7242616b541cbe532d87345399e834fa1f550d7418cda88efbd29b4c3d46cf030fd7ec7770b05bc57e209d98cb4db0f8743fdb80e01bafe7751d7e04a6d156376691db99380e9130e9f28d4dd8d0ad45e9593f7f2c92a6a7c232d2f29e516ad16bb8e9831592f91b8a2d65015b37dad18b76a3e351fe59477dbedb6e8ec912271781a55a463c79dc149a19dad4e75bcaa5e7501a3a47bec88092d54b46f674e486b4b2963a885cf9e524826c172a5b6d46cd3649ca4f0e2493d1d142effa8d8b04b8b944356d15feb42aae80fa004bfc50ff4ea87ec52d4850e60754e66fb1a6a2f8a9e857f2bb1684fcb31b1143a2af262bb893ac9b2a79596c64ba3d8af1e21f1afd6c2d96cd6e4b9f565d2ee67eecda56aefeeedb9445b472db0fd6154873bb1a82edb2eaaa6ec33a8f33dbba7ddde7cac8e9112f2de4b5925329ca26f5cf489e44af3274a6abda9aeb52fa05e740cc77b386dfa42438b1a8bc562a1663772daefd1a3b2b84cc2e4163ce15614778a3eb24a96720076bb5dd5d02a4dec5bf11a655d35476a361505154b1e6df4f47e4ecb56970e34bb21ab36b46206fad4addfbdf244bd7fa12701dd9959fd16bba830cf67151de17e41a6e29b133fe9d41a9a75a56a92fea6ded43a986d9da8e8ea2a5edea9295195a3064e81d9bcc7ccba7eb47b4ec40821ca9152c76b67b66faa0b95173ab294f0ed5fe8d1d1adfeb74ec34a455027ab164fd41e6af730d40b8b7f8ef509da285aff9c6dac3a576a873cb4627663ed6f66ef4dbff2448ace273ed5fc2e05e828b34b8bf14c565195e3b6b1319bcd386ed3693fb32bebe363bbdddaa5a8351d145966e15702a3220847e2604bd1a700de45fd859a91c4cb2454bbe84f6e726889547292fd7a92448a312a6ff469ebf55aab3d9215492975e20fad043544a6bd5a4575fa78b2536638899bfe3d5f4ecd6fa1c7c5c35945abc33fada590f79615542dea59edfaaae3f93fdc55a1d042264185e8c8523f6df7dd3f750d2daa9e47a3913f9dc15179ad62cb8d9ad692b6b5da25fd99ea43b5d13356722954bd28dbe8d3143ff4c97ee48b87614520bdb3de6bb881744099edabc32a8499413ac6e30d5a9c12b5ba69b5726f2fbf7544b83cafbc649716e081ac62c6dffd8652e5172718ee524476677ab417daa568aad0728b1a6b75ffcc274145dd3aa0ea7a56487faf0ed8c8d40643bdb30e67953b35e89755382a3f6823aa267b6eb4e43acaf24b758b3e47b4def49992529592521a459bd59d7c57762de7c0d12f35a376fe79ff5b9404b40feb28d04eb8dd6e031c1b5064325f55ed4f718544a6aca2af1259a7fa4e3aecedcbb84dbbbe9b5fa875487b87b74b9c3f235a38e36974a8a6c4c4a2deddbe5c47ea4dd40bab8eb17fadc78416bd5a891e47f58df283ca0c6daf47074cd4abba34a20f79e52269fd7864656a35ea93398f536feaf2b4a1cd16571b629716403be77c3ecf78ad940e04e519fb93c173c7ac9a1dbb286ff7b38a9a00f3251c15df5c469f91eb3e75305005221cb7128b7c7e7eaacf566e31a721ed0f0055a0d0e24fa2502d5bcbf9603e15d3fa1b6f1dce3a96178b45085db61a133199c48c963c748dbbfa50fd88ba54fdf876bb7d259644a86b26a534990e10bbe15fbb27981a1fede10a242ad9b38c99c4b5db6df5bcc7aadd7b494790fd030abba9da9dace2071526b23fca3f006adf5fa28ad4c464b9864fcdae4a84f57acdc020c217892ba28eccbe566b2a715427b991fc082d57fd5d680f6e4648442b5c54b12903dcfa3ee9f453fa597d88ba4e7d60412d8feaaaf86c3ab575952b16f122d762687fb08b32f0c3c943fbb93918eb749b25771c3db402b34bcb2a6a26ccef166d486d15fb0232d05e68d75dc1038bc0eb5464ac6e3f42dbd7eff7992a86c0a9b77263da86ba33fb5a031c0e87c562716bd442c7b88e746580e7065b54dfab3e5bafd7bf71e4efee5beefada27e4388f2b3bfdeda41438daebec4ef0717fb691761275828f86f056aba55d4ec75d2df7317f05167108276f95f3f9ac86c3fe5a82cae3b4a95ccdd7ebf5587ba810e590cdf589046a58532669680f57cba0b729963359020152c3eb0fb0685fb52f34863b07e166e4472863dcca2d6690442f69bd69352a4ed89f798a99592a2af2f4818a3aa5c59208558a911c2b6aebdef265100ebb2ba46615edb77e9312a71e33903b7495cf857ffdc32eca4f74ab28a5a81df1cfad12541ea526de4d55d43f384f83aa33a769d38b1573bb1215227aa7aa10d20b42405c71369b8daaa8940110935bb4ba1eba8cc467464854a9683dcb76bb0daa29d037d11ab0dff50f290586dd21feb28a9a0eedbdda87b527ab5fd38e9d78ec34399c44e838b22ba580a195ffb24a3ca50841e5515a5d6ef67fabd5a211449da89558273d22ed16b5ef7ab3a95a3816f01691b852e84300c2a77a7db1583c770d89a1e2cc1dd7e6c484045e27e8af9efefbc405d15fa16f6edf81c673bb4796acae26455da1fd49fc19fd3daf4665b05d94139b55140a2329a5d3e9acb82bf1e3dc2898a83eb34b81dad9ed766a225401a8cbb77b7c06e6925933377db3d9a85628e8aa59c0f1e38a2a12bbb4be8ed7a7b98b8e3251aed041f7f468896a031de9153dd7a0e665369b9152e05383a01dc04c75365d989b0b93ae5dcdfb7495e6743ab9634dabd72ecdc36f56d1d6321f6d90529ee65fe4b3582cec52a00154ca98da68f2d4b3db7abd9e993aa20f21bd2077aa4e5c275a833e2e318d88f9031f65e66e9933083a0c130f5ebd412b2df0f1139fbeaafe9cc8dfa27626df120ae133c9c4dcad2b7b62d79ea37ddef44a66fc90a9015928cb9915a85c976373f13b7fd77cae90525eb1fc7b78a7a8d1b74b81a6323d849a14353283a71ef1a61fd48feb43ec27022ff0cf25556574c56412954a3a16744488fd039ee5c79294f26bb7db29ffc4438bd69b0a3e1d95e15c8512a796476b2c324f9594d2283a70b4976a1fce3edd51fbb68e0ef36f4514fb4178908e3e77e8e578cade7ce02f2e4d79853ff2a535699702f8d7e1705085646e2ea4a2476553c64b5f482f78913a38d52e767fca7067d2929943633e9f9b0b791fcaf611fa597d8239252c66b2e5136785b5c674b8b9e97311fa2dfab6a19d6cd6177615a7a1ffd442fb32ea483baaf6706d65ededda5d233b409c1933d13bf57eedc3fa597365bc7666fb8ef0da870a7127eeb59ef33aa9613e90a0f22af50a664d2ac4b3268147a9505bafd7a64a73b1ff2e13600cd3f138e61e4446c8e7805132b777157191bd2a1ebbcffd3143223e13d17d774babb8bcd24846c7eb53266f7dcf76bbad10a8e3f7bdb337b51222014f5f4c65937d1975a1f6dc1c59d3eba52659ce76f5fb7dbd5961e6ee31627f80acf21a7724e635c9e8f7b3082a2f525574dd28bfb86f1df03af528e666910fcd30ce421ddbb53efcd2279b3acfa49af8f325504b6e2698428b5d748fa98d540a6b6f31e591e4bb5bde62d2b87ea97e75a16924237570b3d92c12097c2a275444967c3469cd682dd96f70f5f9f9a97045615303da974c5f602ecab21bf81e1dddda15b50f3c5a92d99f27abbcc655c5da10b9b45a04955769edb909913a96ec5200b9723d56eee925421ffe5b8ade1039b5ec0feca886d3d793e572a9e2c9e03e016fa4956f3783c775a262b697311c0eed86f43c31e2f134738b3cb317e97bbe3d96a4537e5b5d9f3219bfa6c5d0aa9b4c265adbf6078aa1b5e4263518aa8db40e39eeaa4bdb544da8aaa994481ca776db0c33aed7eb574e19db8f23abbccc1d98fa875df4820f82ca8b14dccdf6c871661e802cdcdd908c6bcd699993708e3948dfc8cc90f6955907a304665e96cf8dddf954bedbfdf54fd5c7f4f4174da7d35b17312b3ca85851f5a9a3d5fe401ef4695abdf677fc513aa217ae1c6d32731e4a878cf616bb2d6f336da9b6b57e44874fbefb95fd1d649597a959735bf3f573166c8f97e818731b23c73b1e00288e4b38d7d2f1d5fbbda2f6ccbc41133cd4ce6bcf097cd0e35d746429932899dcaa3815e766b3d98b33a5d5edba897c8eb64ebe352b8a73f16e227cf7948d196fd4a167c6ab8b3ebd6e7f2b59250fee38d5816f173d8bedf11237c8f5fa960050392ef6887f15f535fbfc7a681a03f2a58ad96e867fb9765b21c46eb0ebd411bb213d551ff1781715949bcd663299dcaa443f3f3f55a7aafa7c680d9fcf676da948101a0c0644c7c0f9e1e4d6f89ba37d466f5373fa96cd6abf0459250fa7d3c9ddf94007bb5dfa14b6c7f3d4169b6d205c520f0095a092d736dc5424c5531a51dda94461d7788caa99bbb945c5ae3e24726d4cbfdf57056cdf81903c144ee4eb7aa5966aaab74fe1b35f889621273a6ccdfad461feca9818dbe3495ae9ee8c1197d403408598a65bec7fa3788a88ebf55adda53bd51aa79786c3a16a5c3f8428c6447e44e5afea5afb3202f0683851ce9c4c26dab2a19de7b5df8f962127da31dcfea0386a973e8eedf1a4efbfe7fd73493d00548b69bdc5fe37cab5dfef178b85624964a82442156d641699420b0f760c416dc24984fdbab40cf97153905aadd6d3d532dbe319fefd0dd4e0daa500802a30adb7d8ffc6fb64cc2da237a838e6ea943225de89a44ee124c27e7b5a865c699f316bf5e959486c8f67e82034eb9d4bea01a0724c032ef6bf1106e51015b876dbdca6d0a26ca384436ec98556a3d2c86ab5521a714f3bb5eb3ab38a869308fbc7d032e44a3b985dad1f1fcf1db36c8f87cdff1ea8d2cae9799c00803299365cec7f230087c3c1dda2cd51f9abba3972ef2f9f72cb6834529dcdf31fb37073b7cc08895d894fa9473889b07f1b2d43dedca1ad7fd8458f607b3cc69ffdf5fdfd6d970200aac3b4e162ff1b6f753a9d543adb4df2474bfc47a6ecffa68aa55c9aafe25bef49b99f580369dd9a195c5a7559e66e45f4ae4f38d5cffece00fbbbb5779dc24984fdb36919f2f6e2d00adbe331feecaf0b8ffc07800a32cdb8d8ffc69b9ccfe7e9741a193651659c5ecd288d2c97cbd168742bb7a828d7c7d6b8a44ea180b7d96c942b0683414aaef3298d88d6987e6ab55a298d3476ce885d23b40c05d0716dd6adfe611765c6f67800b3bf00a0064c4b2ef6bf51bad3e9a4ca38723dbd2a6615caf61dd928b72c160b771a31429f3f1e8f1ffdcc6a5135b25eaf67b399d65e647dc6a97ad1dbf4666512ca9838bb9a68190aa0fdcdaedcc78756d81e59ed763b667f01400d98965cec7fa344c7e371329944c6527abdde8b8f4c51f851fd3d1a8d229f6c743a1d15e8f5981ea66a64b95c9a8be0ed9f779bd28bde66a66f313bee2ebbd668198af1f4d00adb2313ff7136ccfe02804a338db9d8ff4629f6fb7dfcba14a508650cfb8e9c28f6280e459ecd62a80757a1fff4731eca67ae865f2c165a75b7868f7ced767b3018289c6cb75bff821f646157222d43319e1e5a617b64e29ad756abc5990900a834d39e8bfd6f144cd5b60a68bbd2ff74bbdddc534ac46eb75368499c19351c0ed7eb7580671e55c3990b4ef40db35c0daf48a677eafd5ac9dc0ced45769dd23214e6b9a115b6c77d6acecc9a95a21b560040d16c834e45523c95ddbd5ecfaeee3f5f5f5f2fcef87a94faf1d168647fbd473146cb97cbe5bbce42fac924bea212e96dfacef3f95ce184591ef9b2ab9896a130cf0dadb03dee381e8fee94cc43291000102015a6a64917bb0879530dbd5aade2b3b0d48dbef1f65ce7f3595bffd64caa76bb5d746e79229988bef0783c5e2c16f5be494008ec1aa7652892767eb392b317d56c8f346a6d5da3a63697d15500a83a77235715a67611f2a38e723e9fc7ef96ab6a3b9c19d4c7e3518121f1821623afdca270a20fd1df9e3d9974bb5d73c1c97abd6ee66d97dfc86e03b24a919e185a617ba4516361d666abd5a2c900801a30adba307f265fa7d369369b452e0ed17f4ea7d360af6557a9641e3199784d8bf1506ed15fbadd6e553c7ca53e6edf219904c56e15b24ac11e1d5a617bdcf4f3f36356a5a81db14b010095a58ad336eb9423f9391e8fe3f138529aabc49fcfe7159a8ff05c6ed14f99695d8a1c29033506c92470763bd13814ecd1a115b6473235af6e08fbebebcb2e050054996bd89900960bd519ee14a9a3927db55a557ad82a4b6e4979c9d1aad09ea68fca5290e1edec6623ab14efa1a115b64732b712d5b155e846ec008014a661172680bd68bbddc69f45d87bf9918e41d14ef2f3f3331e8fb3c41247ab65369b693d503c548edd846495e23d34b4c2f648b0582cecfafbf8a853b30b004dc604b05cacd7ebf895e283c1a00677a9daed76abd5ca5c6de286e01e159f2786aab09b90f6a1143a4cccda567b6217ddc0f6883a1e8f6ed2ed743ab54b010055763a9d5cdbce04b0275c2e17d5dff14b32c6e3711527382996285c2996cc663325932c4f5d14ed427ab36a83c5f50ec25a21da9752528d5ed2fbf55b14816a90e5ea4d4d84dd6c649552f86d72fac000db236af0f76c5de53c260900403da8bea46d7f8e56974af34845ae2243abf4783cda3785ea7c3e2b24acd76b0506c52a258787267499679be867f5212973ba0e87c3dddc6228ec0d8743ae600990df44d84528d86c3633eb5c074e4ab34c56f9c76ab5326b4db8470700d4862b2299d9fb1055f991b114ad49d5ee01dee04bb58e128599c435180c6e3df33145b7db5590d08f6b27797a0657f6dca2d4446e09074d44f974ccbad5ae03c12e8d21abfce7743ab955c6ec2f00a80d66773c41757fa4dc576851151ec8a8942281bea172c564327974b4447abd9e7e6a369b99319382ce4eea4b9ac7ad2893e837dadf9d44df5ff146ab37fca1aabab25b8226a25cdae7cd6ad721706be8924df29ff1786cd697124b206d3100e075ccee78882a6c77334c43dd62ca59cf4299d11253f19b6b4bd28bfe081540fa11c500fdb8b96824652a5709f619ee86dced7615c0369b0da54899ecda27ab94ce1dd1b7c609d82496da41b3a644ffb64b010015a7da34e3159cd0ba72b9ced0aa53955ff48cafe3f1a81421fa5d622e2c79741297b9f0dd5c5ea27e3cfc895559728b56c27c3e67527ad1b4cfd8354e56299dabc07508271eb66c925f97cbc5cdc71d717f1800a891c964629a7706555228a5cc66b348d1acba3fdf510873a5bbbba444d1c2fea6c775bb5dfdb83e67b95cea3303bc7ee6214a23ca2429f14c9b8649620571d3908422f02ddc40aefe611779c82abfdc6924b505ef1d1d0600e4c8af4218544974381c9449dcd093a118f0fab8842284b90197eabfa76389fa65fdac2a187dcee27aa7e0f0074c5e71b95cb4a32a60a7dc46994962f972d72a2b3fb34adf42ad906b82e2939b3e66b359c3378c5a3db37664b55ad9a500808af3677fa90ab14bf14775bfbb4dbfd3ebf59e9808bddbedf4538a1366fa56caa4a644faa52e9088aaf0da67922c8ec7a3c2b6925ecafa3493c458574fd39e66d664a7d321a8bc51ca5585bf4b15d01b3b1552fba5bba6470da55d0a00a83e7ff61755886fb55ab9becf51279865e8c9dd804bb5857ec49d93ce426fd68f68bbe8c749230f3193c4b4f6ecaa8c519e51d85b2c165cdcf210d74acc6633bb08ef70f26ec6ab886e975e9985bfd4e83470fa938e7cf3e7b75a2db5bf762900a0e298fd15773e9fd5ebc5d3c5f8c6b3e7cd25ef2a7fcd0db8526625c5a957d58f8cae37e032e324f643f11aa56ead4fd56c299bc3ac7c130849e9e9dce140c67b3b3535665b68a3f8fbed6f10372f88766eb562f69506d07ee9a607e890b64b010015c7ecaf08a58ec964e2d689a102402144eb4a65818a5a3389cbc492f8a84bba7ebf6f667099fb02531f97439b552b5c81309e3f7dda3aca364a380d3c257d975d47dcfe2b006a375c02f787b93eb4e346a6ab6aa76fc208c3f97c76f7fe627a0000d4893ff5b9e1cdbb92835284591b3e051595b062ff3b33ad5273cede5ce94ef91b88fdf50ec877738b6ac1f178ac84c35c12d1de6bd70b59250c4ad46673b45a2dd7b6d86da3d7222751d412add76bf36a2db9b65bab832316006a433d9c1b4050ef66973689192749bc28e5219d4e47c58082df7c3ed707d2575685196f99a4de4c4c946a1a7e898b7f52c32ec2bba9cd311b45a1da2cf92f47aa698b9f7a513ba516aaeab72d8f7353e2a4de910c001a451dd6683432cd7b8deb0f9346c4dc1458f457ab8f7f629c443e1b765fe046d111a1c43e9bcdd2f70dc57bed03da01b4f51b3214c9498d30a9f1311b45cc76898e796db7dbf81d0cb52deb741dcbf178747ba722b55d0a00a8387561fe4598e1d71fea95af89c33eaf5d5d92eac574aeff7a029904666753a597be2329d8686fd41154e3397e0caa046b3c1e9b4da3264b457bf2fc3c73119edfe28b366a3da2b60b63da3b1b72f200006acf3f4b2a215c52bfdbed541a9a6bd6c5451177b564a1f45bf44bc924b8457b85768f665ee2c2a04ac8549cbbe98bbf1359ede224e7f379b95cfa4daa7eb2ea931ad7ebb5fd63b83f1d00d4887b4e820a2fd5557669912251445fc04491f4ca2f17e64a1249bc2041cb29bff090ec97b828dba838ac7a6e61502570dac1fe3bf76497dda67013b98ea5babba9d297eb427440daa500808a5354306dbbe455a62b87883ecd4491f1f589ec129974f00ad549e633cdaf306320a2c2d17e89db5459c6cb4a75d09c86c38b325ee2a2824aa5947657fb6395e2aa41527db0d4c4996d743fab18fa8178ebac2dad605aa1b98cfe59371d8a762900a0cafcc73e669cfa75895d9b5e4414311fa8af647e85bea7f9a5aff49beabce2cf736cb55aeae0b2241ce051da63b5f7a65ce2a2bd51fbb9dea35a516fb63f16307d49f3cd3b9d8e5d8420d9ab36ec7f65a0b6d5feccbf4c1319fe30cb6eb7b3df987b7f014059545bff96e7ffba96eeff180e87a6b2779ebba8a3dfefdb9fbfe156bdf5287d8ef9c0d1f5d1ec620a3529e85c98a2c8743a8d44299589fad59c7d4339325ee262e628ba83c2fe7030dc996bff81830890f6b7dfed64ff2b33b39baa53899f79520fa19d32ccabd5f5ad7eafceb9ca78d60d002087c3c194e0cbe5f25a93ff3704f15c9ca804f571e66fd41f6bfeeacd6663d643f9dd9c7a5e7d0dfbcdfe68e507dbe7a209b45b2a3c676c04f43673033a1d416f8fd62e683161327cbfc1d2fef3296ab85d0070d4be2ba786d67acee773f3f55aad16a3e40010713a9d5443983432180c54a3e738152a40e6bcafa823bc2691efed76ab35105aeda26fa52f69bff41f2d61923dc271381ccc1d2646a351fa252e8e0e40c5efb71c6ef654fd955d8480a96fca613b6957d30e1719550fea8e61fa3bddd7abd3836200c067665ba98a55d1a0125c156d96539ee973395ee7e64af966b3d93520fc67bd5eebcbfbd2cf2bad562bbfdfa9df80b9fe402e9d4745654f2fdac997cb6569232dfe2c1b35447629c2965ba6d47ea6bd2dd2b006721d8bbb8f99765086cb015497ea5453c7cfe77353e29b31908ce7329fe0270d17305cae78d730f57ebf774145ffa8d3492875a65c3a8ffad131abf86d1e3164776b8ff670a51abde195db4e64a1e6cbfdc6f02fb48691fff89776b5c8cc81f75ec7a2646fbfc7c7877a56bb1400c2a376d26480c562a13ed58c8d88abcb8b63e644a992d0efd51708b917f7cf8cea1fb52938b8741ecd913825c7d0413d9bcd8a183ff4cf7130cba6420a99ab9778c730b5bf6a858b4ecc11ead2dc508f22bb5d0a00efa3da5a61c0ccd41233309265b2d65d6a66f5516aebf4b1e6f6b8b53c13af3ac6fcbdb53933aa128a4be7d1408953726ed111a1d6528ddb76bb7da298f4cf71f4fb7dbb145550e0754589a159ff596662516e76bfb7e49804a0f65462fe0e825c5d73c72f33c92191698e9e66a28898dbe9887b74a0be89fd4eb5a6cac6cde9951a9c19e5d279405431ce66339725b2683ff8047d3598e6076b738ea3390acc2a466268d68ef2d01ef61c85139794d4a3dba5002a482d8929cad56e9832fd5ab4177ecf5c3333ca57e86f54ef6b7e8bf91bcd652174ab86aa197fe557fdcce88a4be78118556e3a347420442643a6bb9b5b2e978b2b0899fd553985671527f106c7a23d6c3c1eab3fb6efcb0f97d403efa20e430775f6694ef148e0b80ea6365464ebef52bba735a35ef3378105f0c081c0a97cf1f704adbd8ab6eadad0dae8eaf8ec5f72a53f8d4be78174e957e73b89b965b158b857ed2254477959c5b89558443b9076c1bcce2072493deaead11890bb945c21f64d0da026cbfecdde93cb457de4357dfca2facc857f45acfea17ac5be5029da19144822d95b7b91f619922af028350bb71e4deeb8dce2c63099655345656715237d0fd32e359fcf5fe9e32f5c528fb77a65c2524a12b0ef6824b75acc6d73dd700461a0f6fc2b62d5b0e7753eab4cdbed367ebf19edd20a5d8cf903afcb925b0c751f556c431aee3d59c5b7dbed269389b2afdd8f3caa4b54ea3d71c249758cf9841697d4e34a0581ea5aed18caae5902431689a12272d2b4b1545c6a6db8d106d56ae40a3c673a9d9a9d4a0757b58a0c353b4a23f18b52746870e93c509087c65bc82d95f0feace2a8edd6ae9358ea69f97abdce78fe894bea9bc3cc867214454c652cb3d9ec9a1d7ec56b854a2306a0217480fbcfb8d4016e5f089eba211d9b917370ea98c6e331b511501ae51677b2e3161da70a363a60d593321b334c016515c39c888a0f978b22f224c383f0dd7ec925f5e1533b62aebb504b9138dc1119bba84aea705f9b094bc073d6ebb57fea4a9d827d216c6ad31448ec97fea36248ed0083fc40f95c4dd8eff7b3cc1353f74d74094d7059c551b3be5c2e132fc4d70e776b9aaffa09fba68f0f06d9df4ea5b98e76b50e3aec55b8fb69e4eea4d2dc69b751d6d54ec52d4181c0f9c3e3fa47254654d4e3a89533dfd9e976bb5c9402bc8b6a42d792f835a19667bcbec59c7934a71d55cfe807ed47a044e16615e770386817f1cb5c437b587cbaa1f63cf3aa428e5d84bc2981a8f71d8fc7f18de29410455404fc8e5cfc314d89e1c6310c265d00d5e286267498077efc9eafcf108b3786ea8cd4f8d8370128dd25db83ea153f54d24cefdd0ad9a7e35df5a77e8ab912e5a840567176490fc237dad7fb1d2b34dbfffef820fbe62b4b3e7982da1133d8aa6dc72603a064e25fa312f2f0b85a45f53b91f332eaa178520a10029516eea8cc7eca43a5c87abd3697bc26169c11dd6e57edc076bbb53f8f025429ab18e62456fa750b2a7fedbb714f4121c4d067ea68d761ac26e387c15300a9168b855f1c047b8dca6eb71b8d46f65bfe5173379fcf99e00e04c2dddce29549a40a39aa5ef40966e025a55252dba5e2538d1853397257bdace2a8f0bd35dd50494679863e234e5dac569a7ad95792890e48d5103a74b9f003402ed45cab31b74d4cc0d7a8ac562b7fd8c7d092f57a6ddf012000a7d3c91e9f1ff917ba2a7ed440c59b024725d66432d96c365cab968b0a67159ffa09bb8378d4db9909854d0e2d3a5c75b498d14cbb5e9e423e015010b52afed9135500a19d98dc5fef7c1ab907b1a88ba1490402a403d61ca4855ebdacf252f5e7783c8e370e8eaa2fd54ecc2b79454db2ca62b130fb844a6a31fff6a9f36bc8c09ce953b30f9b104200bcd16ab5f21bedc96412ce99c85bcde9e7e7e76c36e3a214204cfe8d044bbbe64d15a6ea4c1554e6f7c629cf28d528db30ebe75175c82aead85ca2fdfefed64eb05c2e6f8dcda9d751df53a7aba0f4f7eaafce184ef4b6d168a4c3896402e0ed14065c49a10010c84caa94333e5aa8fe85791d40c82693893960df724b58b50f0a48fa0e295756eb8bcd66332ab18cea9055b4bdcdb65762f1bb1093716f8516f58b7ad5beb5521e0a27f275bd9faf8e9c134f2203100c35d7ee8ea221dc9b3825a2a87351e5c13d8881f02d974b7bdc067023c1e3f1a8ef331c0e13a7fc38e63cb2ded984e93f4fa87c56f147fa6e650f15f7abd54afb41fc2afcc160606e5155952139edcaf1bfc2479f0aa012dc6926b5e16feca18928406da8257135a10a3cbb340cdbed568d9e3b4193919a2653a9eac71b7bc6b9f259457d8cd99cdafc59c6e5b5b15306f7f552c8bb827fb6c0a76fae3066df0400c1734db7bce5965f4414a066fca1da7ebf9fa5267c0bd599b74ea0dfa5d669381c366d04a6da59c59febfcd0489ff660ed25e60723f481c12616eda3e64b124e0054d4f97cf62f3f5549615f28051105a82b7706e4bd43b54f50bbb4b8f1108e146ac7d46435e162fd6a6715773f7e2569bbe811da3954f16be78edfcf573bba3e3cb4e961f6cb7d7c047bb60000521c8f47ff7a5335b3e5b466fabdb3d98c8802d4d576bbb587f4c7479d4ee6a654aa3e95c16ae2ea74e3285f85b38ab69fdd441f1fb9dc4b61b3d9dc9a47a81e6e3c1ebf31a66bfff37b59bb1400aa4379c03f6ba89ed5be50a4f57a9d781751220a501ba7d3c94d3c190e8776691da9dc9dcfe7896d9aa3576bf644970a57bd2e62e6bb5fa62416d12f7dcb5d35dd4128a3d1c82e05802a385fef5ee8a6ecea1f4537a46620c56f390d220a503fae20d401de9c0bd0b7f72ed6fffcfc5485acdc52f516afaa594589c26e8a8f8f22b263faa05ba7d3d1b62f6d6e987f49bd820a13c00054854929fe708a8a89429f2a706b20458d675d2748004db6f87b1ab834f334849a59b57b93c924719aabd3eff755d6ea9d957b8e6d55b38acb91da36765191d4c3c53bbfd2ae6971a7061951015021aa2122978aaae92ea89bdc5f2f9a8f0fa498534bcd39d50a34ca6eb77303b66a01ecd2065303bb5c2e552ea65fa6afa65215ac9ae84a4c15ab6456512834eb5a3b68993d90f60045a35b9b5f3da2f24c11f7c0b6bf804bea0154c4f97c5647685bae2bb590455cf0aa6659ad6ee2f3a1d520173dd30cc01ba99d7123096a04a891229443945bc6e371ca13f4c54c150b39b7542fab685f7467cede92a1756c68dba70fb489bea472addef9fa494477ce60fe8ea71000c04376bb9ddf421691524ea7935ad7c489da6a7b67b35941a33700c2e14e88a84c6ad4f3469ea0da75bbdd7e7f7f7f7d7db9aa322eccdc52bdace22626aa437a6f86d686cc72233951a29d4c269bcde6b92fac5f613e47bb97ba67bb1400c2339fcffd8e703c1ee7d850abbb55ab9bd8e4aa8bd5ef7ae8415b00aacb558352c4986dbda982d50a542c49992aa69746a391d6eddbe7d0562cabf8832a5acb7669183246977ebfafbefca14b4bf557fb7dbf62b17d01008271381cd4bed976ea7a6e25af02426de07abd56af693ffa5f5aae57734c440002a7ead9d545e3f1d82ec553b2e496def5f92d85de162545c5b28a1b6178fba0ca5ddaa2ca247ecf1dd7c97c898b3ecafecc1571054050d4d5f9a754badd6e2e5332d436aa1049ec41bfbebe9485ce757f60338038570d72994abeeee696b70cb65429abf831ba4203fd3a8af46d279349fab54d927e898b3ec7bf17993ef0eda3720020dfdfdfb661ba9acd662f560fea2fd5c4b951745fafd7532349eb073496da872a568395b3dbedd29fdf52da604b95b28a8bd15a3b7651d52884a897552049196833122f7189c415e9743a5a2d74db00dee27c3ebb9659d438bfd26f1d0e07c59ec43b97a849d44b5c310f349c0a21573df7fb7dbb14455291b95aad526ad7a2075b2a935514a3ed2af9f8d8d6e5795efaa3b469d5d367bfc44547a9bbf185d36ab5482c00caa494a2f0e0775d83c1e0b9e1142590c5629138f26c4ec7a8a9b46f05d06c6e1457950ff7fe2adf5b065b2a93555c81ae7fd845b5a34d9b7e898bca02734781cd6613df51482c00caa186287282ed89a0a2b4b35c2e6fddd46b329934f311d4006e513871b3bf542fd9a5788732075baa9155d463d93ffde3a30927d8d4e5a75ce2a29ac00db3c4430b8905407114302243bb8f3e3e45eddb7abd8e8f0f8b9a2ff56d4c400790c89dcc55e563172100450fb65423abb8bf5fe5bb5dd418e997b87c7d7d7d7f7f6bb5446678935800e44e3d8ddfd43c9a521442c6e3b13b2dea5374e1bec30052b81ba2aa0d615e6898b20cb63c519d5620aba87b337fa1f6ce2617dfeac5b5f9cdaac8486b8c415200af53fba3c6c48f19d91ff2a88433b97153afafafafe572c97d8701a453f9e7da9f6f1edb500529832dda940fcdf20d3daba82f743d9cfe66bbb4c1f6fbbd1966890ca4a4e0a806f08aed76ebcf47553793653845b585e24d624ba5de6bb15834f9dc138087b859a36a3d1880ad1635f5b7065b54e167092da16715f567eeef61ef8cd0e6df6c36d3e934fd8993a27261707de8e47abd7e7abe2080a6391c0e91fba42bb4dcbdf78e1a99f1786c7fc0a38648ad10b7ee01f090ed766b1b918f0f6a984a8b5f656da8c857af71eb62c5a0b3caf97c76832ae6fe5748a160aa3a4085c5ad69823e151ccab2140d0012a9f99d7a0f4e11352ce9edf0e57259ad56f17e48cdb83e8af9e5009ea086c58debaa9cb54b5165ea0ed429248ebaaba38957a7416715d7536a376550e521da0fd6eb75fa6d198c7ebfaff282d50bc051eb1139e5a1d638e5aa929f9f1ff52ef1b3245f5f5fb7ce93014016aa644c7ba2168689a33593125afcea34dcaca23dd25d47456ff78a5b236e3e3501e69662da335476105d8066d2b11f99be35180c6e0dc09a88e246bf1d35ddfa10866d01bc4865896d56985f536bb7428baad3df710bfbaef0b87b5ea9ceb68bf0822c89c5a7fa439b40d185d3184043a8b7f0afa1578b9178c9a3e954e21145b450b5058d0680d7f941653018d8a5a83573b9a31babb0ec8b81515f68bf5f331efe589a5bc9359d4a96d96cc686006a2c724b62351491f1d594d6e3f3f333e5b248007894bbb59228a830dda351cee7f372b9fcefdc995d1c1877e799e17068172157b7865954aca40cbfb4db6d6d91efefef9f9f1f1e8900d4c3e170f0ef25a8e0b15eafed6bd73e43873c11054069f6fbbd3b75425069325bacdaff0a89be99d941b5a732e3b95089274abfbebeb4da77bbdd7c3e4fbf1bb27e90e80254d7f1789ccd66fe704ad7bb25b149290a24f6b53fed6c77c40780272899b873a62a42082a0831abb87d5465b45d8482add7ebc8ec73578ba85ed1abe3f138717aba4fd1850a06a8041dd46ef8da516e316541624a21a20028811a1fd3e670c21a46705965b55ab97d940b34cba4eac4dd19d0895427fbfd5e1b4819f2ebebcbbe2309350d10261342e2e71d7abd9e79c29a196989a4944ea7a303df7c020014c79ffd359fcfed52345b5859e572b9b84e949bd3bdc5e17048cc21da2e8a2891f4a836657d7d8a8b7ec49f46e2e8a7982406842071a844068381b93a2571a4859402a03491d95f76291a2facace26efba01a97198a6f94781d8b2890c4138b73eba71cbda454a36c63d28bde6f7f1240616e4de8d29178bcd23fdc4922879402a0646a8b4cfbc3ec2ff802ca2aaa80ddb9f9e5726997e2ad12e38736d36834d236bad594dc0d2d3ebd8d07b90045484c292e84240ea4881b690180d2a8b1b26d10b3bff0af80b28aaa5bb38ff678f863786edde338716e98a3d0923e492c42bf426f36f3e6013c2d25a5dc1a4871232df62300a02c7e5019f0d847fc2b94ace20faa70b7fe60dd4a2cda762989c5391c0e3f3f3ff3f95c6f567a491978518d351c0ef54e2ed0071e929252184801101a3559ee54b5a839e21200448492551854a990fd7ebf582c942522f59012cb13e3b6591ee4a257b587a89ce2a42f70cbe9744a4c293a7684811400a151b7ee37590415240a22ab30a8525df19196f178fcdc60c839db835cf42af716037c0afca3d1c81e211e150189a3970ca400783b355cfee470820a6e0922ab4c1954a9b8786251a250bba344a192e889eb4ff6fbfd72b9546ee976bbf6136f5029c6b35cd04cead757ab55e2b4cc440ca40008c4f97c766752d434991b7e0089de9f551854a907954dc3e1d06cc7444a1d0aa577af6989538bb6dd6e157bd22fd05763676e886cae72e17687a831737d7c64bad72d3a34c8f30082e20a0675ebf4d748f7feacc2a04a9ddcbd5bb15aa5e7128bf3d0bdc514900830a813edfc83a4ebe3e3882800c2f4edddf58b1115dcf5e6acc2a04a5d291598c190d16814bf6e5e1b5d55542ec9e16e3a8a538031f3d3f40d5f494d4069ced7bb7b297ed89df836220a8090f941653c1edba5c06d6fce2a0caa3447fc9a16518c59ad56b95c4ea7e4a3fa6c3e9f9b2197bb17ba38aaed781825826552cadde95e441400e1f3838a0a002ea64716efcc2a0caa34506262511d361e8f8bd8071e0d30fa6e7af37ebfb73f0fbc83f6401d0eead4e377068f20a200a80a3fa870d72f64f7ceacc2a04a63ed763b8593f8d5262acb5ebc9a250b1582abd54abf48e9c5fee21895805ce8823299d98cf1247fcb6834da6eb7f687012060e7f3d9bffb0e41050f795b566150056abc96cb657cac433b460989c5c9f2304ac35ca9afeff67d7dba0bc32f789d8928d92fb8d24eb8582c98af08a02ad4c9fa4d9cba51820a1ef2b6aca2eed9ecb50caa20a55cd3c2d2728bb2d37abd9e4c260f5da9af378f4623852ec65ef010ed33d9f73405f8f178fcc4a38a00e08d168b853f8742ed1841058f7a4f566150058912af669192475ae4b92bf5993986bb8ec7e36ab54a7ccc7ca27ebfaf54a3206d7f1e00aa2032ef4bfd38b727c673de93551854418a94c4f2de118cfd7eaf04f2fdfdad1d589924e3497133734cdf5c3f28dbed9618d3108fceeff27d7e7ee6755f6f00285964de97fa415a333ced0d5985411564772bb7b4dbed40a6c4a81e5d2c16c3e1505fc97eb947f4fb7deee35433af4414190c0679ddc81b00ca379fcf5d9927ccfbc28bde90551854c1a36e25165145a866f1783cdab7bed5e1d967bc08379fadba17238a7600ed3681ecc900f0047582fe8d6a3e3f3fd7ebb57d0d7856d9598541153ccd8d60243e7122d8b3d126c098a7f8cb6834528cc972db3151e1abbf573fa54fe08a85d068875423a6ada36d94185122f953ad9fd2487cfc4d3b03dd3980aa8b0ca7a86563de1772517656615005b9d8ed76aa02e3a1a59c27b4e4e8a193f1449737520cd66a5767acb4796b94cf880f91e9dff18be9d5a98fc763ed00f64d00504dea912327e066b319f3be909752b30a832ac8979ac2f57a3d180ccc4ee56837ab56629117671039e499bcf8e124cb74be7844d127ac56abf8cfea9dfad86aed9f0010a75e46b1c4366d576af1b8bb3af2556a566150050551d9a7e22f52142ab1a8caacf4934f146054eceac0f9bafd88fd74449714667a9e99c7250abdeef66efe4c865bd48e9975ab4f880c8f1c8f47f5dff1713fa67b01a88ded76eb4f6a55b3a98e98e114e4aebcacc2a00a4aa05d2b717e8edad3aae716793dba38aac8f5213e55eaa6645f2c16aae0a5eaebca8d53c5ff58b3121ea5a431994cb4174592892f71a04f78922380da50451769e8f49f5c9d8282949755185441696e2516a31eb9e5961cf30c5c38b91b33b42f699dfba7180d2d51fc63ba1780da98cfe7fea0b15a39753af635a0002565150655503e55ed29f70d33d4c8aa18adf1d920a24b0a055aad16055733a0641ed3f9d05d83cfe7b3924c62301e0c064cf70250276a212373adc7e331b38b51b492b20a832a78afbbb9a5dfefaba66fe6445b45b5eb9caf1fad2253b5ff4e93fafa4a199b0a9f49a1faa3ec1f99b7cd66a390637f9947bf97c7a400a899d3e91469f1b8861ea52923ab30a882a0a4e4162da9f1f430bceed65c2fd19e43fb06a07e2293bef46f2db1af01c52b23ab30a88260ed76bbf1787ceba64f9d4ea7de33c49051ca5c2f2dd44bcc8200503f3fb1495fa3d1880bf050b2c2b30a832a089fa944232db2afc933c41a2e65aed7743a25c702a8a5c4495fc5cdaa0552149e5518544185a45fd6a285e6c6beebf59a79baf5661e90c25c2f004d73b95c98f485a0149b55185441a5a5cf10936eb75be805dc28df76bb4d1c4861ae1780da5bafd7917334ea0499f485f72a36ab30a8821ab83b434cd4b873654ba5692b2f160bf3ec481f73bd0034c1cfcf4fbfdfb70ddf952a3766102004056615065550332a58b7dbedf7f7f768348ab4e90e57b654ce7ebf4f1c3de30129009ae0783c0e8743dbf05db5dbede572695f06deadc0acc2a00a6a4f65aef6f3f8c9f8cfebbd8f155a183a0f96f2a436503c736adb314406a009cee7b32bd58c56abf5fdfdcde93604a5a8acc2a00a1a25e5ca1665f5d96cc6487a38cc75f3fe95a346b7dbe58a14004da0864e9924d20c72690ac25454566150050d947e658b7a85afaf2f55c9abd58acbf1df42ab3df1ba792ddc6eb7f64d00505f4a23aad02229457dd37ebfb7ef00025348566150050da7467f3e9fdfbaa6c5e9743ac3e1f0fbfb5b3534a7f38b63a67bc53364bbdd5674e43c228026381e8fe3f1d8367f7fd43052a72170856415065500430964bd5eab7b88dc053291794c3e432e394a9ce720e61608f64d00506bbbdd2e72f5bca842a3194425e49f5518540112a9b7d011a1d2597d46fa908bb90332a1e515b7528a7223d70e016888ed76fbf5f5659bbf3f5ac2ac575448fe5985411520a3c3e1b05eaf67b3997a8ec4ebf2155a7852fea312538ad6a41632dd0b4043ac562b9561b605fc331c0ee94a5039396795cbe5e2e6ba30a8023ce4d61d907ddd6e773c1eebe0e29e9271892945eb93790e001a425dc372b98cf723ea388ec7a37d135029396795c562618e0a065580a765092d32180c74c4d1fd08290500e6f379e4da48b58aea4d185246a5e59955fc41159e780abc2ecb93f2a5dbedaa376ae6fc63520a00a8b388f41166e2ab5a48fb0ea0b2f2cc2a6e5045470813548022a843d281762bb734e7149a3a60738335520a80c63a1e8f6af1d412fa573caa195c2e979461a88d3cb38abb8a4bb5945d04a0182ad6d5458d46a348b12eeab4cc15f99bcd46d9c6fe402da43cb8869402a021145166b3991a3ddbfcfd51e3af16d2be09a88bdcb28aaa2273a8a87222cd0365da6eb7e9d7b77c7d7d4d2693c562f1f3f353c5c3d374cc9179d80e29054043acd7ebc16060dbbe7ff5fbfd9a9d9c028cdcb28a1b5451cd64170128d766b389dfa4324ec57d559e97af18167f8499d1e4ab740034caadf33566147d3e9f732762d4583e59c50daae8b0e17613c07bedf7fbf57aad28f2f5f5756b2cc2a7e812daa32795a0168b45e20c074597e572c9ddcf0034c1ad81142dd44bf64d40ade59355dc894f065580d0a8ee570e99cfe7e3f138e56662a260a3f7a8ff7be33cb1dd6e17b94ed450eea26306d0106ab7bfbfbfe3279bb464369b71b2068d924356d9eff7f618faf860ae24103e1db3abd56a3a9d2a00d843376650eec35b948ef495e2514aa1653299d0b000680833dd2b7ed3140652d05839641537a8a27fd84500aa23fdd193455f16723a9d123b66fddee57219f8e534009097c4e95e0ca400af66157f5045ffb64b0154d0e170b8754760519c30f713fbfefe568af8f9f979f16a4eb518e3f1d87eba67341a71c53c8086300329f1e95edce110305ecd2ad3e9d41c5483c1c02e025071e7db0f6f49a478337ce4c6628a22b74e1f72730e000d913890224cf7027c2f65155515ee12d8cd66639702a811e58a941962896edd58cc5c94d2ed76edfbfef47a3d4e1f02a83db581e64e27a3d188ebe6818c5eca2a6e5045a5865d04a0a60e87837ad9f5f56ec8ea50bfaee237ecf2a9eb55976c268c25ded366381cc6230d00d4831f4ee2a7691c06528014cf67151d810caa0010c51875b426c0a4a717e3f3f373329970fa10402d993b0ea78413838114208be7b3ca62b170079b5d04007f37164bb9d6458d86528db94c5f21e727f8c7e7034016775bbf7ebfafa66fb95cf2a47920a3e7b34aafd733079e428b5d0400fffbdf6ab572edc343f453a3d1484d0abd38800a311125f1ba3ec209f0a227b3ca76bb350761abd5e28428005153a09811bf2845f1439db4fa72bd3a1c0e33de5b4cbebebed4fdafd76be6480008504a44e18ec3405e9ecc2aeef98f3a4aed22004d753a9dbebfbf232144ff796b2ab63af89f9f1f4517fd941a13659278c289f0a78d6d361baec807f02e2911452d959a291a282047cf6415d525f6a0e4f98f40b3298aa8cf8e5c4faf2e7cb95c5e2e17fba6cc0e87c36ab5524f9f710a997eaf028c79b48bb9db1823300072b4dbedd4b0a85d5223a3b64e0d0e110528d933594587ab39385522d845001a669ff4d479658cbcee0a783e9fb7dbadea03150759ee2de6eb76bbe65ec90a3ff6e30020957f7fe17ebf6f5b93544414a0040f67159eff08349c3a66370bd451a228b4c336d3c6544698f492b1921033796c3a9dea07f509a41700cef1785cad56e3f1f8eefd857d4414a04c0f671537a8d2e3f98f40c36c361bd5fda60570945bde757f9bf3f9ac7241df4a3944a583be5be2f48c38d52583c1403fb55eafb9390fd0282e9f64692efafdbe3bd9a19f5283c3d477a0648f65150655806652271dbf86449d7d98c314fa56cbe552212afb3dc7fc6966aa60984206d449c67cc2fd8581003d96551854011ae572b92c168b48efaeb25e4d4155ae623793c7beffae8b7d68a687b4db6d720b50396aa0cc056fc3e130259fa8351b0c06f3f99c700204eb81acc2a00ad01ce7f359ddbc2a7573c81b9f9f9f5aa8a6c0bea9b2143c4c1d93fd225a3197bea8f4d10f8a9910223c630a783b1d89cbe5d29c92f08749e3c82740b53c90551854019ac0a494c8ec2995e9eada1b5294ef1f7f6ca5e1920c010628947fcfae2c83a5e413a0bab26615065580da4b4c299d671f96520f4fe716472b5019467ec762ae57f3abc6e2f25ce0218f86131db03ae866b3d96ab5229f00959635ab30a802d4d8ad94a26edebe03d79963aa964cc1a4d5a532c8849047af81f1f5fb7d8662009f89256696a639cab21c622a4e1463cca1548379aa009c4c59854115a0ae8e371e3c4f4a7982c2cc7abd36d55564953e471b827b2ba37eb433ff86febfd82fdacf75d464bf784cb86717d01099b20a832a40fdec931e3c4f4ac99dd2a029cb4c4da675fe3b16137b4c4d46dd6ed7fcb8a850339f696cb75bf38b8439667823370269f64cb7cfbf18e0f509aa46d440b17b038d723fab30a802d48c6a88c160600e6aa7d7ebadd76bfb0e9425f7a19844ee9a199f2a48d591e6fa19e6cce0694a0ecbe5f2a15beaa533979a98b9918bc542fb27e10468b2fb59854115a0365498ea403647b4a3dca26ac0be032179eedeca4fd3be61628cb2d3eff9f0bf2423fa26f63ba1f12e978bd92db5ab3c11b04d14119346c4041276330089ee64150655801a506db15c2e3bb107a28dc7634e58568b9b5d63b8e9fee2aef537e2a13417ea11ec2ff0707b809ad176343b98c92486d9d659f62b3353d15c6a252a1ef4513435009e7327ab30a80254daf17854091b79a4a3ca4d1dda5579f03c72672ea159ad56aa23cdb504913d04c8aed3e98c46a3c562c135ee008a909655185401aa6bbd5ec72f4a5149aaf29493df48e4066db4f35c4f88ff3356f3f413665033666c4dbbc776bba5310150b4b4acc2a00a5039890329d269f6231d519cfd7ebf5aadd45fa87eb57b1b2a4e0dc8359f7e992796885a0f9363b9a40440c96e66150655806a491c48112dd44bf64d000000d57133ab30a80254c2f9fac8f9f8408a96cc66332e4a010000d5959c55185401c2a71c32994cdca1ea3090020000ea2139ab30a802846cbfdf8f462373903a0ca40000809a49ce2a6e3e09832a40507448c6af60eef1c879000050470959e5e7e7c714409d4ec72e02f06eabd5aadbed9a63d3190e873a60ed3b000000ea2521ab4c26135306cd6633bb08c09b5c2e97c56211b974bed56a8dc763a67b0100807a8b66151546ee815f3c831678a3c494a2fffcfefe3e9d4ef64d000000f515cd2adbedd695447611807225a6141ee60800009a269a55c6e3b1298c2693895d04a02cb752ca6ab5b2ef000000688c7fb28aea24f7ac062ed805ca94f84847520a000068b27fb2ca62b130151213c080d29c4ea7e974eaae13334829000000ff64955eaf67ea248516bb0840618ec7e3783c8e3c789e9402000060fc9755dc55f5aa9ccee7b35d0aa000890f9eeff57aa414000000e7bfac321c0e4dc1349d4eed220079fbf9f9190c06e65873bebebe369b8d7d07000000ae6c56399d4eb668faf8d8eff76621801c298df4fb7d7b98fde1c1f3000000b7d8ac329d4e5de5649600c8cb6ab5ea76bbe61073c6e331e70500000052fc6695d3e9e4aeee65220a9017f3b0944ea7630e2e43c7da6432391e8ff64d000000b8e137abb82b557abd9e590ae015cafff187a57c7e7ece6633bd64df04000080541feef65fb2dbedec62004fd14114bfc19742cb7c3ee7f67a0000000ff970d3e8c7e3b15d06e04197cb65b55ab92714399d4e67b95cea55fb3e00000064662baacfcf4fa6a6004f389fcfdfdfdf91a7cecbd7d7d77abdb66f020000c0e36c5dc583ea814725a69456abc50dbe00000072f15b5da9d8b2ff052083c494d26eb7b590f149000080bcfcd658fd7edffe1780548929a5d3e9ac562bfb0e000000e4e4b7d29a4c26f6bf00dc404a01000028d96fbdc5c52a400a520a0000c05bfc565ddbedd6fe1700cf7ebf9f4ea7a414000080b7f8adbdb81a18f01d8fc7d96ca64c72cd26ff21a500000094e9a3d7ebd97f028db75eaf0783818d261e520a000040f93e369b8dfd27d0546620a5dd6edb68f2474b2693c9cfcf8f7d1f0000004af461ff1f68a45b0329a3d188ebb8000000de8bac8226ba3590d2e974e6f33957700100008480ac82666120050000a02ac82a6884d3e974eb8a142d3f1e8ff67d0000000806590535b7dbed46a3918d269ec160b05eafed9b000000101eb20aeae972b9ac56ab6eb76ba3c91f0652000000aa82ac821a9acfe79187cd4bbfdf6720050000a042c82aa8959f9f9fc8584aabd51a8fc7fbfddebe03000000154156414d9c4ea7c87529ed76fbfbfb9b1b100300005414590595b7dfefa7d3a93fe9abd56acde7f3cbe562df010000800a22aba0aa4c44e9743a36a0fc190e878ca5000000d400590515732ba248b7dbe5798e000000b5415641351c8fc7d96c961851daedf66432f9f9f9b16f050000402d905510baf57a3d180c6c2ef11051000000ea8dac824099811405121b4dfe10510000001a82ac82e0dc1a48198d465c8e020000d01c641584e2743a250ea4743a9df97cceadbd0000009a86ac82f7dbed7691c7381a83c160bd5edb37010000a061c82a789bcbe5b25aadbaddae8d267fdaedf66c363b1e8ff67d0000006824b20adee070384c2613ff49f346bfdf672005000000065905e5399fcfcbe5323e90d26ab5c6e3f17ebfb7ef03000000c82a28c766b349bc22a5dd6e7f7f7f73dd3c000000e2c82a28d0ad67a488a20bd3bd0000009082ac8242dc7a464ab7db5d2e970ca4000000e02eb20af294f2b0f9e9747a381cecfb000000807bc82ac8c7ad81149e9102000080e79055f0929481149e9102000080579055f02406520000005028b20a1eb3dfefa7d3290329000000281a5905999888d2e9746c34f1309002000080229055902625a230900200008042915590203da24c26939f9f1ffb56000000a0186415fcc7dcd48b8802000080109055f0bff3f9bc5c2efbfdbecd251e220a000000de85acd268dbed76341ab55a2d1b4dfe1051000000f076649526ba75df61851645170518fb3e000000e07dc82a0d9272c57cbfdf5f2e97e7f3d9be150000007837b24afda5dfd44b2f1d0e07fb5600000020186495dae2bec3000000a834b24aad9c4ea7f57aad1c424401000040d591552aef783cae56abf178dced766d28f9171105000000554456a9b0f97c9e387e621051000000506964954a3a1c0e898f6e6cb55a83c1401966b7dbd9b702000000d54456a9122590c56211797a23f904000000b5f4713a9dec3f111e6d9dcd66339bcdbebebe6c34f128a528a2d8b702000000f5f25bef4ea753124b508ec7a3f249cab528d2eff7792e0a0000006acc16be249640acd7ebc16060b74a8cd2cb68345a2c164cf702000040edd922d851353c9bcd2e978b7d1da5d86c3693c9a4dd6edbcde0f9fafad216d11b489200000068940f15c1bd5ecfd6c57fbadd2e67ee8ba6ecb15aad86c3a17fa1bc33180cd6ebb57d2b000000d03cf63e60898985596145d8eff7dfdfdff1b56db4dbedd96c763c1eedbb01000080a68adeb378b55a7d7e7edac2d9d3e97496cba57d133253ead86eb70a27c3e130e55af96eb7ab64c8731b0100000027e1f92aa7d3e9d6e5dde3f1987a3a9dd68f429d82c7d7d757e2e42e9fd6f362b160140500000088bbf92cc8c45961119d4ea7e1f3c4f4b72b9c9861936eb76bd74baa76bbadc8b75eafb981010000009022d373eb5555ab16b7b5764cebfadc74d5ebaabf6b7f45fe7ebfd79fa93ff6ebeb2b71b25c84de636ee4b55aadb85d01000000905da6ac62a84c9f4ea729175d38dd6e773c1e6f361bfb9355f6f3f3b3582c269349e293e3e37abdde68345298d10f726702000000e0690f6495b8bbf3c43e3f3f55b8af56abaa54ed97cb4519633e9feb6b6799d3d56ab5946114e1183601000000f2f55256310e8783b9d595eafb7ebf6fabf818a51a6580fd7e6f7f2c00c7e3d10c9b98395d59c249a7d33113de94d3b8261e000000284e0e59252e7db658bbdd36977028ba282a28ead81fcbdb6eb7735144394abfd47da52c979a188a58e3f1d87cd5f3f96c3f1a00000040c10ac92a8ed282aafc94c116e7eeed7d33521ac97861c92dfab693c964b95c32a70b00000078a362b38a733e9fd7ebb53240964bf34b634678f4adbebfbfb7db2de10400000008474959c577381cccf5ebb3d92ce35522cfd1878b7e8ba28892927e2957980000000055f186ac0200000000779155000000008488ac0200000020446415000000002122ab00000000081159050000004088c82a00000000424456010000001022b20a00000080109155000000008488ac0200000020446415000000002122ab00000000081159050000004088c82a00000000424456010000001022b20a00000080109155000000008488ac0200000020446415000000002122ab00000000081159050000004088c82a00000000424456010000001022b20a00000080109155000000008488ac0200000020446415000000002122ab00000000081159050000004088c82a00000000424456010000001022b20a00000080109155000000008488ac0200000020446415000000002122ab00000000081159050000004088c82a00000000424456010000001022b20a00000080109155000000008488ac0200000020446415000000002122ab00000000081159050000004088c82a00000000424456010000001022b20a00000080109155000000008488ac0200000020446415000000002122ab00000000081159050000004088c82a00000000424456010000001022b20a00000080109155000000008488ac020000002044641500000000e1f9dffffe3f0780647941c6b92c0000000049454e44ae426082);
INSERT INTO `forum_posts` (`PostID`, `UserID`, `Title`, `Content`, `CreatedAt`, `Image`) VALUES
(3, 21, 'SMALT', 'TES', '2025-02-26 14:31:41', 0x89504e470d0a1a0a0000000d49484452000001790000011c0802000000ad585383000000017352474200aece1ce90000000467414d410000b18f0bfc6105000000097048597300000ec300000ec301c76fa86400000c3349444154785eeddd3d96db361805d0295da64c99a5a4cc0252b87499323b48e925b8cc32b2ac942e139cc1671e581a69f4433e42f2bdd510a44888049e005233f3f21fc0f6640d90206b8004590324c81a2041d60009b2064890354082ac0112640d90206b8004590324c81a2041d60009b2064890354082ac0112640d90206b8004590324c81a2041d60009b2064890354082ac0112640d90206b8004590324c81a2041d60009b2064890354082ac0112640d90206b8004590324c81a2041d60009b2064890354082ac0112640d90206b8004590324c81a2041d60009b2064890354082ac0112640d90206b8004590324c81a2041d60009b2064890354082ac0112640d90206b8004590324c81a2041d60009b2064890354082ac0112640d90206b8004590324c81a2041d60009b2064890354082ac0112640d90206b8004590324c89a87f7cf3ffffcf2eaefbfffae22988fac79782d655e5e7df8f0a18a603eb2e6e17dfefcb9674d5345301fadf31954d2c81a26a6753e834a1a59c3c4b4ce675049236b9898d6f90c3e7cf8d0b3e6f3e7cf5504939135cfe0cf3fffec59e35114d39a346bfa77467aff693f7cf9f2a5564c6692efb67cfdfab59faba68a60323336cdd6817ffae9a7ea3adfdbbd571ff8f9e79f7bc5da8062df8af56a34b50c9399ae699e099a510b9d19063b559b5781f94b3b39bffefaeb9ba156959035cc6abaa6b98c149a3ffef8a3cd0e3e7dfa54cb47f61de6b4b0ab7a7cb3f5add97e72de0cb55e81a69661327335cdf6b95d3de63568aaf49bf10bb28b1def862eb1b80cc4b6ae4c3f4a739cb0b542d630abb99ae638a8a9a2b78c839de3488ae91568fefdf7df9632fde74d8736cb518e43ad9737b50c9399ab695677d92941ae7da854757dedde99a7ce677ef5a94a9f3a6bcedcae627e1335cdf1f64715658d0f95aae8b471bad716db506b1974fcf5d75f7d9b2df44334b5fccd72f427fe3adf99db55cc6fa2ac59bafac78f1fab680367062ffde85d159d763cdd5b8636cd7671530738ba65f3237c9dafbfc1a6967928135db66a472f2f6d8c50451b6829d38fd2fae44177ede55d159d56db0dd3bd56eddf7efbad4a371b5f2ce397834c6947efe54d153d9d7a7bb2e631cd9835b5bc8df196c74177add257e76f0a1c4ca01663dc6c34be08dfb299ea1649bd3d59f39866b96ca77aef164e75d72a7a753e29ce3c2f1bc7171b75d1dafbd1a1ab74d513b8dc2299216efabb6b6a998732cb653bd37bb750471a8e75fcc5bc5a71648cc5379f97b59ed9d76e34b4e93b6f6af99b2a5df5046efd5eaed26bd2d4320f6596cb568d28f5b4bb0e36b4da31ecba5a71e4dd581cc74d5bdcb5a95d1f1dbd4a57ed8a67a66c79558f096ac20d66b96cd58852cda80e361cae9607b5e248ad3e1b8b9b3e15ea7b6e6af99b2a5dfb1cd64e5397e68caac70435e106b35cb66a44a96654071b0e57cb835af1bd0bef2b7dddf2eb367db74d2d7fb31c71ddc154df6753cbfba97a4c50136e30cb65ab46946a4675b0e170b53ca815dfbbfcbed2f8759b4ce7df6830d5f7d9d4f27eaa1e13d4841bcc72d9aa11a59a511d6c785454cb835e7ea0d65d705f69bbe7df7d9f4d2d7fb3d1576c6a8f9b3d56bb5cd563829a70831f346b96e9464f817166b4e85b8eae7d30bffaf3ef5681e5bb888bf13bd055b4ea693c38573b9aa726dce007cd9a83c72bc70fa19abee5e88607f363f7b83f6e8e83e694df7fffbd5ef39e9e5f63601d98e751d4540fc5b8d614d7ecdaf1c22aea78af47ac9f5e6746f5d35b23915a71cd83f9b17bdcff693cee6d7567aa575b4cd0c3ab1eb2e6014d71cd6e182fdcaf8ef77dd6b49fc791c8eb86e5e65f431f03e2fea1cd72aefa6fa8ae983e6702b4b698a087573d26a809d79ae29a55f3b966bc70bf3ae451d69c1aa81f74f2ab8cf97567dcf4fd345f4ffc866aadbed2f9335f1bcd747bb896791c73654d2d47d4215f5e8e6770b530d467dce654273f63ad99d42593cd5abdeac93c35d6cb5b6ad24e6915f120566891ad03dcf9abc0bdf534b51c51877c79399ec1d5c2f0317eff2c6f8c9b9bfbc925d5d8a2378e95afa29dfc087fa6e759add0747a0768d7fee6b8e9ada7a9e5883ae46099472cddb537e8713471cf2c6fec27b79dabfef2e64c359efb1b7d1b7d878880152ed8d833efec42b51c51871cd48aef3fc6db3bba7f50d3b57e72cfb9baf0e6f446bd71a9f98ac3a5dbf46a34b5cc8358e1828d3db3b5c82abd46bd38db7aea90835af16a0c85fe4373ffadeb83737579dcb4b1d5f29f61debd39dd376b6a790df34c5e7a359a5ae641ac73c10e0602557ab17ae5ae59739023e33b5ad4bafbdc16cde3d8eadd9bd3b5ddaae7739ec94b55628287625c65b576330e04ae6d04fd854d2d47d421bfa9d2c1f28eba15ffe2fa183767beb0bbb8f686516dba766fac9deeddc9c79656453c82d5baf7cdb383a65e3659d61c0c6dde1d4d5c650cb2f37d669c3d35557ad646bd71a3dd5e6bbc2e55c42358f36add363b68ea3593654db3bca3fbefd41c18cfd5f99d8fb3a70babb1516f1c77db7eaed23d2ca9b76f35b8cacadd7b6c8e97ff8da87ac17c59b3bbf1d9d3557957af597bbe33c91d62dfb27944ebf7b1a51d3497dc8c686aebfdb266d3ff7e77b3ab9e3d1d583ef9d7ed8d93dc219ee74635975bff52b57630fe4bb64bda7a6dba5fd6ac7b2f661507b769aeade146d3a8a676ba77275fc2d434ea516cd2625ac7f8f4e9536f0acdbb439bda6ebfaca9a2bdb57ce9bfed711034b7dd2daa17af3d8d9aa4939b463d9c0dbbd9d228db0fe79b7bdfaca9e5883ae4ab2adadb781b7871f36de9f1fc57d11a26e9e4edf36c798386360f61c36e360ee3cfc74d6df4c3674dd5667073d034bf0c7fc4af8ad6d03a79ed74b3f3b68cef6af904439bc7b26d373b889b2f5fbed48aefd5163f7cd62c1fd4dd3d41d32c27ffcefd1cebbb6d6a7955cbfcf1dd0409a41e2bdafc228d71d3bcf964aad6fdf059b35d3aac6bc9c456e12a5a434b99712cd6d48ad36a3b59f3081217e9206e8e3faf6ac54e593379c79ed0ea9397e394692eb92e6ba5de85b336ee11eade074fa60e2653559acd9aa599d632175b71f2f266ca34177e00ac927a97cfdab8c73eddbb19bf555c45d96edf475b0635b7e9d7abb9612c702a5fbaabaec8fd4fa396a0e9aa940decd0bd17cbbd9b5a76a51fc7d2c32f1f0b9c8f98e6b6dcbf67687310343e783695eedeed83e8e05bc52d6e6a41d63c8ef163a38a4e6b97788b94e9ee99d0ddf07baddc6c87ee7d70ef66545bf008de9dbcac38573aefdd9abca955afbfaa113401bb75ef83f95457eb7804e7272f07d393c516bdfab669d45a7f469a0bed79960fe2c667cb6339735fb64d9a0e82e6e3c78f6dfb5abdb6711a75e1bd6a839a3c89ceedde1c508c7f73a7c9f4e425f52e1cda18d4e439d1dcee7868b3d7939d718c5c45a719d4ec42d670976568736cbb49d39b4e4de88e19d4ecc2b9e62ee3d066941f2f5c7887d8a0662fb2867b1ddce36f76e9c3c713ba3719d4ecc5e9e679bc3bb431a8d991ace179bcfbf0dba06647ce384f6599461d0f6d6efe0738ac42d6f054c69b47077fba6419d4ccf92f7a9e9eace1d92c439b66b9493c0e6ac20fe3e9640dcf661cdab4dc6929337ec3d0a0662fb2862774ea5b3f8d41cd5e640dcfe9f85b3f8d5bc23b92353cad368419ff5292a0d997ac0112640d90206b8004590324c81a2041d60009b2064890354082ac0112640d90206b8004590324c81a2041d60009b2064890354082ac0112640d90206b8004590324c81a2041d60009b2064890354082ac0112640d90206b8004590324c81a2041d60009b2064890354082ac0112640d90206b8004590324c81a2041d60009b2064890354082ac0112640d90206b8004590324c81a2041d60009b2064890354082ac0112640d90206b8004590324c81a2041d60009b2064890354082ac0112640d90206b8004590324c81a2041d60009b2064890354082ac0112640d90206b8004590324c81a2041d60009b2064890354082ac0112640d90206b8004590324c81a2041d60009b2064890354082ac0112640d90206b8004590324c81a2041d60009b2064890354082ac0112640d90206b8004590324c81a2041d60009b2064890354082ac0112640d90206b8004590324c81a2041d60009b2064890354082ac0112640d90206b8004590324c81a2041d60009b2064890354082ac0112640d90206b8004590324c81a2041d60009b2064890354082ac0112640d90206b8004590324c81a2041d60009b2064890354082ac0112640d90206b8004590324c81a2041d60009b2064890354082ac0112640db0bdfffefb1fc79d9bc85f5a4d260000000049454e44ae426082),
(6, 21, 'XD', 'XD', '2025-03-01 08:45:22', NULL),
(8, 21, '1', '1', '2025-03-01 08:46:02', NULL),
(9, 5, '123', '123', '2025-03-01 09:07:20', NULL),
(11, 21, '1', '23123123', '2025-03-01 10:48:11', 0x89504e470d0a1a0a0000000d49484452000001790000011c0802000000ad585383000000017352474200aece1ce90000000467414d410000b18f0bfc6105000000097048597300000ec300000ec301c76fa86400000c3349444154785eeddd3d96db361805d0295da64c99a5a4cc0252b87499323b48e925b8cc32b2ac942e139cc1671e581a69f4433e42f2bdd510a44888049e005233f3f21fc0f6640d90206b8004590324c81a2041d60009b2064890354082ac0112640d90206b8004590324c81a2041d60009b2064890354082ac0112640d90206b8004590324c81a2041d60009b2064890354082ac0112640d90206b8004590324c81a2041d60009b2064890354082ac0112640d90206b8004590324c81a2041d60009b2064890354082ac0112640d90206b8004590324c81a2041d60009b2064890354082ac0112640d90206b8004590324c81a2041d60009b2064890354082ac0112640d90206b8004590324c81a2041d60009b2064890354082ac0112640d90206b8004590324c81a2041d60009b2064890354082ac0112640d90206b8004590324c89a87f7cf3ffffcf2eaefbfffae22988fac79782d655e5e7df8f0a18a603eb2e6e17dfefcb9674d5345301fadf31954d2c81a26a6753e834a1a59c3c4b4ce675049236b9898d6f90c3e7cf8d0b3e6f3e7cf5504939135cfe0cf3fffec59e35114d39a346bfa77467aff693f7cf9f2a5564c6692efb67cfdfab59faba68a60323336cdd6817ffae9a7ea3adfdbbd571ff8f9e79f7bc5da8062df8af56a34b50c9399ae699e099a510b9d19063b559b5781f94b3b39bffefaeb9ba156959035cc6abaa6b98c149a3ffef8a3cd0e3e7dfa54cb47f61de6b4b0ab7a7cb3f5add97e72de0cb55e81a69661327335cdf6b95d3de63568aaf49bf10bb28b1def862eb1b80cc4b6ae4c3f4a739cb0b542d630abb99ae638a8a9a2b78c839de3488ae91568fefdf7df9632fde74d8736cb518e43ad9737b50c9399ab695677d92941ae7da854757dedde99a7ce677ef5a94a9f3a6bcedcae627e1335cdf1f64715658d0f95aae8b471bad716db506b1974fcf5d75f7d9b2df44334b5fccd72f427fe3adf99db55cc6fa2ac59bafac78f1fab680367062ffde85d159d763cdd5b8636cd7671530738ba65f3237c9dafbfc1a6967928135db66a472f2f6d8c50451b6829d38fd2fae44177ede55d159d56db0dd3bd56eddf7efbad4a371b5f2ce397834c6947efe54d153d9d7a7bb2e631cd9835b5bc8df196c74177add257e76f0a1c4ca01663dc6c34be08dfb299ea1649bd3d59f39866b96ca77aef164e75d72a7a753e29ce3c2f1bc7171b75d1dafbd1a1ab74d513b8dc2299216efabb6b6a998732cb653bd37bb750471a8e75fcc5bc5a71648cc5379f97b59ed9d76e34b4e93b6f6af99b2a5df5046efd5eaed26bd2d4320f6596cb568d28f5b4bb0e36b4da31ecba5a71e4dd581cc74d5bdcb5a95d1f1dbd4a57ed8a67a66c79558f096ac20d66b96cd58852cda80e361cae9607b5e248ad3e1b8b9b3e15ea7b6e6af99b2a5dfb1cd64e5397e68caac70435e106b35cb66a44a96654071b0e57cb835af1bd0bef2b7dddf2eb367db74d2d7fb31c71ddc154df6753cbfba97a4c50136e30cb65ab46946a4675b0e170b53ca815dfbbfcbed2f8759b4ce7df6830d5f7d9d4f27eaa1e13d4841bcc72d9aa11a59a511d6c785454cb835e7ea0d65d705f69bbe7df7d9f4d2d7fb3d1576c6a8f9b3d56bb5cd563829a70831f346b96e9464f817166b4e85b8eae7d30bffaf3ef5681e5bb888bf13bd055b4ea693c38573b9aa726dce007cd9a83c72bc70fa19abee5e88607f363f7b83f6e8e83e694df7fffbd5ef39e9e5f63601d98e751d4540fc5b8d614d7ecdaf1c22aea78af47ac9f5e6746f5d35b23915a71cd83f9b17bdcff693cee6d7567aa575b4cd0c3ab1eb2e6014d71cd6e182fdcaf8ef77dd6b49fc791c8eb86e5e65f431f03e2fea1cd72aefa6fa8ae983e6702b4b698a087573d26a809d79ae29a55f3b966bc70bf3ae451d69c1aa81f74f2ab8cf97567dcf4fd345f4ffc866aadbed2f9335f1bcd747bb896791c73654d2d47d4215f5e8e6770b530d467dce654273f63ad99d42593cd5abdeac93c35d6cb5b6ad24e6915f120566891ad03dcf9abc0bdf534b51c51877c79399ec1d5c2f0317eff2c6f8c9b9bfbc925d5d8a2378e95afa29dfc087fa6e759add0747a0768d7fee6b8e9ada7a9e5883ae46099472cddb537e8713471cf2c6fec27b79dabfef2e64c359efb1b7d1b7d878880152ed8d833efec42b51c51871cd48aef3fc6db3bba7f50d3b57e72cfb9baf0e6f446bd71a9f98ac3a5dbf46a34b5cc8358e1828d3db3b5c82abd46bd38db7aea90835af16a0c85fe4373ffadeb83737579dcb4b1d5f29f61debd39dd376b6a790df34c5e7a359a5ae641ac73c10e0602557ab17ae5ae59739023e33b5ad4bafbdc16cde3d8eadd9bd3b5ddaae7739ec94b55628287625c65b576330e04ae6d04fd854d2d47d421bfa9d2c1f28eba15ffe2fa183767beb0bbb8f686516dba766fac9deeddc9c79656453c82d5baf7cdb383a65e3659d61c0c6dde1d4d5c650cb2f37d669c3d35557ad646bd71a3dd5e6bbc2e55c42358f36add363b68ea3593654db3bca3fbefd41c18cfd5f99d8fb3a70babb1516f1c77db7eaed23d2ca9b76f35b8cacadd7b6c8e97ff8da87ac17c59b3bbf1d9d3557957af597bbe33c91d62dfb27944ebf7b1a51d3497dc8c686aebfdb266d3ff7e77b3ab9e3d1d583ef9d7ed8d93dc219ee74635975bff52b57630fe4bb64bda7a6dba5fd6ac7b2f661507b769aeade146d3a8a676ba77275fc2d434ea516cd2625ac7f8f4e9536f0acdbb439bda6ebfaca9a2bdb57ce9bfed711034b7dd2daa17af3d8d9aa4939b463d9c0dbbd9d228db0fe79b7bdfaca9e5883ae4ab2adadb781b7871f36de9f1fc57d11a26e9e4edf36c798386360f61c36e360ee3cfc74d6df4c3674dd5667073d034bf0c7fc4af8ad6d03a79ed74b3f3b68cef6af904439bc7b26d373b889b2f5fbed48aefd5163f7cd62c1fd4dd3d41d32c27ffcefd1cebbb6d6a7955cbfcf1dd0409a41e2bdafc228d71d3bcf964aad6fdf059b35d3aac6bc9c456e12a5a434b99712cd6d48ad36a3b59f3081217e9206e8e3faf6ac54e593379c79ed0ea9397e394692eb92e6ba5de85b336ee11eade074fa60e2653559acd9aa599d632175b71f2f266ca34177e00ac927a97cfdab8c73eddbb19bf555c45d96edf475b0635b7e9d7abb9612c702a5fbaabaec8fd4fa396a0e9aa940decd0bd17cbbd9b5a76a51fc7d2c32f1f0b9c8f98e6b6dcbf67687310343e783695eedeed83e8e05bc52d6e6a41d63c8ef163a38a4e6b97788b94e9ee99d0ddf07baddc6c87ee7d70ef66545bf008de9dbcac38573aefdd9abca955afbfaa113401bb75ef83f95457eb7804e7272f07d393c516bdfab669d45a7f469a0bed79960fe2c667cb6339735fb64d9a0e82e6e3c78f6dfb5abdb6711a75e1bd6a839a3c89ceedde1c508c7f73a7c9f4e425f52e1cda18d4e439d1dcee7868b3d7939d718c5c45a719d4ec42d670976568736cbb49d39b4e4de88e19d4ecc2b9e62ee3d066941f2f5c7887d8a0662fb2867b1ddce36f76e9c3c713ba3719d4ecc5e9e679bc3bb431a8d991ace179bcfbf0dba06647ce384f6599461d0f6d6efe0738ac42d6f054c69b47077fba6419d4ccf92f7a9e9eace1d92c439b66b9493c0e6ac20fe3e9640dcf661cdab4dc6929337ec3d0a0662fb2862774ea5b3f8d41cd5e640dcfe9f85b3f8d5bc23b92353cad368419ff5292a0d997ac0112640d90206b8004590324c81a2041d60009b2064890354082ac0112640d90206b8004590324c81a2041d60009b2064890354082ac0112640d90206b8004590324c81a2041d60009b2064890354082ac0112640d90206b8004590324c81a2041d60009b2064890354082ac0112640d90206b8004590324c81a2041d60009b2064890354082ac0112640d90206b8004590324c81a2041d60009b2064890354082ac0112640d90206b8004590324c81a2041d60009b2064890354082ac0112640d90206b8004590324c81a2041d60009b2064890354082ac0112640d90206b8004590324c81a2041d60009b2064890354082ac0112640d90206b8004590324c81a2041d60009b2064890354082ac0112640d90206b8004590324c81a2041d60009b2064890354082ac0112640d90206b8004590324c81a2041d60009b2064890354082ac0112640d90206b8004590324c81a2041d60009b2064890354082ac0112640d90206b8004590324c81a2041d60009b2064890354082ac0112640d90206b8004590324c81a2041d60009b2064890354082ac0112640d90206b8004590324c81a2041d60009b2064890354082ac0112640d90206b8004590324c81a2041d60009b2064890354082ac0112640db0bdfffefb1fc79d9bc85f5a4d260000000049454e44ae426082),
(12, 18, 'a', 'aqdsadassa312312', '2025-03-01 11:53:17', NULL);

-- --------------------------------------------------------

--
-- Table structure for table `forum_post_votes`
--

CREATE TABLE `forum_post_votes` (
  `VoteID` int(11) NOT NULL,
  `UserID` int(11) NOT NULL,
  `PostID` int(11) NOT NULL,
  `VoteValue` tinyint(4) NOT NULL,
  `CreatedAt` timestamp NOT NULL DEFAULT current_timestamp()
) ENGINE=InnoDB DEFAULT CHARSET=utf8 COLLATE=utf8_general_ci;

--
-- Dumping data for table `forum_post_votes`
--

INSERT INTO `forum_post_votes` (`VoteID`, `UserID`, `PostID`, `VoteValue`, `CreatedAt`) VALUES
(2, 18, 11, 1, '2025-03-01 13:09:51'),
(4, 18, 12, 1, '2025-03-01 13:43:00');

-- --------------------------------------------------------

--
-- Table structure for table `payments`
--

CREATE TABLE `payments` (
  `PaymentID` int(11) NOT NULL,
  `UserID` int(11) DEFAULT NULL,
  `Amount` decimal(10,2) NOT NULL,
  `DueDate` date NOT NULL,
  `Status` enum('Pending','Paid','Overdue') NOT NULL,
  `PaymentDate` datetime DEFAULT NULL
) ENGINE=InnoDB DEFAULT CHARSET=utf8mb4 COLLATE=utf8mb4_general_ci;

-- --------------------------------------------------------

--
-- Table structure for table `polls`
--

CREATE TABLE `polls` (
  `PollID` int(11) NOT NULL,
  `Question` varchar(255) NOT NULL,
  `CreatedBy` int(11) DEFAULT NULL,
  `CreatedAt` timestamp NOT NULL DEFAULT current_timestamp()
) ENGINE=InnoDB DEFAULT CHARSET=utf8mb4 COLLATE=utf8mb4_general_ci;

-- --------------------------------------------------------

--
-- Table structure for table `poll_responses`
--

CREATE TABLE `poll_responses` (
  `ResponseID` int(11) NOT NULL,
  `PollID` int(11) DEFAULT NULL,
  `UserID` int(11) DEFAULT NULL,
  `Response` varchar(255) NOT NULL,
  `SubmittedAt` timestamp NOT NULL DEFAULT current_timestamp()
) ENGINE=InnoDB DEFAULT CHARSET=utf8mb4 COLLATE=utf8mb4_general_ci;

-- --------------------------------------------------------

--
-- Table structure for table `reports`
--

CREATE TABLE `reports` (
  `ReportID` int(11) NOT NULL,
  `ReportType` varchar(100) DEFAULT NULL,
  `GeneratedBy` int(11) DEFAULT NULL,
  `GeneratedAt` timestamp NOT NULL DEFAULT current_timestamp()
) ENGINE=InnoDB DEFAULT CHARSET=utf8mb4 COLLATE=utf8mb4_general_ci;

-- --------------------------------------------------------

--
-- Table structure for table `service_requests`
--

CREATE TABLE `service_requests` (
  `RequestID` int(11) NOT NULL,
  `UserID` int(11) DEFAULT NULL,
  `ServiceType` varchar(100) NOT NULL,
  `Description` text NOT NULL,
  `Status` enum('Pending','In Progress','Resolved','Rejected') NOT NULL,
  `RequestDate` timestamp NOT NULL DEFAULT current_timestamp()
) ENGINE=InnoDB DEFAULT CHARSET=utf8mb4 COLLATE=utf8mb4_general_ci;

-- --------------------------------------------------------

--
-- Table structure for table `users`
--

CREATE TABLE `users` (
  `UserID` int(11) NOT NULL,
  `Username` varchar(50) NOT NULL,
  `PasswordHash` varchar(255) NOT NULL,
  `Email` varchar(100) NOT NULL,
  `PhoneNumber` varchar(20) DEFAULT NULL,
  `Role` enum('Homeowner','Administrator','Staff') NOT NULL,
  `CreatedAt` timestamp NOT NULL DEFAULT current_timestamp(),
  `FirstName` varchar(50) CHARACTER SET utf8 COLLATE utf8_general_ci DEFAULT NULL,
  `MiddleName` varchar(50) CHARACTER SET utf8 COLLATE utf8_general_ci DEFAULT NULL,
  `LastName` varchar(50) CHARACTER SET utf8 COLLATE utf8_general_ci DEFAULT NULL
) ENGINE=InnoDB DEFAULT CHARSET=utf8mb4 COLLATE=utf8mb4_general_ci;

--
-- Dumping data for table `users`
--

INSERT INTO `users` (`UserID`, `Username`, `PasswordHash`, `Email`, `PhoneNumber`, `Role`, `CreatedAt`, `FirstName`, `MiddleName`, `LastName`) VALUES
(1, '', 'a665a45920422f9d417e4867efdc4fb8a04a1f3fff1fa07e998e86f7f7a27ae3', '', NULL, 'Homeowner', '2025-02-15 10:29:10', '2', NULL, NULL),
(4, 'staffuser', 'a665a45920422f9d417e4867efdc4fb8a04a1f3fff1fa07e998e86f7f7a27ae3', 'staffuser@example.com', '1234567890', 'Staff', '2025-02-16 01:24:50', NULL, NULL, NULL),
(5, 'adminuser', 'a665a45920422f9d417e4867efdc4fb8a04a1f3fff1fa07e998e86f7f7a27ae3', 'adminuser@example.com', '1234567890', 'Administrator', '2025-02-16 01:24:50', NULL, NULL, NULL),
(6, '1234', 'a665a45920422f9d417e4867efdc4fb8a04a1f3fff1fa07e998e86f7f7a27ae3', '1234@1234.com', 'xd', 'Homeowner', '2025-02-16 02:55:32', NULL, NULL, NULL),
(10, '1235', 'a665a45920422f9d417e4867efdc4fb8a04a1f3fff1fa07e998e86f7f7a27ae3', '123@1234.com', '123', 'Homeowner', '2025-02-16 03:21:55', NULL, NULL, NULL),
(11, 'hello', 'a665a45920422f9d417e4867efdc4fb8a04a1f3fff1fa07e998e86f7f7a27ae3', 'xd@xd.com', '123', 'Homeowner', '2025-02-16 03:33:59', 'xdxd', NULL, NULL),
(18, '22', 'a665a45920422f9d417e4867efdc4fb8a04a1f3fff1fa07e998e86f7f7a27ae3', 'xdxd@xdxd', '123', 'Homeowner', '2025-02-16 03:54:01', '123333', '1', '123'),
(20, '223', '03ac674216f3e15c761ee1a5e255f067953623c8b388b4459e13f978d7c846f4', '321', '1', 'Homeowner', '2025-02-23 11:01:19', '11', '11', '11'),
(21, 'johndoe', 'a665a45920422f9d417e4867efdc4fb8a04a1f3fff1fa07e998e86f7f7a27ae3', '123@123.com', '121', 'Homeowner', '2025-02-23 11:04:36', '123', '1xd', 'xd'),
(22, '24', 'a665a45920422f9d417e4867efdc4fb8a04a1f3fff1fa07e998e86f7f7a27ae3', '1234@123.com', '111', 'Homeowner', '2025-02-23 11:05:10', '123', '11', '11'),
(23, '23', 'a665a45920422f9d417e4867efdc4fb8a04a1f3fff1fa07e998e86f7f7a27ae3', '12344@1234.com', '14444', 'Homeowner', '2025-02-23 11:09:24', '1', '1', '1');

-- --------------------------------------------------------

--
-- Table structure for table `vehicle_registrations`
--

CREATE TABLE `vehicle_registrations` (
  `VehicleID` int(11) NOT NULL,
  `UserID` int(11) DEFAULT NULL,
  `PlateNumber` varchar(20) NOT NULL,
  `VehicleType` varchar(50) DEFAULT NULL,
  `RegistrationDate` date DEFAULT curdate()
) ENGINE=InnoDB DEFAULT CHARSET=utf8mb4 COLLATE=utf8mb4_general_ci;

-- --------------------------------------------------------

--
-- Table structure for table `visitor_passes`
--

CREATE TABLE `visitor_passes` (
  `PassID` int(11) NOT NULL,
  `UserID` int(11) DEFAULT NULL,
  `VisitorName` varchar(100) DEFAULT NULL,
  `Purpose` varchar(255) DEFAULT NULL,
  `ValidUntil` date NOT NULL,
  `Status` enum('Pending','Approved','Denied') NOT NULL
) ENGINE=InnoDB DEFAULT CHARSET=utf8mb4 COLLATE=utf8mb4_general_ci;

--
-- Indexes for dumped tables
--

--
-- Indexes for table `announcements`
--
ALTER TABLE `announcements`
  ADD PRIMARY KEY (`AnnouncementID`),
  ADD KEY `UserID` (`UserID`);

--
-- Indexes for table `contact_directory`
--
ALTER TABLE `contact_directory`
  ADD PRIMARY KEY (`ContactID`);

--
-- Indexes for table `documents`
--
ALTER TABLE `documents`
  ADD PRIMARY KEY (`DocumentID`),
  ADD KEY `UploadedBy` (`UploadedBy`);

--
-- Indexes for table `events`
--
ALTER TABLE `events`
  ADD PRIMARY KEY (`EventID`),
  ADD KEY `CreatedBy` (`CreatedBy`);

--
-- Indexes for table `facilities`
--
ALTER TABLE `facilities`
  ADD PRIMARY KEY (`FacilityID`);

--
-- Indexes for table `facility_reservations`
--
ALTER TABLE `facility_reservations`
  ADD PRIMARY KEY (`ReservationID`),
  ADD KEY `UserID` (`UserID`),
  ADD KEY `FacilityID` (`FacilityID`);

--
-- Indexes for table `feedback`
--
ALTER TABLE `feedback`
  ADD PRIMARY KEY (`FeedbackID`),
  ADD KEY `UserID` (`UserID`);

--
-- Indexes for table `forum_comments`
--
ALTER TABLE `forum_comments`
  ADD PRIMARY KEY (`CommentID`),
  ADD KEY `PostID_idx` (`PostID`),
  ADD KEY `fk_forum_comments_users` (`UserID`);

--
-- Indexes for table `forum_comment_votes`
--
ALTER TABLE `forum_comment_votes`
  ADD PRIMARY KEY (`VoteID`),
  ADD UNIQUE KEY `UniqueUserCommentVote` (`UserID`,`CommentID`),
  ADD KEY `CommentID_idx` (`CommentID`);

--
-- Indexes for table `forum_posts`
--
ALTER TABLE `forum_posts`
  ADD PRIMARY KEY (`PostID`),
  ADD KEY `UserID` (`UserID`);

--
-- Indexes for table `forum_post_votes`
--
ALTER TABLE `forum_post_votes`
  ADD PRIMARY KEY (`VoteID`),
  ADD UNIQUE KEY `UniqueUserPostVote` (`UserID`,`PostID`),
  ADD KEY `PostID_idx` (`PostID`);

--
-- Indexes for table `payments`
--
ALTER TABLE `payments`
  ADD PRIMARY KEY (`PaymentID`),
  ADD KEY `UserID` (`UserID`);

--
-- Indexes for table `polls`
--
ALTER TABLE `polls`
  ADD PRIMARY KEY (`PollID`),
  ADD KEY `CreatedBy` (`CreatedBy`);

--
-- Indexes for table `poll_responses`
--
ALTER TABLE `poll_responses`
  ADD PRIMARY KEY (`ResponseID`),
  ADD KEY `PollID` (`PollID`),
  ADD KEY `UserID` (`UserID`);

--
-- Indexes for table `reports`
--
ALTER TABLE `reports`
  ADD PRIMARY KEY (`ReportID`),
  ADD KEY `GeneratedBy` (`GeneratedBy`);

--
-- Indexes for table `service_requests`
--
ALTER TABLE `service_requests`
  ADD PRIMARY KEY (`RequestID`),
  ADD KEY `UserID` (`UserID`);

--
-- Indexes for table `users`
--
ALTER TABLE `users`
  ADD PRIMARY KEY (`UserID`),
  ADD UNIQUE KEY `Username` (`Username`),
  ADD UNIQUE KEY `Email` (`Email`);

--
-- Indexes for table `vehicle_registrations`
--
ALTER TABLE `vehicle_registrations`
  ADD PRIMARY KEY (`VehicleID`),
  ADD UNIQUE KEY `PlateNumber` (`PlateNumber`),
  ADD KEY `UserID` (`UserID`);

--
-- Indexes for table `visitor_passes`
--
ALTER TABLE `visitor_passes`
  ADD PRIMARY KEY (`PassID`),
  ADD KEY `UserID` (`UserID`);

--
-- AUTO_INCREMENT for dumped tables
--

--
-- AUTO_INCREMENT for table `announcements`
--
ALTER TABLE `announcements`
  MODIFY `AnnouncementID` int(11) NOT NULL AUTO_INCREMENT, AUTO_INCREMENT=7;

--
-- AUTO_INCREMENT for table `contact_directory`
--
ALTER TABLE `contact_directory`
  MODIFY `ContactID` int(11) NOT NULL AUTO_INCREMENT;

--
-- AUTO_INCREMENT for table `documents`
--
ALTER TABLE `documents`
  MODIFY `DocumentID` int(11) NOT NULL AUTO_INCREMENT;

--
-- AUTO_INCREMENT for table `events`
--
ALTER TABLE `events`
  MODIFY `EventID` int(11) NOT NULL AUTO_INCREMENT;

--
-- AUTO_INCREMENT for table `facilities`
--
ALTER TABLE `facilities`
  MODIFY `FacilityID` int(11) NOT NULL AUTO_INCREMENT, AUTO_INCREMENT=4;

--
-- AUTO_INCREMENT for table `facility_reservations`
--
ALTER TABLE `facility_reservations`
  MODIFY `ReservationID` int(11) NOT NULL AUTO_INCREMENT, AUTO_INCREMENT=9;

--
-- AUTO_INCREMENT for table `feedback`
--
ALTER TABLE `feedback`
  MODIFY `FeedbackID` int(11) NOT NULL AUTO_INCREMENT;

--
-- AUTO_INCREMENT for table `forum_comments`
--
ALTER TABLE `forum_comments`
  MODIFY `CommentID` int(11) NOT NULL AUTO_INCREMENT, AUTO_INCREMENT=10;

--
-- AUTO_INCREMENT for table `forum_comment_votes`
--
ALTER TABLE `forum_comment_votes`
  MODIFY `VoteID` int(11) NOT NULL AUTO_INCREMENT, AUTO_INCREMENT=26;

--
-- AUTO_INCREMENT for table `forum_posts`
--
ALTER TABLE `forum_posts`
  MODIFY `PostID` int(11) NOT NULL AUTO_INCREMENT, AUTO_INCREMENT=13;

--
-- AUTO_INCREMENT for table `forum_post_votes`
--
ALTER TABLE `forum_post_votes`
  MODIFY `VoteID` int(11) NOT NULL AUTO_INCREMENT, AUTO_INCREMENT=5;

--
-- AUTO_INCREMENT for table `payments`
--
ALTER TABLE `payments`
  MODIFY `PaymentID` int(11) NOT NULL AUTO_INCREMENT;

--
-- AUTO_INCREMENT for table `polls`
--
ALTER TABLE `polls`
  MODIFY `PollID` int(11) NOT NULL AUTO_INCREMENT;

--
-- AUTO_INCREMENT for table `poll_responses`
--
ALTER TABLE `poll_responses`
  MODIFY `ResponseID` int(11) NOT NULL AUTO_INCREMENT;

--
-- AUTO_INCREMENT for table `reports`
--
ALTER TABLE `reports`
  MODIFY `ReportID` int(11) NOT NULL AUTO_INCREMENT;

--
-- AUTO_INCREMENT for table `service_requests`
--
ALTER TABLE `service_requests`
  MODIFY `RequestID` int(11) NOT NULL AUTO_INCREMENT;

--
-- AUTO_INCREMENT for table `users`
--
ALTER TABLE `users`
  MODIFY `UserID` int(11) NOT NULL AUTO_INCREMENT, AUTO_INCREMENT=24;

--
-- AUTO_INCREMENT for table `vehicle_registrations`
--
ALTER TABLE `vehicle_registrations`
  MODIFY `VehicleID` int(11) NOT NULL AUTO_INCREMENT;

--
-- AUTO_INCREMENT for table `visitor_passes`
--
ALTER TABLE `visitor_passes`
  MODIFY `PassID` int(11) NOT NULL AUTO_INCREMENT;

--
-- Constraints for dumped tables
--

--
-- Constraints for table `documents`
--
ALTER TABLE `documents`
  ADD CONSTRAINT `documents_ibfk_1` FOREIGN KEY (`UploadedBy`) REFERENCES `users` (`UserID`) ON DELETE CASCADE;

--
-- Constraints for table `events`
--
ALTER TABLE `events`
  ADD CONSTRAINT `events_ibfk_1` FOREIGN KEY (`CreatedBy`) REFERENCES `users` (`UserID`) ON DELETE CASCADE;

--
-- Constraints for table `facility_reservations`
--
ALTER TABLE `facility_reservations`
  ADD CONSTRAINT `facility_reservations_ibfk_1` FOREIGN KEY (`UserID`) REFERENCES `users` (`UserID`) ON DELETE CASCADE,
  ADD CONSTRAINT `facility_reservations_ibfk_2` FOREIGN KEY (`FacilityID`) REFERENCES `facilities` (`FacilityID`);

--
-- Constraints for table `feedback`
--
ALTER TABLE `feedback`
  ADD CONSTRAINT `feedback_ibfk_1` FOREIGN KEY (`UserID`) REFERENCES `users` (`UserID`) ON DELETE CASCADE;

--
-- Constraints for table `forum_comments`
--
ALTER TABLE `forum_comments`
  ADD CONSTRAINT `fk_forum_comments_posts` FOREIGN KEY (`PostID`) REFERENCES `forum_posts` (`PostID`) ON DELETE CASCADE,
  ADD CONSTRAINT `fk_forum_comments_users` FOREIGN KEY (`UserID`) REFERENCES `users` (`UserID`) ON DELETE CASCADE;

--
-- Constraints for table `forum_comment_votes`
--
ALTER TABLE `forum_comment_votes`
  ADD CONSTRAINT `fk_forum_comment_votes_comments` FOREIGN KEY (`CommentID`) REFERENCES `forum_comments` (`CommentID`) ON DELETE CASCADE,
  ADD CONSTRAINT `fk_forum_comment_votes_users` FOREIGN KEY (`UserID`) REFERENCES `users` (`UserID`) ON DELETE CASCADE;

--
-- Constraints for table `forum_posts`
--
ALTER TABLE `forum_posts`
  ADD CONSTRAINT `forum_posts_ibfk_1` FOREIGN KEY (`UserID`) REFERENCES `users` (`UserID`) ON DELETE CASCADE;

--
-- Constraints for table `forum_post_votes`
--
ALTER TABLE `forum_post_votes`
  ADD CONSTRAINT `fk_forum_post_votes_posts` FOREIGN KEY (`PostID`) REFERENCES `forum_posts` (`PostID`) ON DELETE CASCADE,
  ADD CONSTRAINT `fk_forum_post_votes_users` FOREIGN KEY (`UserID`) REFERENCES `users` (`UserID`) ON DELETE CASCADE;

--
-- Constraints for table `payments`
--
ALTER TABLE `payments`
  ADD CONSTRAINT `payments_ibfk_1` FOREIGN KEY (`UserID`) REFERENCES `users` (`UserID`) ON DELETE CASCADE;

--
-- Constraints for table `polls`
--
ALTER TABLE `polls`
  ADD CONSTRAINT `polls_ibfk_1` FOREIGN KEY (`CreatedBy`) REFERENCES `users` (`UserID`) ON DELETE CASCADE;

--
-- Constraints for table `poll_responses`
--
ALTER TABLE `poll_responses`
  ADD CONSTRAINT `poll_responses_ibfk_1` FOREIGN KEY (`PollID`) REFERENCES `polls` (`PollID`) ON DELETE CASCADE,
  ADD CONSTRAINT `poll_responses_ibfk_2` FOREIGN KEY (`UserID`) REFERENCES `users` (`UserID`) ON DELETE CASCADE;

--
-- Constraints for table `reports`
--
ALTER TABLE `reports`
  ADD CONSTRAINT `reports_ibfk_1` FOREIGN KEY (`GeneratedBy`) REFERENCES `users` (`UserID`) ON DELETE CASCADE;

--
-- Constraints for table `service_requests`
--
ALTER TABLE `service_requests`
  ADD CONSTRAINT `service_requests_ibfk_1` FOREIGN KEY (`UserID`) REFERENCES `users` (`UserID`) ON DELETE CASCADE;

--
-- Constraints for table `vehicle_registrations`
--
ALTER TABLE `vehicle_registrations`
  ADD CONSTRAINT `vehicle_registrations_ibfk_1` FOREIGN KEY (`UserID`) REFERENCES `users` (`UserID`) ON DELETE CASCADE;

--
-- Constraints for table `visitor_passes`
--
ALTER TABLE `visitor_passes`
  ADD CONSTRAINT `visitor_passes_ibfk_1` FOREIGN KEY (`UserID`) REFERENCES `users` (`UserID`) ON DELETE CASCADE;
COMMIT;

/*!40101 SET CHARACTER_SET_CLIENT=@OLD_CHARACTER_SET_CLIENT */;
/*!40101 SET CHARACTER_SET_RESULTS=@OLD_CHARACTER_SET_RESULTS */;
/*!40101 SET COLLATION_CONNECTION=@OLD_COLLATION_CONNECTION */;
