-- phpMyAdmin SQL Dump
-- version 5.2.1
-- https://www.phpmyadmin.net/
--
-- Host: 127.0.0.1
-- Generation Time: Apr 29, 2025 at 02:26 AM
-- Server version: 10.4.32-MariaDB
-- PHP Version: 8.2.12

SET SQL_MODE = "NO_AUTO_VALUE_ON_ZERO";
START TRANSACTION;
SET time_zone = "+00:00";


/*!40101 SET @OLD_CHARACTER_SET_CLIENT=@@CHARACTER_SET_CLIENT */;
/*!40101 SET @OLD_CHARACTER_SET_RESULTS=@@CHARACTER_SET_RESULTS */;
/*!40101 SET @OLD_COLLATION_CONNECTION=@@COLLATION_CONNECTION */;
/*!40101 SET NAMES utf8mb4 */;

--
-- Database: `homeowners_db`
--

-- --------------------------------------------------------

--
-- Table structure for table `addresses`
--

CREATE TABLE `addresses` (
  `AddressId` int(11) NOT NULL,
  `UserId` int(11) NOT NULL,
  `BlockNumber` varchar(50) NOT NULL,
  `LotNumber` varchar(50) NOT NULL,
  `StreetName` varchar(100) NOT NULL,
  `Phase` varchar(50) NOT NULL,
  `AdditionalDetails` text DEFAULT NULL,
  `DateAdded` datetime NOT NULL DEFAULT current_timestamp(),
  `LastModified` datetime DEFAULT NULL
) ENGINE=InnoDB DEFAULT CHARSET=utf8mb4 COLLATE=utf8mb4_general_ci;

-- --------------------------------------------------------

--
-- Table structure for table `announcements`
--

CREATE TABLE `announcements` (
  `AnnouncementID` int(11) NOT NULL,
  `Title` varchar(255) NOT NULL,
  `Content` text NOT NULL,
  `CreatedAt` timestamp NOT NULL DEFAULT current_timestamp(),
  `UserID` int(11) NOT NULL
) ENGINE=InnoDB DEFAULT CHARSET=utf8mb4 COLLATE=utf8mb4_general_ci;

--
-- Dumping data for table `announcements`
--

INSERT INTO `announcements` (`AnnouncementID`, `Title`, `Content`, `CreatedAt`, `UserID`) VALUES
(5, '[b]HELLO WORLD [/b]', '213213123123123', '2025-02-24 03:24:56', 5);

-- --------------------------------------------------------

--
-- Table structure for table `bills`
--

CREATE TABLE `bills` (
  `BillID` int(11) NOT NULL,
  `UserID` int(11) NOT NULL,
  `BillTypeID` int(11) NOT NULL,
  `Amount` decimal(10,2) NOT NULL,
  `DueDate` date NOT NULL,
  `Status` enum('Pending','Paid','Overdue','Cancelled') NOT NULL DEFAULT 'Pending',
  `Description` text DEFAULT NULL,
  `CreatedAt` timestamp NOT NULL DEFAULT current_timestamp(),
  `UpdatedAt` timestamp NULL DEFAULT NULL ON UPDATE current_timestamp()
) ENGINE=InnoDB DEFAULT CHARSET=utf8 COLLATE=utf8_general_ci;

--
-- Dumping data for table `bills`
--

INSERT INTO `bills` (`BillID`, `UserID`, `BillTypeID`, `Amount`, `DueDate`, `Status`, `Description`, `CreatedAt`, `UpdatedAt`) VALUES
(1, 45, 1, 5000.00, '2025-04-01', 'Pending', '123', '2025-03-16 02:41:51', NULL),
(4, 18, 1, 10000.00, '2025-04-10', 'Paid', '', '2025-03-16 04:19:45', '2025-03-16 05:06:04'),
(5, 18, 4, 1000.00, '2025-04-01', 'Paid', '', '2025-03-16 04:29:22', '2025-03-16 04:57:58'),
(6, 18, 6, 1000.00, '2025-04-01', 'Paid', '', '2025-03-16 04:45:15', '2025-03-16 04:47:04'),
(7, 18, 3, 1000.00, '2025-04-01', 'Pending', '', '2025-03-16 05:07:19', '2025-03-16 05:34:29'),
(8, 18, 4, 2000.00, '2025-04-02', 'Pending', '', '2025-03-16 05:13:15', '2025-03-16 11:35:04'),
(9, 30, 1, 2000.00, '2025-04-01', 'Overdue', '', '2025-03-16 06:36:17', '2025-03-16 06:36:29');

-- --------------------------------------------------------

--
-- Table structure for table `bill_types`
--

CREATE TABLE `bill_types` (
  `BillTypeID` int(11) NOT NULL,
  `Name` varchar(100) NOT NULL,
  `Description` text DEFAULT NULL,
  `IsRecurring` tinyint(1) DEFAULT 0,
  `CreatedAt` timestamp NOT NULL DEFAULT current_timestamp()
) ENGINE=InnoDB DEFAULT CHARSET=utf8 COLLATE=utf8_general_ci;

--
-- Dumping data for table `bill_types`
--

INSERT INTO `bill_types` (`BillTypeID`, `Name`, `Description`, `IsRecurring`, `CreatedAt`) VALUES
(1, 'Monthly Association Dues', 'Regular monthly homeowner association fees', 1, '2025-03-16 02:20:37'),
(2, 'Maintenance Fee', 'Property maintenance and repairs', 0, '2025-03-16 02:20:37'),
(3, 'Security Fee', 'Security services and equipment maintenance', 1, '2025-03-16 02:20:37'),
(4, 'Utility Fee', 'Common area utilities', 1, '2025-03-16 02:20:37'),
(5, 'Special Assessment', 'One-time special assessment for improvements', 0, '2025-03-16 02:20:37'),
(6, 'Penalty Fee', 'Late payment penalties', 0, '2025-03-16 02:20:37');

-- --------------------------------------------------------

--
-- Table structure for table `contact_directory`
--

CREATE TABLE `contact_directory` (
  `ContactID` int(11) NOT NULL,
  `Name` varchar(255) NOT NULL,
  `Position` varchar(255) NOT NULL,
  `Department` varchar(100) NOT NULL,
  `PhoneNumber` varchar(20) DEFAULT NULL,
  `Email` varchar(255) DEFAULT NULL,
  `OfficeLocation` varchar(255) DEFAULT NULL,
  `OfficeHours` varchar(255) DEFAULT NULL,
  `CreatedAt` datetime DEFAULT current_timestamp(),
  `UpdatedAt` datetime DEFAULT current_timestamp() ON UPDATE current_timestamp()
) ENGINE=InnoDB DEFAULT CHARSET=utf8mb4 COLLATE=utf8mb4_general_ci;

--
-- Dumping data for table `contact_directory`
--

INSERT INTO `contact_directory` (`ContactID`, `Name`, `Position`, `Department`, `PhoneNumber`, `Email`, `OfficeLocation`, `OfficeHours`, `CreatedAt`, `UpdatedAt`) VALUES
(1, 'Antoniio XD', 'Security Guard', 'Securiy Department', '123', '1235664@1234.com', '123', '9:00 AM - 5:00 PM', '2025-03-16 10:00:00', '2025-03-16 10:02:03'),
(2, 'Joselito', 'Janitor', 'Cleaning Department', '09955555555', '123@123566.com', 'Cleaning Room 123', '9:00 AM - 5:00 PM', '2025-03-16 10:08:14', '2025-03-16 10:08:14');

-- --------------------------------------------------------

--
-- Table structure for table `documents`
--

CREATE TABLE `documents` (
  `DocumentID` int(11) NOT NULL,
  `Title` varchar(255) NOT NULL,
  `FilePath` varchar(255) NOT NULL,
  `UploadedBy` int(11) DEFAULT NULL,
  `UploadedAt` timestamp NOT NULL DEFAULT current_timestamp()
) ENGINE=InnoDB DEFAULT CHARSET=utf8mb4 COLLATE=utf8mb4_general_ci;

-- --------------------------------------------------------

--
-- Table structure for table `facilities`
--

CREATE TABLE `facilities` (
  `FacilityID` int(11) NOT NULL,
  `FacilityName` varchar(100) NOT NULL
) ENGINE=InnoDB DEFAULT CHARSET=utf8mb4 COLLATE=utf8mb4_general_ci;

--
-- Dumping data for table `facilities`
--

INSERT INTO `facilities` (`FacilityID`, `FacilityName`) VALUES
(1, 'xd'),
(2, 'dd'),
(4, 'COOL POOL'),
(5, 'Block 1 Basketball Court'),
(6, 'Crazy Pool');

-- --------------------------------------------------------

--
-- Table structure for table `facility_reservations`
--

CREATE TABLE `facility_reservations` (
  `ReservationID` int(11) NOT NULL,
  `UserID` int(11) DEFAULT NULL,
  `ReservationDate` date NOT NULL,
  `StartTime` time NOT NULL,
  `EndTime` time NOT NULL,
  `Status` enum('Pending','Confirmed','Cancelled') NOT NULL,
  `FacilityID` int(11) DEFAULT NULL
) ENGINE=InnoDB DEFAULT CHARSET=utf8mb4 COLLATE=utf8mb4_general_ci;

--
-- Dumping data for table `facility_reservations`
--

INSERT INTO `facility_reservations` (`ReservationID`, `UserID`, `ReservationDate`, `StartTime`, `EndTime`, `Status`, `FacilityID`) VALUES
(1, 18, '2025-02-02', '15:02:00', '05:02:00', 'Pending', 2),
(2, 18, '2025-02-24', '07:30:00', '11:30:00', 'Pending', 1),
(3, 18, '2025-02-28', '09:00:00', '22:00:00', 'Pending', 1),
(4, 18, '2025-03-01', '08:00:00', '13:00:00', 'Pending', 2),
(5, 21, '2025-02-26', '08:00:00', '14:00:00', 'Pending', 1),
(6, 21, '2025-02-26', '08:00:00', '14:00:00', 'Pending', 1),
(7, 21, '2025-02-26', '14:30:00', '15:00:00', 'Pending', 1),
(8, 21, '2025-02-27', '07:30:00', '08:00:00', 'Pending', 2),
(9, 18, '2025-03-22', '08:00:00', '08:30:00', 'Cancelled', 4),
(10, 45, '2025-03-14', '08:30:00', '09:30:00', 'Pending', 1),
(11, 18, '2025-03-11', '15:00:00', '16:30:00', 'Pending', 4),
(12, 18, '2025-03-07', '07:30:00', '08:30:00', 'Pending', 4),
(13, 18, '2025-03-21', '13:00:00', '13:30:00', 'Pending', 4),
(14, 18, '2025-03-31', '08:30:00', '11:00:00', 'Pending', 4),
(15, 18, '2025-03-12', '15:30:00', '19:00:00', 'Pending', 4),
(16, 18, '2025-03-30', '08:30:00', '13:30:00', 'Pending', 4),
(17, 18, '2025-03-21', '08:30:00', '11:00:00', 'Pending', 4),
(18, 18, '2025-04-01', '08:00:00', '08:30:00', 'Pending', 4),
(19, 18, '2025-04-03', '07:30:00', '08:00:00', 'Pending', 4),
(20, 18, '2025-03-15', '08:00:00', '10:00:00', 'Pending', 4),
(21, 18, '2025-10-29', '08:30:00', '10:00:00', 'Pending', 4),
(22, 18, '2025-03-20', '15:30:00', '16:30:00', 'Pending', 5),
(23, 18, '2026-01-07', '16:30:00', '17:00:00', 'Confirmed', 4),
(24, 18, '2025-04-01', '15:30:00', '21:30:00', 'Pending', 4),
(25, 29, '2025-03-18', '13:00:00', '15:30:00', 'Pending', 6);

-- --------------------------------------------------------

--
-- Table structure for table `feedback`
--

CREATE TABLE `feedback` (
  `FeedbackID` int(11) NOT NULL,
  `UserID` int(11) DEFAULT NULL,
  `Title` varchar(255) DEFAULT NULL,
  `Content` text DEFAULT NULL,
  `Status` varchar(50) DEFAULT 'Pending',
  `CreatedAt` datetime DEFAULT current_timestamp()
) ENGINE=InnoDB DEFAULT CHARSET=utf8mb4 COLLATE=utf8mb4_general_ci;

--
-- Dumping data for table `feedback`
--

INSERT INTO `feedback` (`FeedbackID`, `UserID`, `Title`, `Content`, `Status`, `CreatedAt`) VALUES
(1, 18, '123', '123', 'Pending', '2025-03-09 20:12:03'),
(2, 18, '11', '111', 'Pending', '2025-03-09 20:32:29'),
(3, 18, '123123', '123', 'Pending', '2025-03-16 19:14:53'),
(4, 18, 'help', '123', 'Pending', '2025-03-23 15:43:17');

-- --------------------------------------------------------

--
-- Table structure for table `forum_comments`
--

CREATE TABLE `forum_comments` (
  `CommentID` int(11) NOT NULL,
  `PostID` int(11) NOT NULL,
  `UserID` int(11) NOT NULL,
  `Content` text NOT NULL,
  `Image` blob DEFAULT NULL,
  `CreatedAt` timestamp NOT NULL DEFAULT current_timestamp()
) ENGINE=InnoDB DEFAULT CHARSET=utf8 COLLATE=utf8_general_ci;

--
-- Dumping data for table `forum_comments`
--

INSERT INTO `forum_comments` (`CommentID`, `PostID`, `UserID`, `Content`, `Image`, `CreatedAt`) VALUES
(25, 17, 18, '123312333', NULL, '2025-03-09 13:21:15'),
(26, 17, 18, '312312', NULL, '2025-03-09 13:21:31'),
(27, 17, 18, '123123', 0x89504e470d0a1a0a0000000d49484452000000800000007c0806000000a16eb8a9000037364944415478daed5d097c54d5d59f2d7b08642564218404b2918490849040c84a360281ec84b0c9e28a0b8a0b2ab8b1b82110c22e08b8028a0a885ab5adb55a97aa555b5b6d3fb5b6525badd55a1792ccf9ceffde77675e5632218180ccef7733939937efbdb9e77fcf7ece3518cec4475595194f4693d170e795e4919e3eaf34243afc9109b5919f975c15f9affc4b438e4d5a1cfa8fbc4b828fe55d1c7c2ce7c2c063d917041ecbbd24e858c165a19f172d09ffa2f0f2b07f4eba2cf8b309b3867d362a6be4dbc36246ad9d5cb8a490884c6dae66e461c1b3b38b9321256b6a6d545acce131d3038ea5cff5fe2c63aecfb109f3fd8e4d58e8772c73a1efb18917fa7c963edbffb3b8acc8772262d2ae4f0a5d116431391b8c46dbf9cc86738f9e3fb2b2b2400cc3dfbf21bfd8a4f18da3f2433fcc5ce04da5b73a516583812a1b0d54b5498e6a6d88ff75efe3183136ca517eb799f296b8d2b8ca204acc8e7b253a2e730103c1ac119e816630b838bb1bd226565c133f2998262f77a1aa06a3edfcd59be5a8d9a20d7e3d9dcf39619127c517041c1b5310ffb3a8f8b49b8a8ad6fb9b4c0209260d58e71edd7eac58611213c7d35654ba30353225f637e317ba33618d3463074ffa56434bd54683b56aa3d12a9f3b1bc636c36065e2b5d46d3734d76e3758a7ac31525ca10fc5258fdf65b1580c5593ef0e0e1d9e36376e7cdcabc915de34ed0e734bdd0e4373ab7336b41f0c0cebcc7b0dcd35db0c5476a799322f70a791e3877c111a997cadc5c9a27e94e91c61bbc5f125cbe755e9915b30f79a90049f1f4a6e71a2ba5d86e32040e5065ed9bcfaf9758f87e01e7c9eda2d86e6994ce0f8120feb20efc0c7a2b303fe3df122379a7abb8198f062c55776f35a381f1f6b658ed05cb7d3d054b5c144895307d290a1713bdf3e461ee740d0ad852f2768e6e215b191f1a39e8e2f19c0ecd5689db1cdd02c08bfb17707ce59cde2a1bac1420123dd68e2056e34e701433313bee56480a69dd73ae35ec3f18cf96e346274ec0bd75df7e060fd6f3cf768ff10b2b268daf5119163877e5cbc9c57fd4ec371b0d76ead426d55b71a0ddd23d68ced06cabfd6b979508893b5729da97700d620af3ff33ee3f10917ba51586ce4eb6fbfad38c1399dc0d081f66d8632169914ffd6a46b4d54bfdb70bc62fd0956a14674bc86425677af6e300bafdd6a570e6b3a19d59ad2387bb789620b3ca97099457cafbba0eb74e801c640860e337c54c233fc1b9d35ebe01c086cc4af32984d6693c1db6bc4ced45a3710bf4910ff04721c449fb913ff1b690a5b06132f74a1f10b9d287d9e0b2595bb534cb12b8d9eee4e89e5ae9430ddadd548c498c69ff1e7f1a56e346ab23b85267852fe55ce42d16c27721aecba83121dac4308b0b41b9a75603b9e7fcb8c1dc6e3a3cbbd695462f69d66b3e99c89d8caee166bc1655d54ae99666c313657369c98b5ced8ce44bfcd994633a1878f73a3985c0f8a2d74a3f10bdc28e73267cabfda894a6eb250d91a1e779859b193a3ac8331958fc9bbd29586c43891ef70493cfd356b34b30f5c058003402a585494dc6ca6e21546318a969ba9e846fc6fa6925bf8de56030c2679fc76010a6bc50643536cee90e3797917a6e2b72b85f7a7fce0956f34383979de153f55b0fda613b15d10a27e979952ea5cc96fb8078d9de1218050b3d96863ff20102b8ee25861b76fd288b8d96ec7b71a9be4f76af93b9e7e06e61046aabf4fe9114ccc55169a7cb313652f76a2945a578a2b71a7880c571a31d18d922a5c694cb50b8da971a1e45a67be2f67716fc3333c283a7b008d9de54a7957b9d0e49b9c68d66e63f3e4db2c342235fe491605c6e4e464a79f34f1e17471731e322d7c9c85e63c6438ce136eed4ae683edc2091495c5ec7ab43b95ad7681a2685bb17ae5afb2c1312d1e2207ab75fc0546721d6814dfc7f52ad61b2975b633139d09cf2225a5ce85265de32c1c4ab55b1874cc89b0c2c11dd4c0ff95eb2c54788d0ba5ce74a5a4e99e1499e1c9f7ed41c9951e2d6109015431efb2346d1e2c3f55d66f9c7a5ec600570f8f4f79d25b4a576aa6571744aae6553ee17c574aae7265e29ae110a2def00be8c50bb88677a881c6d44a40e0fcc2e3c7d762678f780f9c42f908da591eda806289e3703cb84b75a3898a6f74a671f56e2dc392dcac7e01e1bfb974c5baa1e0803f457dc062b6c0d1e771d86798913216326bbca57b4482922514bfc6ee3b691cb1df71eef405061a14aa0140c74d1c312ff50e27056cdcbb1053db2d2dc93566f20f19f2d19429b7861b4d3f2d4e60c10f7632fade3c7cbc09846c02cbc42a7364527bdb29a43f3fee27a1cc403145069b2ed06bbe010d407cdee682eb0d141ced752cd8373d5703c1d9ae13549911290b1894327578baa565e62e439370f4f4261bef254281f011130c94369739c1aede079d661ab694af3350f858b7e34343c6cd3cdb3981f879c383cb47b0bdfd35af7c2bdca595fd89f03a00400184981912cf8ae76d927d57f581c8a9d9626c614bc41a39c18d42860004c6b31204c2d3b7620539fb8778ff76f2adc24c6bee4b56de1bc481bcceb9825768865d21ec9378c42606c11643cbf034376bc0c0947ccd47785629861693893d7dde43ef197fbeb0b19b2ad7f79ebfbdb2a1fb2660579a7b5b050ff758cfec3f32cb4059974a40f405c7125e4d0e53b3296a0d89f3fc2a36a22a52cf35cf787b1f880e0a48cf8bce73813c6dead14a6aa351c30c035b1636f8bdad071c4130c1847fa0d14e74b0757c06998ea18eadd3cc3bf1de0ee91c52d78243a99095b5f074796c5f892cc171b61b9b4b6e36907fa8df6b5a92ca191f3310acbfaaea65b7c088811f4cbb5b2664745b96ea347e6153ef928402f1a7dd6960b7ab81f296f2ea5c6ca0cc8b0c34e142034de4d7b94b98683718d883678ff6e1bb70f6e45ec9367e8d81628b0d14956fa091b9f239b644be8f955e76873da084efe0190ae1a4eb24207a0c8236dcc7360f8dcae924eeb3296d8e91bcdc872e3f1bf4018b91d57e66fdabc0fabbbdfa1bec0e18b060101c044dad67d3acd040c327c8312247fe3faad440f16cb6254c93af638b24612332f9b8f1f275d85876f3fa4b799eb140ae6a0008cf93ae95b21e1a7fdc64796e7c27fb3249f0d9f7b36fe03c3ef7949e99857a3f809ed308d3b74112de1660da6ab0ce79d0d01c9de77a3c2c2c3f46cc62acc1f94c1407827d0d0b9a1a159ee6fa03b3cf66e1eaed8e66bc594e347b0729a94a1211c44ea9932b1e811691d1b35563e13bb589dda90b056bdebae97733a1974b0e817361e5032063671b08ca28c71f048167686edc991ae0f2af962018966620b06510072012d681832b5f78023749c0017cf153e5ef01570120215ec47386046d5c2903a0c040ae4ebe4f216660689d647ac600816d7e93c12fd0ffc9a2e59ad6df8dd83e083f750dafec0239f9209488ac6922009f63d864f87609841a2d348b15aba2763640e8720440401074ec1c8d4330113216da09a55623ce8bebe45f63a0a051f21880071ca3db26a154ee287516ff9674a94c2696b398ba44824f7139848f01105cbb8cd3d10a96b138bbc0608d2f35d3d084816f7b7b87ddece75c3cd26436e981d0ff15bfe0c1e9b971454e205697269f0046a32418d87c70829c704c9e229c8cfbf32aba49cafa31d5bc52586e47e5f16aca96938b67ac5a78f0200e009eeccba51d2f08ac0bd688e81f13b2e84629ff87a61868dc3cbb6259b1ce2eff419ce84952848078753b1c1303394b24a899b5d3dc8724302076207220bab0da47e6c9019196385d7ec6dcce0af0172e33524c9edbf7debec1bb460ead52aee37e0d02b6fa2c86c0617eaf4c5923932fbb32cb44b8965741c4444950b51a6bb4302d88844901cb0491415c100b321a8a19582b5635c081150a458f571025cf90ab3672a25ce920f4f8f325314064652d005c5357cb63439325fbc7ea5751428073d66e290240a4597bb5f7bbe5e861a23f2845110009a00ecf902085488368c2f5f01b21aab0fa015a1c0b80f36f6e899d6c68c2fbf88d43477b7e35c4778c721899faedeaf7721f599438cd0c25ae6b874fa39ca4a1a9724230b9c21fbf4db2c3c86c4d715b28ff9fa1b306eab4b87fab6c9c6df615ae8ec3fbd0ec732e9740124a5e9e9c7c5c4b806d8b3c1ee20af782c957e754c4c6f586264b3d6446175c40893a8008ac1ec486384baa96caac160b10dc60eec35207518923b897d93c07f31e91c081c80207613dc11a532c5ce71433c985020246d5f7578791098a4b60b8ef2b48afee72f56bd137ac0a101f13517e8f9c04ace221719248333411d02acdaaadd34737da397b1aa46ddf4ac9bb461219ab1ad756ec1ef218d783c218325a824e9883eb241826f32a0c49d272093b4b32d51450b0f7d03192ebe033fc06a5bf802360a5e33a5193342e355ec7e5cae4e700261605be9b3213a2cad884829790388f6f4b4b9f74d799dbfd46f33784f8a717269639e3a63b5dfd8af860e5d08867edd12699270f5132101fb6be2d336743ef78dcd479946f00d7185d21890ab92b22939ba5f9997795810263e4aac5bd96af95f709e28018f56d8244ea3795b0280a4e94c4c5b9548612ce0d910553135c0d2267dc79128cd0530036882288038830e806e046580cf82e5fdbcaca6b8bdf30976fc2138277ae58f19eb3caade837abdf68341bfc437c9f9a7c9bc1cac46cea6cf583b5c1d58a89c26a100916ebe564815d62d261deb593b57af7ef89dcba5d0c9c1780ab6e847fc2c822c248d1f946ac30ce3a92993e5c41244cd1c1d19270e04cb80780064a635b708143c02915182bef5fe911753b8cacf41905d121ff41dce96bed4aa9b06274a96b2a6f00000598c089a01c33276882fee2e3effbb0b6d6ccfd4ef607fa4c881d99e3d2c484b47666f7ab95821537ba5263896be58f864207b68c1553b1ce28ebf2389ba67633278c6e35239982ea77f0d869a159bbe49879af3d1f70e6ce0ec6ae0e0664eebd1264821b4026ef6342b3b215c4dc2083454ffd4e93b80f4c3a4000254c6522435bcfbc588b0f6c90c483f8023783be2194cc2d26217ae2d8ee0fcb902b5bc97d804328a1303777b2ae74af858f3753f54693580815da509c03ca69e6c54694a9516874c0cf690599fa9b1228bc7ebe01411bf2ae16c86eaaec42f66302c022c17e611e21dd0a2b72d838b97ab84287aa91f2c51358c61351c2ec319f093091cda771acfda7b02998c44e9504b6b1d316482531638189c6cd357122a649580070ed42f102c8607f274c97ec7b1413247e8a9173f59c8582165bcc350185668a65e52aa5dc9346e578b392e54ff155f81d2641000013620944060060818045eb730594f22a1440266a2e8bb2819c591418e24d13eafcf81a26e17b808c078046979b28639e8512f937a432e0f278b5970be591b9120302e9ee981370053c072772e6142b9591a3835f3609e760ff0180904159b11b3dd94c392614a486aebd7e10014886502e5d28641007bee1522e26d772c56d9d2fa54c0ea0b4c2e154303d8d2a6796d0fcf367d395575d4137adb889d6acba9db66fdd4979d985c4973fc13012f453fdb863e53a7ae7cd3fd2db6ffc81fef0bb3fd387ef7f421f7f708c3efbf49ff49faffe43572fb99e86232b88b98d48183d5f2a6a00efb4bba407af2dc841a8d9bb2d029cd9f999f487773fa403070e507242065fd359bb0f753fce943d61126d6ad84acb97df4855f5a594563c9462d89d9dce31892a26fc2cce80aee4c4545c7fec1ca3f01046a6f81e35f6331160e19f64f4f38eab4d9d69ee52f96b9574a1d9ff05d749850b933775353b3d8a8ce43dd893162fbc8e3e78f76fd4d5e38b2fbfa0c18183899d23545f5f47cf3cfb3465654f14ff5b9c4ce299132fc5b3028393b345fc1f131b4dcd2d4d5d9efff2c54b29bad22045cd2e693ea6cd91ac1cf25c7806b7d97dfa20fe68566c4ba79491b59968e7ae7b5b0111d795f76420b3c5c8f7c875096553e8f88fc7c5f5fefdafffd2f34fbf48975eb6981272fcc5b92a37e1bc6688c1a6c1234de417e2b7d768ec5f8122a1fc0584f91f66a5c9ca4a4c739503a5554ace812b80ddc1e982cf535947c8288ea295b7aea1bf7e74cc46941f7ef881befbee7f4cbc665ab060be9858f63cd19ffffc67f1f9912347c47b5cf24d3c5172e2f979f4e8d1e4efef6ffb0ccf1b366ca0969616faf1c71fc5b3d56a1503af9b9a2538a64d2f132b72f67d66a1b006c54be0c29dac3474107f16b3fd74160df905f9442d44fbf63f22ae515151410f3cf000454747dbee45dd971a292929f4edb7ff6d05bebffedf3fe8faeb6ea284ac408ae72ce5825586a6405608077804dfdc9fd2c704144705cc1f1c91eef6df5a192eb53a6c9e35b48e09000cf5ac9d4fe3894de4898ecff6a72b972ca5f7dffd8b6d82fefbdf6f282828c836993366cca0a3478fd2c48913c5ff66b3597c06a2bff4d24be23b9f7ffe39959494d88890999929de07c1db3e042098929f7ff625c58e0ba6b27b4c0c4e93f01bc0c6574e2bdc73ed661395b225316aec70faf29fffa12f99330d1a3448dcc3bffef52f71bebd7bf74a0ee4e464bbbfb4b4348a8c8c14ffaf5cb9521c07303637db39d3b14fff459b1b77d0fc0bea9b92d262687048d83cad0b89a57fb07fbe197f9fa8b9e3e67693fd3b54666d12ecb78a575c0a9b4f31d99eb470d1227af7ad0fe8830f3e94ecdd6868b7a2f4ab7cf9f2e536ce81c77befbd27261f9f050404d0d75f7f2ddec7ca6ffb686a9284d8bbf3618a643d65ce1eb35004a195dbcc57a1d49a283ccb444f1f7a411cbf76ed5a1b675aba7429bdfefaeb949b9b2bee13d7f6f3f3a3975f7e591cfbcd37df50656525f9f8f8d8ee5171a2e6e6e656b7f3c4e387c8c9cded163e47bf018088fa0584f8ed670db54bdbbf47a351254f1899c55a84d994c6b6f6a8495ccf9f9ba129744601047777377afef9e7dbadb4d5ab578bd9fbeebbefc4f3871f7e680380abab2b7df2c9279d72013c408496262be514a552016be173ee370b9732448070496f33d3781605b366cfb011afacaccc46ec8e4079cd35d7b402e5471f7d24de7ff5d5576dd7540f9c4f1ed7d2f4fcf3cf91c5c5e5017434e90f0010b1eae4e4adee61a3ddff0e9bb7ca41f67f22e243b6aa126f592e6e943633dbd039d74973ca75805180c0d9e2461f7dfc7ff4e28bbf145c418980b0b030e6161fd8267cd6ac593659ece1e1417ffffbdfbb0480e202bb773e44511c889af7a059d8f4f05748bf809146e49be89517dfb47191d4d4541b9b0717183b762c0d1e3cd8068865cb9689e3befffe7bf1fcb7bffd4ddccfc18307db0140a78f34d5d7f3bd1b0df7f70f0e50a5397ffc52b212a789362e2dbd594481c985dd0bdf800a1ad962001b8c62e56105c2f1023bdf830b3b8dc2d492930c4d5b89062f2f2f2a2a2ab22962200a9ec3c3c385cced4c04e8dfffea8b6f6974ee60aa68941e44948f55b05e30859d585925f1f4e30f4d36d93d61c204dbaa8f8d8d15efeddfbfdf060a80e1b7bffdad8d33cd9d3b577cf6ecb3cfda402708df64d7056eb8ee96a6a11c37191239e0214df5b29c7ef9cf0f6fefe06bb32f37c2abd6d49ba9d3c2b1b243fa05e00e1589933becee615bb2e766cd21c3efa77218d537a2b52e00f1d0ea7f26beb210eaeaeadaadb8ceb80008326b5e2d652d03dbb7c8980173a334b610ae5a7aa5040b4171b4d2bcf3e6d9883d60c000a113949696dadec3b38b8b0b7127341a316284edbec0a9702f388f7afcf9fdbf5275751dc5541a9aa6ac3259fd028336f417007069a3c9e01fea7d50d6c3f7b2fcd7790de17685270e71710464aa1b7581189de500765cbbd528cc3338995c06d81d4126a3996d6f93b4c1cd92033cf7dc7362c295198881ff3140740c3d31766edf4b512cffe7de6f9159c6dc0320f73a23eb23e3e8fefb1ea1bffce95371dc1bafff96fd0d4ec217d1d60fc0b46b074af804269796d801f783955e7ef10dbaf2caab2826d39bd2381165c10173f3d87a33797bc5540bfa6b6df44eaff72feb23d7b024cf4fb4562b2d7d9232ad956ec3178ff02a9233c105000ca585b72ae0d4eafb947880b2062fa393bb9a70b90217cc5f48dd7d7cf29763b4f7be87a9684a2e47e838b0936e127a80ea1558c8c5ad71ec3a4e2cf4a2e2ca0cba7cc962f219e4aff3fa593485b5ad77d2ac7d66a65b97afa15d3bf6d2458bcfa79ca989225a9876b1f2085a5a2a361a5a02a35dff161bbbc2b33f44018502e837207f444c9e6bb3962061edb34a9df5d2e3864819fcfc08dfe279fa5d322c0b82b7ea11b041271eb4ae1e08eac09d3b229b3d8d43f9bdfa4abae3f6bbe8c13dfbe8b9a3bfa4dffcea4d7aede5b7e9a55fbc46870e3e435b36ed60d6be844aabb228b16020c5b14730ef46792dc42b600a2a8e57b3d924dcb6e81558ccd7c9b842a6a8c3670045157a4c10a7ba058c34905f847479e379709404f5c81c2325725c249ec3ccb0284aef96812a04bf6a361911b86a1e359913417c63ebfa4b2288c850f519383a3fa5d6d2abf67f97b9835a360da28708f420748cf87aee555a57ae9df62c20654222e62042bf9bec8520789dcd5644d27cfe3e9f27860344317c9e18b6f5e18b8f992689019313a61f5621dcb1b376998408424e1f62f5558dba143624acb0dfbea6d12c7404c585f4194c0ac4ad9258efb527b0228824f50b932d8dbcec2e4e0bcb77676b26f126adf164bf8801589097e6ed1d7af3c44b7a5f013c713d9d962cd220f503246d42e6030c198b647ea0521a6d9540aa7398d62e66e60e33bb772d82b0b3f7c0cb67146ee8d97b8d9c8e65a2f31eb6b0c96711ce1fe407c00184fc3d5c031c08168aca104e9f2fd3c9d4b56c2d6a1a5be71fa8306f47390d2a256c86a6e8e25a9c42deec3bdc44591993b75a2cfdc8f9833f092913935c5c5dbfe30c9e1646f629aff4559d38d40a526956083123e4aa8a42e0b64592258082494592059456e8071021f81ea27b48f48098006111e4c966ed7efc2219b6c6790030a46f418ca8c40d054684a3111d54f50b5042a1b022a144d4306c6bcd0db488a9ddd9b55e0217e62c2a95442d44b6c19a73a5c11a5be0fc7d5050eac8fe541760da5745e6a028ef5783d93c2bb9857bef6e397d35fe367370937dc56335414c4051435e61729d541e114e053822b4ea224c74ab31c1608bd923fb18b21bc920e86052bed65e63a04ffe542200ab1e00849c373bcb5c47c8ff70ad2600b9074995925b007c0a04e012b857e42fa03b09c40b4039ff31634b11e7210cf0f2f998f550a7fe92fe2558909f5702877e2df8514dc8676bdb5aada7459fbd0506956eae4fafb265026d6fcf9e55ad5e75a3bd251cb27391c685dfa7d2bb3abb57754d0540800e3a02327a713d5830e00aa80c0287e245632b0d53398a2a5b08c930e018c8976451d3925267226fbf803d66b393ade2eab467fd060c1bf81ab34d2baf9666b0d1ceb2644f1401acdd6267e13d29bbea760979db12701dfbb58d8df6b83e4ac6c005b02a556169b79b466b296f1027c81d042781e258a729a00053cde6d61c1389a1283a81d30b220b95441005104ba8154ca9e300924fe40aad05bdf9f4c97ebefe609f0969f1939d81522b58a44cae748cf822fd5a5b19582d90b550b2fa04040e8212615ed4ef81003d6d0f03c0a8f6b5b0e7c1496c318d75edaf0bd90fe512960d9246911dac52d8d137004a7664a60bf90d4c4b3e9d66a00cfd0e19ba96116be51fd804f9a6aa671cf1f1a30a06f216b2112b04a55e2abc7a5a88bfbe75c227943921eb1b7a01507b647d209c51151becca63db02527ddf829acd76b1241c5b9c6453cae5ee7e21de2f20f9e674298346b0ff215103dec40fe1d10cc5c961006c969a36b464959f2fd0de787a5ac1a84a1de4e583658305ab5ac4de506c45b6d01ec9e954bd836826b9a1bde8e854c740e10a07dbe28a9d29c067ec3811883bc55c40ece011ea55141195eb7abc4ecbe20d4b95dab1432bb7c16e4655acb3dbc7a7d28a5013ad5ac48e9d2553bdd02002f2bfb74d5ae5ba46eee3e018691e0a1038d0731099d630637dfd03576a5aa0f32967ff83bc2267a69fa765fe68b2cb51d6ddb63a4755ea0a19d9786a56bcaa3a86e285550f392dcac3ee95abad2faead7500e16a5f593c22ac2707cc67b4d46373b1c52bc0f953b32f775736994ea92810e69f4f40c0c642e90f6f522ddb7bd28d13af915b0fff37942de5b881b3c69195e128e8949b1884578e1b3886f481a5be04a0aa412cbd55b6b071c47caee651c60937490c9ee9912e34286cc4ed5a66d029010187cf2d86a0e881afc3b7cea5dbcd0ec9c806bbb203fb16ab4e54d7b0c65b8c7e3ebc1aa6ae920e91be721be37f385a60b90074a2e66f97a694ad3fb5e24745111d117b35cc1da720e721de687da1c2d4346fb433790c197e9996226eee73f91f1938cf3f62bcdb37b5db1dcffc15b1f3ed72c561b597df2d9d1e654c9c1236ffa66f92e559b376ca1fda2bdd431b64440d3a0a228748e1420f2178f504e1b7f572b36907efcdd1efd422ecccbe85cc91463a52eed472a8dcd89c1a3ef04b9f997bbdfaba4a58d8ffbe031372932a1d4ffd5225532373a4863d8f3d5ed3988b44a23d4bb49172628c941ccf0521d932f377ca3a2dc4bbd9b1e6cc1db667a997e156d8d7aadab876cb499cf73436aeac67d13196a3937551263a5a6db11ea9e40ce53837320cc98a36aa85daa70ae0a021cb72ae1085988e45fe1aa5a68fd62ea2cd1aaff670b6896f1a6da6a72a2c74b8dc428f4eb1d08689669a1f67a2310c8858f60d14ae9640a8dbda4377b1d65c014a2a347b9b8c3f8308df2a2986e76204fb4dd68e37d393d54ed6435c5b9815e1f1b567d6123f631f73001352bf0787fb1c3d51d387ae8801960b1423063f7b84897e516fa147a65968ff74060083e067332cf40ce716ec67302c4b325346a491a2584fc859212b79ebb5b631550eb46d171547a740b9eb6b0f2516410e2bab99e1ccfe79d13c596969da5260a2c040ff834663dfee416444165b62d88a41e1a96e5fd66c755cfeeb0b27c182a3d9e57947ba990e5533b119008f32000ef0f39a6cb378fd748d859ee2f124bfbe2dcd4cf90c8468161763d94298ccf2bc6687e40c33d1216c53d7bdfc2b1bce5cc2dbc606a9cba03dcd3d1378f55759ac4f57999a0a47ba5add62b2d38c86be750d4bf7af7f5c05a27f2793f923e418afe214c4d3c34df44be600fba64b103cc1a89e33ca44e3838d7473a6990e573208182087791ce1d71b593ccc8e31517a2c6ff7cae6623ccbf4748eae157158b552cb9ca947bc7d9b04457583e37b08f6c701b3710e7b1147b0bf650e178662613c5d6d695a966126afc0b075a63eb6007076d3a2358b069acdee7f66db19418993cbfd6f90dbaf2006308b335d8e5631f179ec2b63f6cfc46e98c4bb6e4518299f7712b98581708881c10a0f1daa92cf8ff3713b722d74433267e9302026b2be9090229b3f26b17939015dc358d9abd822f6eb139c02a0030b15c0d8d8b30d264f879500b93f97891fcf11c2bc50a3581487ab9c9ab71572279321be6f56ddfdb25b5f878745d387c12143f6eedef9208d291cdc5cb95976ed38991f57adc9e668ceb4490f31d2ae49167a96e5ffc34c5c10fc5946f93d79669a12c929d76146ba669c597009463e3dc1937090c7117efd0c1f778839c8fd0516ba8b57c4650966aa88365126738944d6fc637325a74865d19185366c1cb62e870b5a0bbc8063402711e0d82cefabb31d481ddd84ea64082f228962334b8e10b28b3a8be7e889e9f8ed4e2d0f73638b84a103bef44a9e16d1d79abf592b3faabae1c61b44aafa554bae16f5eac8a33b69a5aa01e761a586576c3867d02c4d340bc21f64003c3cd522d00e023716705d3caff4eca1469a9f60a2ad452c1aaae480be0025f2d10a292aa040828b00140ff2710d9916ba7e0c5b16b15cbdc3a6d304e61689496c617047ae58ce0e42670e1475642d97a2a40c04de2a154e01108d7bcc044850c2be4572911a5d697b4f7b147534aa1b241067a1650e5f63183babca8699c4a278ac82cdbe0a534be630b7e396e80959a63e96fb26b1c9b187c7e0ac9c9c2fb868a2850b255a449974863f5572c52e7ad9f48a6f9c394139a37d38e7da158499e8c1625ee94cc847cae438542939c2de520b5d9a62a202d61d4a234c822be03d70058cc7cbe5f1e022fba6492041c93ccadf7d96cff7749504c6437cfe2dd9165ac5cae51206dd1c8083b94616832325c148f1a906e18f8845036a2efd1ac3b97ee390e2cd5ec37c0ee094dc2d81021153bdddde67c80618c559764af0d8c68e36ffab63b44828b812b853c16a590e1f1565148b020a31ac2406764b5184139902a3e7980c7d5f1a2e56bfb79fdf036fbcf18658fdaa7e6ee3baad34a20c8a89a5db5932ddd9c17b167383b11c1b18c1f2fffa24c90dc0ee1fd1080a02e33d00622def303a9b15c649ac274c67c5e86a26e6f6623b58c01d0e964be5f2611d280e4c97c078b24a5a19001a8e07380ec3146540ed6171d2385102e45abe8f8bf83a33632407c963a28c8f954eab0414a8b04b597013ce338c638e32aa4282069c2589e5f69845b297114450ea25dab858be37865dd289b3a588e24ea014c7e7193d862b9ad8317671bcd9b61070ef3fe37b9c156b6c8ef53753e8b0d0d91adbef330098b52853f10d37dc28cae65481a228973ade42d993d228ff265916dd5b0a14149e59f7ca8650c3b90dcb24e606bb0ba46e7040b31430602e1ed6080d1170478e99e6c67395ce7039ce6331b1922d863da5f6e3c021f05a81625f999dc32880295fc4e39552e1540079460309440b9c564f4e93408188d99567a1cd59acafb063663503e6a614091a7096c57c4f17307816b063eb3ce632f3b481d70bf9bd8bf9f32bf83828b36b989b812b3dcc44878d8f6be25e705f2ff0ef87089c3ac2d472b8c2442383bcfe60d8477da6f81957ac3098b860d1356174d2fbdcb80065b12daa3a56954ffff637ef70c2a3337b04cd27ad10b60b926c92dc601c7bf022381bf7129eac433c19476ab455acade47d9affe0489524d0933c715b8bcc74d558066594e40ec50c8859fcfd6b7982d7e7f3aad2e9167a60c0047dacdc0e3405908775430f9403e542260bb0809b40d41cd17c174775c039d1c071381efa0b2c21101d3a0dae052e86df56c60eb3a9ac0ce3f5d355669a16e366758ac889eb2b0550ecedc3ad9e2f7cf0c107b5a2d8d64d949a9b6415ed9a957752e414592459b1be97cd1fcdef5d812eddcc5653d81280e34810bacacece950349fd0f103ca359078ff1ff5bb8f5db75e9525cc0a2c8d74051cd32fffcd1265ac69fddcde26447b1543c01044c3ccef16c8d7de07f98a08a28000dae85e31faf909c0503207a4cbb2f350e7432d4e7f81ece83731eadb68bb95559dc6f28582abecf68e0e7fb68be24c589dc0222a6f6851228d2bdf8d97d4266e6c7ccee5badfe56a5d2a881e7b7cba64fa1718ba55550b1be0fc2b81b253798749bcc1f2c6605701bfb007e562b579f1e086ab295a8785403c4d3d576bd00c70314b7b188b83c457207ac30880e708c4228980c1470907afe6c2183e4d264a9632c6736bf928972278b9c756ca2c23ad95a6811bac7ce120bdd37d942bb4ba5b27a3fbbb21f98627f06e7693bf03ec414bebb99efe92e062200091156c0eede125674c1b570effb3590f3ebe64b539dac9ec191157de1fd13abdf64b15cf8c8be7dad647ffbe649e85fd342ff3cf66f4a481b4145ab50c468ee137fbbe896a9256ba65f8526892c264668fa811e08d35aaf3c3d20f669a0784c038558e5daeac6aac37b3806c480230a2ee91bd9af7045aa892e4c62d9cdf2ba2e5602034a2758f2642650b1a6770038205a41b8b45200a6d6c32486f82cdca4fd2f8fc7f7416c9c179c0ad6cdb622bb7852a20ecf2c02ac95a3dcc8292c6bb400002cb5de7a88d5cff5e6c963c7fee187efbfef74f5ebfbe6e0f1e6ebef52d8e88154ceba003a65f5d5b66a229308fbecb03d9ecc5a7414e7efd5f3a4092752ad54dcf4abbfb37140131b7a60e03d8003ac18ec57c8db6a3b486ca240d31b8e76200a6c62a093ebb51bba6be23c8a53096757855de15562ee8972a7e687a618ad238207bdbbe88ddeaf12529a7fdeea356bc422ef6cf577a40f3c7de8790a1ee3c42e5e132b71a63edd5a4d5407236f8fb942323a6a7391661503a191d9330803a54a69d0074e0086473b93d7d3ec605240d9a7038cde22692bd33b1a8f75f1bf5e6ce901a93e97ff3b599fab31354d8d722673704c499fb07fb87c834243efe7668b58f64d9d354ceaac81d2c37b1fa5a064e602db344eb0a16f93231410e0b94be37abc280e104d62d67c53aa990e944aae00edfa40b97d621d01c3e91e0a10f80d872bb8e43cce99bc42462ed7166aef2a7f5a4e9967e9d4b2cf3573cf4a0e3cf4bdf4825869aade225ba7f479bf0005841dd22397c32edd5876528d1965149143844e113c026b8599f65845e72bed740fbdbe020ef694745059d74d34b78c1feef11fb7d0980b35d7bcb9af7cfed9ab56adea36fbef0c04fb1f7c9c0b1a5db9ab260863ee75eba0cb1cffadd2b55ab641a64ec5b02f7d1c7bee66b102b79a952b385a8e564a1bfc88e6697cb4bc35281c65ef2723626c402c97f77254d333901d751bfb338a471a9b0259e1f5088dbec2dc87dbcb0b97a2978fcf75bffbddef042d8f1f3f4e3d792810bcf0ccaf28226930e5f18a9cb3db724a40a057161149abd7f613440249da65622f3e4ae2405001bb5a17b1b60dcfdd4ef6e41d9caa81a24602e3a8c62de0dc81cf015606dcc700caa3ca59a4c6b42e8676cc01cdc3f858b9dd718448a67216c10dfd047329dccb8a1419f84a89e3049822117b689ac40da84243236ed2567eafbb7f8d5ab5afc563c080d73735360add4e11b32b2be04420789fdba48fcd4c166dd3e7ee95bdef2b4f43e50f3c8bf5da9e43e5fc3a8ff3f193cfd77cf75c1790c67efd4206c50c9ef8c50976d76c03e7226ccb61db7e920c2041af789cc17288897ba45cba85011c8ca7ab5a0ff53edcba0840e17bfbd94fb0974dd7adecf2bd93edfdeb384a093731620ce398e0717c2fa3ca6592cb54ad408513414425d0d08898b5863e0a0089138646442c31c9de75cd53a64ca13ffde94fedcc3d471eea3bdf7cf52dcd9c3987c20bb50e19dbcda78c1b7404069187b0450bf1ee92d13ce4d903141957c95cc5f81a199c412e411c378a18c53d8810424ee648611a136a028b946c8e1ce631680a383854cca38447291372320fbc2ee291cf23878f41081adf1b9328238db19972fb3a048db04904f2144aef91f7a2d2dc6ab4245a6e15d384245c6fef21571bfaa03934a48ab16ace4581aeeeee5ff1eb16d605ac7009a0b1e11a36079528108d0b1de4067a2b62c3daad149eea49b9fc63e7801bb0cfe0b4256936b4debc19932d1c4ddb5b8767213e6a9973546d9361dab28d325d1d4925859c183b6995044ececd3259339bc55df60af91aefe5b3f7b2608d3cbe94bf37ad51a6aed5b6c93580de827bd0b7b8d3555035a7cf435fc011b57d01000b2440d0d061abb476aa4d065d174b8ce4e464d17c59cfde1d0182e876dd22b9c15bafbd47390559a2c92252c2eaef35cb6a9c867e927ed541724795ea1ad220b90708858410246da06601c001013b1af80cc7880492c6aeb38d3add4efe5e28b2cecd41be39511a004cbd29fb0d8bd7aff772f3f4fc9c5f62e5b728c20310aaab35c6bc79f3e8af7ffd6b8fc582d20bb039c7ea5bd752649ab7e8a387ae5cd808aa72fd1996acd9d95e851dbcdfd36ba0f40ee232286ac0fbe8c7d4dbe15fc14ac223a3662ad96fe8609f1df4ae55cd96d1df1efd6e9558506d551d1109e8a18bc71fdffb3f9a5137938673a550019769cdde63ee73e7d119550720d3c09bb22f33f11e02615768c4efd552703313de30c8d7f7296df53719bad870492f16929292e8f0e1c3adb881236241ef6378ea89e729af78228d9c2cbb6ba25f1fb64e3b53ab777a1300ecd86a098eb7f0861651576acd217bcd09245849eda5970e66e5ef5b8db056c30976dd6abbf901364478ebadb77aa41f48eea18911fecafdf7eda7aca2b114354576e5c4b66932ba68fcc97105a1fcf13e88d9970acedb0251ec1718f8c4e4d9b38375dcfba4c481405178545495b90bf6dfd9805850bdf69d9d9de9924b2ea14f3ffdb4474090ba843cb6f9b8951edc7d808aa7e58872b089d7c88e99d82e460498369c25553e277064c16f51c1cf6ebeb2abb8d2cdd84ff35974e298e95a2ce0a4228122f033c8cf6f7377d87f77c482afaf2fdd72cb2df4d5575ff54834b4552a9f3bfa22d5cf99417179ee34866d736cc8308bf7e499c93b868a9d35cf5211018e57cb1b5526967850426caa6c2b2f179ba09113ef2f101012b25a4bdce9b14840e68f89b5ff77340236f704001d590bd89aa5a1a1c1b60d8aa31683dc28c10e9af7dff933dd76cb2acae4dd3862583c4cb852eeac29c0b0dd2236943a5b380334feb9f73b5118bb8037dcb399e6cf3fafd51e431a276806207c03063f3d63c912bf9e780705ff189b9919eee4ecfc6377e5bfa340c01629bb76ed227d4cc15120d874046ca3f65d331d79e26774e1c58b28ad6828c5b22f61027beea66d905bcb6167cfda2d669b83e94c0384227e3ca793cf64eba8ed9e436de6fb389ebd060dfae3c49292184741200e0c0e8fac37f540fe3baa2862a3466c98a837171d110d6df7cc11fbf6f0ce9a070f1ca10b2e5e481993234501078a4d0b57cabd86c11d0008db46ccfdbc3854107f8f93486e292c2ea01fbf6fa21f8fff48c3870f6fb5b7519b2144829bbbfb3fc6e6e6663a020225ffb7e84fd4db0337ad070276c54496b19e0b380204b57f5e5b2ef2edd73fd08bcfbfc2fac7ad34a53a874617fa88c612a99c323689ad096cee24aa7676ca4415d11bf844e55c1d39701a4edcc7ef445ec5ceb6b09fbbd749148a64e76789d8890039eb526a87d38ef643d48b6e5872c322b9d4b69b2010f2dfd3cbeb5d9d5ca1be1a6d813066cc18bafffefb5bad6a47fd089d81018fbf7ff24f3afcf8b374e38d375259cd241a336908b75f35522a57e914dc205bd1aa4d18da6d2dafdbd04175ee5244125dc8759d3c619da8d5ab8f2b5435dafb1faadeff1d6e61bf53764ac11e05895c6b999b9f435f0be2cbcd226155613fc31300c006028bc5e9dbc16161d9dd0241614dcd301737b7e3bd25ff7b0284c4c444a123a84d137b1a7e566090dfedc02bc96f611b986b97de48b17131e4e163e456ee468a9c28cbd3d1b00aede3d1b708bd84d0c913dd4bd131547417d9211b5aa0c914ba8b618773f410ce5a6cef3ca68083ae5f0004be8bade6d1191c3d7fb15f11fa13a11d2eb6ae47a770b48dcd5fca5bdcf367f5bc87a1da6d4c2d8c77de79c791f9158bd8d9c5e57f896969d927b40e462624d498fb40fef704085016b76edd4afffbdfff4e0a081de90c6fbffd162dbdfa2a4a494d263f7f5fdb2ea2dd194e6eac640d91bd7db14184a77ffb63b0df0ff61f40bd023a8cfa0c93fb163abb1b5aed546ee8723b7b0e25174fa6175e900137a534ffe217bfe84afe77ca09dc3c3cbe4ec9ca1ad5290844ad7f6868635fcaff9e0061e4c891b471e346de0cfabf27251a547c02dbb2764870a37dfbf60e87b10b05b79bc775f75af2733b7b57dbdbe2f1d0430f7566019c10049e0307feadf6bc8b830c1d958e41feb347e9ed5321ff7b0284888808b19d7b5b2038927f505f5fdfca34d507b4ba3d8c92c85d115c7c6eee001846c71d6a6a0e54e8fdb6db6e6beb03e8e67d1b0508b8aafb371f11b9b6eb1e92387e7c1cdbffa754fef70408d84ebd91d3d3944349adee130598f6ecd96373513b4cf4d338d42ea6d3a74f17bf03bb99f608001a67c7b902434276696e63bb52c8a95fd76b13d3dc1f27a22d10e2e2e2482b52ed522c28706083e6b6e738138692f5d84216601e356a94a33a403b6711e6202c32eabc56fa00dbffbfd758454b7f9f103d11b1bfee4b2fbdd4a15850c4fffcf3cf452a5b374ca77e37d4fd42177ae595576c1ce124ce09eedeeceae6f65d4ee1943841fcaa2ab3c17406ae0c05044cc845175d445f7ef9652b1028007045938d659ecce4e1bbeaba3dd21f4e0200107d85858527bbfa5be903837c7cde7c8fc8597101eb990400bda2a426098ae2534f3dd5ca0f80074cc9a0a0a01e0140ed26ded9a42b20a8a13fbe9f739b26dce3d0c8c8155af5d79947fcb6ca927abd74e9529b3ea0fa17617bf6b6f188ee06b0d418387020454747d3b871e3840b7bc89021ddbe373d504f961bf4d210a2809d443fa44c9c9874c603a06d420ad82564bf12053b76ece8527b562bb8edfb20f40d37dcc00e9917c4f9f48a2644cec2850b05303c3c3cc8cdcd4da4c59d7ffef9141f1f4f5e5e5e9d9a76fd843b087dcf6ba0f7db670500da7203284e7ffce31f6d4114b562e108d2cb733d28f07e7070305d71c515f4eaabaf76ea58528fc71e7b4ce4392033fae38f3fb67df6ab5ffd8a962c59c25ec7b7e9d65b6fa5cccc4c72e1a48dce007b1a8712fd670f00f42080ec7ff7dd7705510e1e3cd8e9f108b08486868ad7f0b6b5f525283353299638e7071f7c2042dadbb76f6f773cfc14b367cf6ee5a3f8f0c30f69d3a64d54525222b8463f9aaf96b30e007a10848484d05ffef2174184a3478f526e6eae00c6d0a143851909efda2f7ff94b8a898911c723620822ea03526d1d4bc8775cb66c191d39724410158456fa863ae6e69b6fa6471f7d54fcdf2e778139d2cf7ffe73aaadaded0dd3ae37c6d90700bdcf1c8ea37ffffbdf3602c0a5ac772b2b134b25ab9cc8c30862e398bd7bf7d2b66ddb5a17b968df43234d00450573f4595000240004cba59f580c672700f49c00c5ad209a7e650304c5c5c5b6e3944c46d4adab788322325ccc6d01a0f404fcbf68d1223a76ec98ed7de8240b162c68a70ff48371f602400f82db6fbfddb622116041228a9e53a8e7f4f4f42e43d00a189d0140890338a8a027fce31fffa08b2fbe98dcdddddbf9f9cf01e014b9549593064a1844424769ecfaff51eed696b0dd01807a469514ce053f7e40404087ceab731ca01f80a2b30456b06955e1d4561428ced016008af8bffef5af855f404fe87eb6e27f9a0050c43d91fdad3e87e70f7a822860ed4014e801a0748bdffffef7a220a6adabb89fcfcd4f8f0374576f98a5e5e6e9134e9159b472e54a3a74e8106ddebcd90688cf3efb4ca46d77d7ed7c0e00fddc845419b8f0f8e973f3e01a467876fffefd36007cf2c927b6a0d31938ce11bcabe1e9e92934798801bd28b8efbefb44f22a1ef00c5e7bedb53477ee5ce160f2f1f139937210ce11594f2c145f40b6a3b015ce9c8a8a0ad2764811fa0038019ef53a40db0740d08304ce7300e82fde437d366e77cc408002f63f3e3b03b390ce11be23f310092660f9caf57b223f807aff99679ee99dec9d7300387db9052a34fcc5175fb4eb7bd41900941f0001a593c8de3d0780fe240acacbcb3bf4f577040005929c9c9c3349fe9f03c0897c01cad453ce9ecb2fbf9c962f5f2edcbd0807eb4d44847abdbdbdcfb42ce473c4eeca73087f80d6305bacf2d75e7b4d24853cf2c823363350810341a6334cfe9f03407744013a737cf7dd77ad7481ddbb77db4480aa56420ad81926ffe9ff018e91e3d0c92dc3030000000049454e44ae426082, '2025-03-09 13:21:45');

-- --------------------------------------------------------

--
-- Table structure for table `forum_comment_votes`
--

CREATE TABLE `forum_comment_votes` (
  `VoteID` int(11) NOT NULL,
  `UserID` int(11) NOT NULL,
  `CommentID` int(11) NOT NULL,
  `VoteValue` tinyint(4) NOT NULL,
  `CreatedAt` timestamp NOT NULL DEFAULT current_timestamp()
) ENGINE=InnoDB DEFAULT CHARSET=utf8 COLLATE=utf8_general_ci;

--
-- Dumping data for table `forum_comment_votes`
--

INSERT INTO `forum_comment_votes` (`VoteID`, `UserID`, `CommentID`, `VoteValue`, `CreatedAt`) VALUES
(93, 18, 25, 1, '2025-03-09 13:21:19');

-- --------------------------------------------------------

--
-- Table structure for table `forum_posts`
--

CREATE TABLE `forum_posts` (
  `PostID` int(11) NOT NULL,
  `UserID` int(11) DEFAULT NULL,
  `Title` varchar(255) NOT NULL,
  `Content` text NOT NULL,
  `CreatedAt` timestamp NOT NULL DEFAULT current_timestamp(),
  `Image` blob DEFAULT NULL
) ENGINE=InnoDB DEFAULT CHARSET=utf8mb4 COLLATE=utf8mb4_general_ci;

--
-- Dumping data for table `forum_posts`
--

INSERT INTO `forum_posts` (`PostID`, `UserID`, `Title`, `Content`, `CreatedAt`, `Image`) VALUES
(1, 21, 'XD', 'XD', '2025-02-26 14:23:04', NULL);
INSERT INTO `forum_posts` (`PostID`, `UserID`, `Title`, `Content`, `CreatedAt`, `Image`) VALUES
(2, 21, '123', '123', '2025-02-26 14:29:24', 0x89504e470d0a1a0a0000000d4948445200000439000002ac08020000006997f189000000017352474200aece1ce90000000467414d410000b18f0bfc6105000000097048597300000ec300000ec301c76fa86400009b7249444154785eeddd2d78f2ccdab6e14a6425128944222b9148241289c455bd1b128944f23924b2128944229148e4face32d379e64e420890844972ec62adfb0994d2fccc5c6766927cfc0f000054d97ebf9f4ea79d4ee723c9d7d7975e5d2e97bbddcefe40d8369b4dafd7b3dffe8ffe3afd09f61d001a83ac020040f51c8fc7d56a351e8f13234abbdd9e4c263f3f3ff6ddd5a48865ff9e3ffaa34ea7937d19400390550000a80695e9ebf5fa563e917a44145f7c8ca5d56a29c39058808620ab000010aecbe5b2dd6e559dc7a74539f58b28115a09c3e1d0feb5574a2cf3f9dcbe0ca0bec82a00000467bfdfab161f0c06b6364ff2f5f5f5fdfd5d95ab505e171963515ca9713c0360905500000882b90465341a7d7e7eda7a3ca6dfefcf66b326d7e84a2c4a29767534604c096838b20a0000ef64eee2d5ed766df51da397f406d5e8e7f3d9fe4cb329add955e35168592c16f61d00ea82ac0200c01ba4df685895f7783c5ead565c449ee8d6dad392efefefcbe562df07a0e2c82a0000942725a27c7e7e0e87c3e57279381cecbb714fe2faecf7fbc7e3d1be03409591550000285c4a44e18a8bd75d2e97f1786c57e89582df66b3b12f03a82cb20a00004521a294ecfbfbdbaedf2b051806a9804a23ab00009033251022cabb68dd6a25dbd57dd5eff757ab1517b100554456010020072a85379bcd783c8e14ca0611a54ca7d3e9ebebcbaefa3f9f9f9fda3a4c0c03aa85ac0200c0f3cee7b379288affd00f8788f246bbdd4ee124be5d145a66b3193780062a81ac0200c0c38ec7e372b98c9fbc373a9dce743a6dce13e543a64ca22d157f7c8d62e47abdb66f02102ab20a0000591d0e87efefef5eaf670bde7f69f97c3ee762ee3025dee7406993ed05848cac0200c01d29b7f392c160b05c2e79a04755acd7ebc8354593c984cd078489ac02004032d5afb3d92c31a2b45aadd168b45aadb8eca18ab4d5b465edb6fca3ccc995f74068c82a000044add76b55aeb686f5b4db6dee25551b87c3217ec591a2e97c3e2782028120ab000060998194c80421e1765e35b6dbed46a391ddd27f5aad16f70a034240560100e0e6408a1672b7a8263031f5f3f3d36ef82bee1506bc1d590500d05c3fd707cc270ea4a872e57aeba6b95c2ef11b1c73af30e08dc82a008066513dba5eafc7e371e424ba311a8db6dbad7d2b9a4a7b4824c16a87e1813940f9c82a008046389d4ecbe572381cdadaf35fe68a6abdc7be1b8d9778af30b39f30e0069486ac0200a8b3c3e1a0e2f2d6d31bbbdd2e0f98478ac47b85c9603058ad5697cbc5be0f4031c82a00801a528999f2f4c67ebfbf582cb808011929cd264e1ad4126e1706148aac0200a88fe3f1f8fdfd1db936da68b55ac3e170b55a31d10bcfb95c2eda7fe2f78be376614071c82a0080ca33d7a2244ef4521d699edec8741de44591783e9f4746edb85d185004b20a00a0aacee7f36ab54abc9ce0f3f3531185a737a250f1db858d4623c566420b9017b20a00a062cc4d8713efe8d56ab5542c322107a549bc5d9828c34ca753261c022f22ab00002a63b3d9288a2890d87ad063ae45e12a67bcc5addb85695f559261fe21f034b20a0020743f3f3f93c924f1d18dfd7e7fb95c72f61a21d8eff78bc542b139b2af76bb5dee8b0d3c87ac020008d4f1789ccd6691eb010c157f3c920f21db6c36919b3d30c0023c81ac0200088bb9336ce28c9a4ea7a3828f0b975115da93fd31160658804791550000a15008499cebd56eb7b59c220f55743a9d228f64e19a7b203bb20a00e0cdcee7f372b94c7c802337f5423d4406585aad168905c882ac0200789bdd6e371e8fe3f7f5ea743af3f99c4a0e75121f6021b1007791550000655371167fecb7a874537461ae176aece7e727722d96b9af31b7db061291550000e5310f48b1359aa7d7eb2d974bca353444fc2e61ed769be98e401c59050050388590efefeff8dd873f3f3f279309f7f54233c513cbd7d7178703e023ab00000a64524afcd65e83c160bd5ef3b80940074224c633250c70c82a00804224a614d564aac3788623e0d3c1a2e3c21e24574c09030cb20a0020678929a5d3e9ac562bfb0e003187c32172d93d53c200b20a002037c7e371369b915280a7254e0963b6241a8bac0200c8810aacc8b3238494023c213e25acdbed722f6f3413590500f0bcc3e1309d4ee337f822a5002f8a4f096380050d445601003cec783ccee7f36eb76b6b288fb9c1977d1f80d728f3fb932a196041d390550000599dcf67554e9173bd0637f8020a723a9d22132ce7f3b97d0da83bb20a00e0bef57a3d1a8d5aad96ad95fe68c9783cde6c36f67d008a111960994c26ca30f635a0bec82a00809b76bb9d4aa2c87dbd8ce170a800c3ec79a0340a27fea866abd59a4ea72416d41b59050010753e9fe7f379a7d3b1359147a5d272b9d41bec5b0194e872b90c87437b345e29b130250c3546560100fce7783c4ea7d3f8404ab7db553dc4e5284008369b4dafd7b307e7950e5b0639514b641500c0affd7e3f1e8f6de1f3a7d3e9a806e2c9d940802289a5dfef733601f543560180a6db6eb7f15b7b690957cc0381bb5c2efe2dc23e3f3f396c513364150068aed56a157f46ca6834e2010e40857c7f7fdba3f78af960a813b20a00348eb9743ef2b0f956ab35994c98430254d1cfcf8f7f44f3c848d4065905001a24f1d2799538dfdfdfdcda0ba8b4c81d8d45073b773446d5915500a0116e5d3abf5aad982e02d446e49191dcd11855475601809ae3d279a0514ea7937fc1bd7c7f7fdbd780aa21ab00406d71e93cd0583f3f3ffd7edf1ef6c4155416590500ea864be70148e48ec6c4155411590500ea834be701f8227145ed837d01a808b20a00d40197ce034814892b5f5f5f9cb94085905500a0dab8741e403ac595e170685b87ebd3570e87837d0d081b590500aa8a4be70164f7ed3ddefef3f393d319a804b20a00540c97ce03788ef2897f3d1b8f5e41f8c82a0050195c3a0fe04587c3c11f8f1d8fc75cd28690915500a002f6fbfd6834b2c5c51f2e9d07f084f3f9ec5fbec2d5f6081959050082b6d96ce297cef7fb7de69a0378c56432b10dcac747afd7630629c244560180105d2e97d56ad5e9746c29f167381c72e93c805c2c160bdbb25c6793eef77bfb02100cb20a0084e570384ca7d3f8a5f3e3f198139f00f2b55eafd5bcb87686015b8486ac020041389fcfcbe5b2d7eb99a2c1f9fcfcfcfefe3e9d4ef67d0090abdd6ee7dfb1430d917d010800590500de6cb3d9c4af9b974ea7b3582cb8741e40d10e87833fe3f4fbfbdbbe00bc1b590500de432144054164ae97a1e8c24c0c00653a9fcffeb82e71058120ab00c01b2c168b784a51a1b05c2eb9792880b7b85c2e83c1c0b647c4158481ac0200a55aafd791bb7b29b44ca7d3c3e160df01006f425c4168c82a0050929f9f9fc8a5f34a295c9102202891b8329d4e69a3f04664150028dc7ebf8f3ccfd1dcdd8be95e000214892bdd6e97c73ae15dc82a0050a0e3f1381c0e6d877fd56ab5a6d329290540c81457226dd77c3eb7af012522ab0040214ea7d36432b19dfc9ff178cc93520054c56ab5f21fbdc2e52b281f59050072763e9fd5a3bb47411bc3e190abe70154cee974f2a7b012575032b20a00e4c6a414ff34a4a89b67aa3780ea8a5cbe425c4199c82a009083d3e9349bcd2229a5d7ebfdfcfcd8770040651157f02e64150078c9f1789c4c2691195f9d4e8707cf03a813e20ade82ac02004f3a1c0ee3f1d8f6db7f7abdde6ab5b2ef00801a21aea07c64150078d86eb78bdccd53fafd3e632900ea8db88292915500e0013f3f3f91a73a8a7a6eae4b01d010c4159489ac0200996c369b5eaf673be73fc3e170bfdfdb770040331057501ab20a00dcb15aad3a9d8eed93ff8cc7e3e3f168df01000d13892b5ca7878290550020997ae2c562114929ad566b3a9df2ec790088c495ed766b5f00f24356018028f348c776bb6d7be0abcfcf4f2d24a50080a3d6d24d8e6db55a5cb987dc915500e03f890f9e5768592c167ac9be0900f0476da31b7f56e3c9257cc8175905007e25a61475c0cbe5f272b9d8370100628ec7a31b8856b3c9b57cc811590540d3dd4a295c2a0a0019edf77bd78aaafd64201a7921ab0068aecbe5424a01805cfcfcfcb45a2dd390f67a3d46a4910bb20a80865a2c1691abe7492900f08acd6663dbd3eb4372892b781d590540e3acd76bc512db9d5e91520020176a4b6dc3faf1311a8dec52e0596415000df2f3f31379f6bcb9c71727ff00202fdfdfdfb685fdf8984ea77629f014b20a8046d8eff75f5f5fb6f3bcfabc3e2f850b4001207793c9c436b51f1f6a69ed52e07164150035773c1e87c3a1ed33afccb3e7492900509cd16864db5ce20a5e405601505ba7d3c93fb7678cc7639e3d0f0045bb5c2e83c1c0b6bc1f1ff3f9dcbe003c82ac02a086cc2353dcdd338de17078381cec3b0000058bc4156e618227905500d44ae2831dbfbebe76bb9d7d0700a02c7e5c69b55adbedd6be00644356015013a7d369369b45524aafd7fbf9f9b1ef000094ee7c3ebb1b302aaeecf77bfb029001590540e51d8fc7e9741a99f1d5e974369b8d7d0700e07d4ea7937baad5e7e7a71a6dfb02700f59054085a9c31b8fc7a6ff737abd1eb3a20120286aaeddb8b7720bf738414664150095b4dfef237722967ebfcf580a008449edb61b00eff57adc381e5990550054cccfcf8f7f6319e3ebeb8beb52002070dbedd6c515b5e497cbc5be00dc40560150199bcd26f2ec79190e875ca9090055b15aad6cf3fdf1311a8dec52e006b20a800a58afd7ee3632ce783ce67929005039f3f9dcb6e31f1fd3e9d42e0592905500046db55ab9bbc718ad566b3299701b1900a82e4514dba67f7c30368e1464150021ba5c2e8bc5a2dd6edbaeeceaf3f353dd1b778f01801a70571e0e8743bb088821ab0008ce7c3e8fa794efef6f6e1a0300b5b1dfef6d13cfd00a6e23ab0008c8e170e8f7fbb6efba5268592c16dc2b0600eac7dd7a9ea115dc425601108af97cee3f7bbed3e9ac562b520a00d4953fb4f2fdfd6d97021eb20a80f78b0ca728b128b7d8d70000f5351e8f6dd34f5c4112b20a8077ba5c2eea9cfce1148516ee440c000da15ec07fbc2f7105116415006fb35aadfc6be8194e01800622ae20055905c01b6cb7dbc8b31d194e0180c622aee016b20a8052edf7fbafaf2fdb1d5db5dbedd56a655f06003412710589c82a004a723a9dfc6b28c53c3545fd937d0700a0c1882b8823ab0028dcf97c9ecd66fe05f4c213e8010011c41544905500146bb1587c7e7eda6ee76a381c1e8f47fb3200001ee20a7c64150045d96c369d4ec7f63657fd7effe7e7c7be0c004092485ca1e36832b20a80fca95ff19fed280a2d8a2ef66500005229aeb81bb1a807d17fda17d030641500793a1e8fc3e1d0f42ec6e7e7e762b1b02f030090cde9747253882793895d8a8621ab00c8873a95e9746a3a15a3d56acd66b3f3f96cdf0100c02356ab95ed513e3e96cba55d8a2621ab0078d57ebf574a895c403f1e8fb9cd1700e045fe58fd76bbb54bd118641500cf9bcfe791abe7e5ebeb4be9c5be030080175c2e177701e4e7e727fd4bd39055003ce3703844ae9e975eafc7492f0040be4ea7933b2fa67f3068df286415000f9bcfe7fe831ddbedf66432e19e920080821c0e0737d3b8d7eb715bb0e620ab0078406438458945b9c5be06004061b6dbad3b4d36180cec52d41d5905405691e11485164517fb1a0000055b2e97b607faf8984ea776296a8dac02e03e865300002198cd66b62bfaf8e0e15d4d4056017007c3290080707017e34621ab00b889e114004068fcbb18ab63e22ec6f5465601908ce194e7a813fdf9f9d1da1b8d46f187cfe0455aa5dc740e40e42ec6c7e3d1be80da21ab00886238c5f750f6f0d31dde42db68381c7e7f7f6bab9dcf67bb1501d48eba2aff2ec61cef75455601f08fb70ca7ac56abbb312042efd74fd99fcfdbf178d4878fc7e36eb76b7f1faa49fbc9d7d7d7743a557ad96c360418a04eb88b711390550058e50fa73c115122f4e3cbe5d27edc53ccb089aa58d5b2aa6855d7bef89544ab713299e88bed763bfb6b9093fd7eafcdf4fa36eaf57a6418a006fcbb18abe1b54b5123641500bf4a1e4e793da5f86e2516559f2e87a80f536deaf383593ab2478528ccacd7ebd96ca64dfcc4943c3fc3e873b4ff9c4e27fbd10082e4dfc598db82d50f5905683ab5ecfe4ca7e28653d2f3c96834ba5c2ef6adf7e81bda1ff3a8bb5265a997f451d9734822ad84c160a08f229c549d22b7f60ae54c650fed18ca21ed76db6ee647e818190e87da25f469f6a30104c3ddc558bd4cf6ae04954056019a4b659c2a72d3be1b050da7a4a49487224a847e50a5a7fda0677d7e7eea43b41e54cb9a4a947cd2042f66181d29d3e974bd5e73f7212004a7d3c91dc2b3d9cc2e452d905580263a9fcfaab44cb36ea8644f9c46f5a2f82f729e4829ee92f78cf3c74c0ed12f523daabf4eb5299525d2f91966381c6aff71371aba4bbba57636fd6c11811f403af50ef650fcf8e0892b754256011a47b554e414b2e244ee1716278ea53c9a4f4ea7d376bb355563c67ca2bf45bf9a8e0af9d21ea503e7895bc369bf9d4c26a417a0046ea4bdd7ebd945a83eb20ad0203f3f3f6ac14d536e0c0683dcaba8c4b114fda22c29c55c18ad7092f17cb6bbb0c4fef7076d1a0aa73ddc4468eda5d92fdfeff7fb4ad14fcf780470d7f1787487a4fa05bb141547bf0e34825a7077e9a1d1e9748ab85fca72b98c640cfd229568f6e518c5a7c562616ed2657fe0b6944bdeed3bc82a781f256dedcc3ad05262b65ed21bb8461f28883b75a5fe8249bff540bf0ed4dce57299cd66fed95f554b6acd8b38bffbfdfd6d7fc755e2588abbe624cb5c1a7d6d6598e974aa08947ec9bbfd01b20a02a3fd567bbb7f00fab8461fc8973a1d377d407d905d8a2aa35f07ea4c3550e4d214954df93e2f22f1ba94c4b11405a4f83b23f46dd5bb28f36c369b8726a7d99f27ab2048e7f359793be3b52e3a4c146078ae0bf09cfd7e6f8fa58f8f94517d5405fd3a504fbbdd2ef28c11fd67ee77e38d0ca418f1e114a58ec897717abd9ee2939912f3caf5fdf6e3c82a085bf66bf45bad168905788ebb66b2dd6e7310551dfd3a50376a9747a39169a60d35d6ebf5dabe9c93c40be84599c49462b786505481ddbae6e415f6d3c92aa88e2cd7e86b39f741061e75b95c5c1fa4fec82e4535d1af03b5a20ce0173dfaf76c36cbfdd214554efed5c3ca1e0a482ab9d2a778e9cbe8ebd98fc89bfd1d641554df66b389dcafcf68b7dbe41620a3ed766b8f9c8f0f754f76292a887e1da889f83cabe17058c405bb91795fdd6e773a9da6dcf8c8d0772bb4c0b2bf86ac82bab8955822b8b805b8653c1edbe384b85265f4eb401d44865354e2147147d45bf3be7cfa1a454cf1bacbfe7ab20aea25cb7d9045c71d890588b85c2eea8fec41425ca92cfa75a0dae2c329454cfa92c8bcafb84eea73548a66bf045905f57537b728b1f0f016c0475ca901fa75a0c222c329dd6eb7a0d10ce51ffb3b92a827c8fddafd87f8f392ed22a01952a68af579780b108b2b24f9caa15f072aa9b4e194f82f72daedb67e69086590be89fd4e641534d2dd8b5bccd15a441301844f7bfed7d79739163a9d0e0742b5d0af03d553ce70caf97cfefefef67f91f3f6819408fbb53e3e2693895d0434cfdd87b71437f40a04ee743ab9c993f414d5425601aaa49ce1147d60e2d529e10ca444d8efc7a00af027e5e12ddcf818cdb45aadec31f0f1b1d96cec52048fae1da88ca287531442d4948fc7e3784a51400a6a2025c27e4bb20a70830eedc4b30f3ade092d688ee17068767e1d0e5cc7551574ed400514379ce2f249e2631c158df4d27ebfb7ef0e95fdba6415e0b6d3e9e45f61ecfbfafa0af964049097f3f9ec3a3bedf67629c246d70e84ae88e114732d4a623ef1556594dc7e5db20a704fca8d8fd520a8b551e360df0ad4d1cfcf8fdde3b9857145d0b503e1525551c4708a1248bc4c891b0c06f607c2b65c2eed3726ab008fd86eb7f1919656abc5052da8374514bbbb730be32aa06b0742a440a258629bd2abbcae4e51fef1eff0abba44c54a648045fff9c6a73a3e44c596cb5d2ab0ec5200991d8fc7c9649278fec25cd0c255c8a81f770b63ede4a7d3c92e4590c82a4070547ffbe14171623e9fbf3e9ca20f8964120592f3f93c9d4eed7f5fa9e2cfe54a9812f84145aaf2b58100a929582e979126c2d181a6d0c2fd8e511b8ae8aefb180e877629c2b3dfefc92a40404ea793a282693d8dafafafd76762c42fcd17f38c14bfd6d7926a95fb7e5dc5fdf2815c980b5ad410f903b04eb7dbd5ab9c87460d6c361bbb5b7f7c68afb64b11063544d3e9d4f6f2761980778bdc5454ffce652256e4d27cd51f2aeb7f7e7e76bb9dbfbc724145f4a7992f4f50018af04fb9f02f8599ed766bdf075493fa0eb33fab3764d83004c937feb12f02789ff8b8c7783c7efdcc65e463cd5c32f3929a03d71628bd54e5ea14006fa1324e8d927f76c350eb11e6f361812c2e974bb7db353bb3fec144e2373229c53f636bfc0ef0dab7007807b58c3a38fd0a4011e2f5b395e66ca8ffb10a2dfe5c32f73c2cbde7f53966009a40edd56ab58a4f2895afaf2fbd44a987ca510fe8fa4a0572bb14254a4c296e0e88de405601de4607a13ba363bc7e4be2f8d5b16a85dd708ae1dfae911115008f3a1e8f6aac7ecf77fe4bd5c6743ae56a16548bfa41bb077f7c30b3b14c892945354ca43221ab006fa0e3733c1edbe3f22a32eef11c3f8418918fd5eff5effac5392400afd86c3691db8148abd522b1a05adc5c032570759476298ab4582ceea61483ac02944d87a27f3e52c76a2e7720f1838a3f78ea2c974bbf5d508c61c20680d72996a8118b8c122bb18c79360b2a42fbb0eb97398b57b4dd6ed7ebf5ccda366ea51483ac0294e7783c469e12adff7cfdece37ebff7476912efe8151972a9e25dbf00044ec9245282c8e7e7e76432e1ba38046ebd5edb5d9699608551c1139954929e520cb20a5092f8bd835f6f0de357a7dc0d2a59da0500785a6262917ebfafc687b32408969bd0c84cb0dce9c05715e44feed0bf2317d3de4256010a773c1e2377ce994ea7afb783f1ab53ee061586530094e3d6b35954a070350bc2c44cb082acd7eb4853a05898bd1120ab00c55afdfb84c75eaf97cb03a7ee5e9d62105400bc57e2b359b8fe1e61f2678271b5d5eb549944ced576bbddc4722505590528caf97c76b71611f5cd19873befca9840082a0002a1f670b95cc6afbf27b120346e26d8e7e727d7593d4dabce2f81a4dd6e3f772721b20a5088ed76eb86922572efe0a7a9bf57d76e3f94a002a06ae257b328b1bcfe6829202fea67dd84251e66ff84d3e9e4172a628ef1a7a7be9355809ca95dd331690fd0abbcbae1c84d87531288ff05082a0042f3f3f3f3f5f5651ba92b1585b9cc8f055ea75d51e5b5d933b970253ba591efd8b31db5025f1c3b25ab00793a1c0efe29c3761e37fb32fc7112b99540f405fcb9a1041500c18a2716953524168460b158d89df2e3839b67de9598527474eff77bfb8e17905580dca869736762443921af79d87e5049b9e9f07abd8e7c01820a80c0456e4022dd6e77b95c3e3d6304c885bbdc42fbe7f178b44bf1afc494d2ebf5727c460d5905c8818ed5c865f4b93c8adef0834a4afc502e724145ffc8eb3a7e00289a9a2f356ea6f972d48e8dc7632e6ec6bba8677717aef4fb7dcefd4524a69494d3a94f23ab00afdaed76fe8dc3bbdd6e2e839e46c6a02293c9c4bc4d5f80de1d40e524dedd58bebebeb87b2cde42fba4dd0baf979edaa58d575a4a31c82ac04b22f3bed4d1e678ea257b50f1df49a70ea0ba4ea7d37c3ef74f00195aa2f65645927d1f500abf7b7df4c120b5149fb4595c4a31c82ac093e2f3bef23d56b30715ff1240bdd32e05802adb6eb791e733885a5a1ec98292b93b40b4dbed26ef7b919bf748d129c520ab00cf88cffbca77da55f6a0f2f3f363df77ef9d005039c7e371369b45cee392585026ed696e0f6cec09c1f97ceecf222927a5186415a4d96eb75f5f5fa5ed8e5551e8bc2fc91e54d48bbb274e6a4b115400d4921a37f5445d1e7b8f37d96c3676b7fbf8c8f1de3995a0434ca588fde3afc75dc937ef21ab208da983b55fdaff6ebca2e77d49f6a0a297dc686ca7d3a1c306507b898fbd27b1a004ee59ecdae59af314201d71fea8a6aa8ef26fde4356411abb6ff220a4aba2e77d49e4ca93f47192f1786cded9a8761300482c289f7a6437b2a77fa477d035703e9f5d9961cc66b3b7fcd56415a451eb6f7650fdc32e6aaaa2e77dc97ebf77bfe26e50f1530d49124003915850b2c3e1e0ba69950176691ded763b7fca65a7d379e32951b20ad2cce773bb9f36b8202e61de972899b84ef7ee33a7fce6723299d8a500d03cf1c4f2f9f9a9ceeb2d2780517b2a00ec7ef6f191e3b3d482e2cf4517a5b2f7de2b9cac823b5c4d9c2f657405001d0f3f3f3fef3d06d29530efcb704d8356f8dd5fe12e53b99b6a00a009d495b81bcb1a6abad7ebb57d19c88fbbd05c658c5d54172a3f5c81218afd9b009ed84656c11dfed04a39d4c14c2693109eb854c2bc2f4389c8fda2bbb7d798cd66e69d59520d0034c776bbf527ae880a2f2ee743bef6fbbdddbd6a34b4728e3d8a5e912c90e9946415dc577e5cf1bd25ba9433efcbd0ef724337ea56edd21bfc91d9bba906001a68b95cba9bb91b6acf8fc7a37d197899ab106a30b4124f29aa7982ba2f335905efb1dfef55fd4fa7d3c8a87d0af53d7ab38e28f54385ce1c2b6dde97e19a3cb514e9bd69e42e61762900e05fea2066b3993f30ae7f73d93df2e20fad6cb75bbbb4825457f82945faefb82b713ab20a82a326403d8a9f166e51dfa3f4321e8f1560d458e432145bdabc2fc31f27499f15aabfce7db1bb7709030028998c4623d36c1a2416e445e581d9a9daed7615f7a8f88449d55d61de4589ac82d0658f2e869f34f453d9e78f9539efcb582e97f697ddbbfba19249f6bb8401001c752291017c120b5ee7cfdfaed64cb0e3f1e8573b126c4a31c82aa88cc3e1a0d4f1fdfdadf8a18e27326a99aedd6e0f0603fdec66b3491cdc2c79de97a89b74b1ea6efce07a7a007845e2c358def56c3bd4836a12bb3355e4b90edadb237323554a0575694a22b20a2a4c479d5a0a35100a218a22917e289dd28e328f0e517d42c9f3be8ce9746a7e9dbe76faaff3e789713d3d80ecfedffffb7ffff77fff67ff0349b736ee76bbdc280c4ff3cf24067eff86f57a1db9e784aaa04a8c2e925550674fcc1f2be7d4883fa8927e998a7294799b703d3d808728a8a8e9b0ff813ff1c4c2000b9ea3ddc69fa16d970646b590be9bf99286fe530bedcbc1a3094323e8985cafd7dfdfdfea9f22e7157cca0fe54c62f60755eca224fada2ed2703d3d00e468b55af9738955bd71050b9e70381c5c4fad32c32e0d8376e9c96462be9ba112a872cf4825aba089cee773e4e6303e353a8a346a71cc0cb1dc7baf8c832a91b335041500c8975a637f8045d1456dbe7d0dc8cccd8050e71ece94c2f97ceea7717db7d96c56dcf31e8a435641e344828a8eded56a15bfec3242fd997e4a0146ef7cb133cb38a8e22e53d137e47a7a002848e479c76a7bab58cfe1bd5ce8ed76bb6f3fb7a82a25723fe2c16050ddc7a19255d02cfbfdde3f8023f7fbba9b587ced765be94539e7a181978c832ae2e6aa713d3d00142a722b4835bfcbe5d2be0664a0cedd0d624c2613bbb474fa1a916923aa732afdb44a21aba041d4f7b89c20b7eef7a5f4f2e3dd1cd9ff915b947066b3599691df470755c42e020014263e3758ad3453c290dd7abdb6bbcebd739105894cfad2bfeb71ae9332088d9038efcbbe96817e5c3d96a28e2284d24b6468d5a7a62165b025e3a08a1f54f469762900a060f187790f87c3ea4e9e41c9def530fbf8a42f150f657e81429155507fe9f3be9eb6dbed66b359ca9cb1f8604b9641153fa870ef2f00285ffca2e4726e1189aa5397ed26137e7d7dd9a545d26e19190f549153b3f1c0fa6495f3f9ac222ffb9334de4e5f55fb718412b9fe0ab592dacf84cbfb5e9771ded72bd452ac562b35167edfe633832dfe37b935a8a2f7983708410500de450d7be466af241664b1dbed5c5fbf28f891f0759df41551edac52b97c529a481052f3aa15b55eaf957f9a3396fde2bcafe7dc1d6c117d935b57b6b8ebe9092a00f076fbfd5e7da869960d35e06ae4699f91c2cd8fd0dea25dc82ecd95cab91a4ffa8aa86456d96eb7e4937c250ef2c45528f31434ef2bbbbb832d8e56fe783cde6c36dab1dd123a42000884ba3cf580a67d36d4a7dc3ae50488db61b4abe4dba1abbaf0cfc38a7e857651fb721d5532abb873cf11aaf04a38715e1073ef2915ac0a03728d065f77cbdc4a8807a1a2334f09f3be1ea2cd6abf4a36b3d9ccfe2400200cf1c4c2000b6e516de34ab81c6f61dc90495f11d5cb2afe847ea9743e298189405a69ca062ad9d5ce6a8dd975577df11464d897cb9af77597b299f93ebd5e2fe3604bbfdf5f2c16258f050100d2a90df71b700658708b7f0be3d77712d5032a0cecc75dd578d25744f5b28a1b54d146b28b50bc4a671e2504936166b3d9efa0d5df908e14349134c2edb48997d4c71b209f3a42451dfa420008840ac4c16060dbe82bb5d20da91af110d54b660f49b9f96716f3f9dc9f2d52fb495f11d5cb2a76437d7ca86eb68b501d21671e7d19753f26c9e4980dd481d95f70e3a98e7a836b83f41d86c3a1f97784020fdd2100042232c0a2669c261a11da1fdc4ef2dc3dc1e267331b38f3b07a59c55575fa875d84668bdfef4b47b296bc1e84dccee6dc9a752693c9443947314c61cc8f3afe0430bbe85f2e9ce80da601d2ff2a2f29cbc5a78ad11d024020d4144706584c07c4452c701451dcbef168df1d1f4e69e6248bea65156d39bbd1b85805d9eef7753c1e7fe77b79b72e505f6213c6d7573c90e4a8dfefbbcf57c6d07788dc4bc0ddfb4b12db20fd887e3012baf49924160008815a697525b675be6a6c4d893805d7dedf630cb25fbcc0708aaf7a5945dc896a51d16697a2799454fda4317eed7e5f6a1a941c9464d49aa45c40920b373ee32e65d11f6296186a954cac7297d628a5bbf6ced08fe8ab6a25105a00e0bde28945cd380f748668dfb0fbc4c787ca0cbbf4368653222a9955548fbacb9544651fd7ae3490ba01bb075cabf6378eb0998b70142a142ddc888ddfd094403146bfbd9c5b05000012452e6269b7dbea1aec6b683037535dbb444a826538255125b38ae18fae880a35fb02ea4ec7ad3bec2571de5708dc2eaa6fa8fdb39c7b09a81d3461c930770b1073218d30080300c5895fc4a2ea9313490da7bdc24da350316097fe8be1945b2a9c5522a32ba2d290f4597be7f3d93feba02e21cc4176354caed149bc55b162837955e9c52e4abab4466cecc8fbd9a05a8d45dcf70c00a076d5d5a60627c81b4ebb84dd153e3ed4cbdba557ea82954cec6b57ec2dbe0a671543dbd23f81410cad3795f2fef19ce3b36073e706556eddfe4b5fdebc414d925d94d97ebf5f2c16c3e130dff4a2756b53518c7e97094eabd5caa429e66103400a35926ade39530ec7ddf6537b828922da4922b3845433b09344543eab88b677e49114f3f9dcbe861ad1d1eb97e6216fe5bb832a0a1bee0df9b64adbed560d9f9fe88a66c2ccad5b360340931d0e87c894304e9937966a0357c66837507fed0fbea92aa07c4d5487ac62442e6853e5a47dc2be86ea5bafd7aeb8d73f02bf5a317d5045bd94bba357bfdfb74bf3763c1e951c227d6484194829eebe67fa58f3f9664c46edb2924c98171701407122250a032c8da57ed9ee04ff52671d79a4019cfa6415513851616437fbb5a255c94862a901f7282551731f7e13efce94240eaaa86a37af6a172da1705734d2d7507abf7559bf5669ca91a26f789df3f57bd3647df3d9df8dce5e1fba3149663c1eeb63f5e1e6b730b50c402da98d8d9c3ca24469a6c8854cfacfc04fbfbe5dadb28ac4e7839158aace5dd721aab6c33ff1a082db7d5bbbc8a35dd10d10953fdaabe0a15f9a388aa26ff5dcd35a4c985153eb2719f7373e47abce7c8ea143581faec445980150699101164a9446d96eb791d37ceae0e8d4eeaa5b563154d3b8393606cd4115e900f6cf42a9c2aec4219d7ed1bcf643f3eaad6beecba135a974311e8f2327780cad6a459ad76fb269628c5a67250d511652bb9c98941ea5b5a77d439fa9bf82a914002a44a548648045250a17b1d49b7ac3c84637b4e999fa75573db38a9198585447aa78b2ef40c0d49afb9b4f656e55da7157fdc76b683549da09cdab89d3c3de227ea4389d4e47878cde50c4ca3749461f6e92cc7504e5f9fb3277bb5dd20b80aa8837bcfd7e9fb2b57eceb13b7da99b5b2c166eebabe7b26fc50d75ce2a46621da66a523b8a7d07c2b3dfeffd8b2b120728c2a4e2db7ce7c409606e4841ffb08b82a1e4a0834269c17cc30845ace170b85c2e4bee4a4d9ed1ef550831c33289034189cc9d0322984e06201c91124555ac96d8d7507deabc2227e0d40799ae67b7dbd9451f1fabd5cabc1f89ea9f558cc4c4a292c5be8c906cb75bffd8d6a16e5fa882940960f3f9dcbca4ba5f25b85d1a1e373decd610873280febaf78e5d68059aa9650a302f4e2a53cba00c63c66444fb9b628c3065144039d4f2d8f6e84ae52cf3c16a20b259d5cb44ba7e37ded26eb7e971523425ab18fbfd5e7b867fc25e7b927d0d6158ad5676db5ccf30a91eb52f5444ca0430f752f997d43f4d7f8562c9ad5b7e6903299b0592bb724c2f11fa349364369b4dc821134075fdfcfcf883c66a76980f565d8a9a2e8748afd7d3f6b5af79f436b7d1c7e3b15d8a98666515433b872a0fb37388f68fc47d08e553596cb7ca750ed5ebd77697ec743ad96fff113db2b48f99e58973c3c2a75e73b95c466eb2e7a85b55c80cfc44a06286b6c273d3c922f4b30a698bc582a603405ed483a86db1ad4c35cfd641d41bfa9d8b0ace94ce519bd8be8f9960b73531ab4824ae88762c15ca81175b35a635aff2d16e8ceb49882a9e5272e751f4fdeda23f2973c3aa455b6a737d5a4bbcd00f6a98253b936164feec0364cc8531fadbf5e3660a1917f703788e9b2d6c509954881affc8e506e941c5188fc7e6cd81cf0f7fa3866615d1de133f49ac9a8322a37ce7f3d99fb4a363bba2173dbbf23d7e71a47ba94e3b98fe1635b2eece664e258659b2dbeff7daa0ca21da33fd19a459685528c62887ebc7657b7d727fe5060c0194494dab7f3248ff66802570ca18f133e019afb6555fe94e8de91f44d3b8e66615237e058b6809173995e6783cfa27b02793897da182ecdf109b00a6ddccbe107ba906142cd522fb1bd130c32c2acdedfbea421d89fea8c562a1bf4e39c4feb54fe9f57ac3e15019461f58d17c0ea0086a1022b5afda0a2a930069a3a82fb01be9aad56aa9557f2872a8487067fdb87025aee959c559fdfb2859518061ecb568bbddce5fed15bae83ceed6c52ada85dca0b04a5bbbb48e6e0db3b4dbed5a8616c7cc227bfdc9fd6a73f48326bd883e501f5be3f506205da432d1bf79dc425054b4444a477576cf454a6d59fb111f1f8cbd479055fea3dd2b721a439815561c9562ae9ed33ff49ff6856aba75b18a8a4eb35c7f6313a6a2de1a6691da8796381363cc0dcac45cd3efcf78cc85424ed3562cd0106a51ddf50c861a106ad9b7536518bf34e5c5ede24ad0e1706817e18aac12a5fe5ec584d95d1cea80dcf9a7103e3f3fab1e0815745dee8a5cace24eba547ad4e8096ab5e3132c8d068696445a458ae86628e689719838ad587d1497c70035a303397202a8691d4a38941ed568dbcd70a5d092cb05456aabed2732b4f22fb2ca4df15961145879d16ab4ebf47a4ab8067791bf35a8a2bdc52cd7be6417350fa1252333082326698cc763050fb12beb65da39b93c06a8a8cbe5a283d73fa9a1ffb4afa12cca24eab6ec06b84e97c83734aa89369fccd08a8fac9226715698684fe5fafbe7a8b5f55769bfdfaf47cde41aafc8a08afa12b39cabe584d0529094159b42ef5710d26ad75ecaad96814a381c0efe2452e24a69e205a1fe33f73a90a195446495fb6ed501cad3249687685df9f33b47a3513d6e5da022cffc45da49eca23feeefe5194f3e424b41f2ba3c463fa21f8ccc256bc2d55640f822a7fcd496d6a3270dd972b9f427daa89f2aee0a5b8656e2c82a0f482cb09458545ad18bdfa5b5e7afba59c51f89e8d30e90f847299b99e5c2949b44849632696de772798c4932da708a31fa406da31a4ce3042a241257b8095071d4778fbc07558b3aa6423b7435d4f63731b4f287acf28ccd66e38f0f18eabfebf4fcbb7c6db75bff9c44cd06195ca91de92df4679ae5da37ec22dc4068299f198451d850e43001e6c50ce3d3a61c0e87f3f99c0d071441c5863b016fe828a602c9973a26ff9606a56542865622c82acf4b4c2caac855723131cca792dd15405a3fb9dc2e231ce7f3d9fd6976d11f773246b5a05d847bd2438b5ee2147e09f29a4be6e867b5ed948b681b811ca97bf5cf0332c092a3f97cee9fbb994c26a545417f6885d33d42567995da85f8f3eff49f2416c3bf37b10ad0fa0d68aa9e337fdd6030b08baed4a8b92e84cee30929a145a533abf48d4c92592e978a31e66665899be916bd593f329bcdcca80b13688157a8d2885cf3ad838b59c7af50bbe40fa7a8a22beeea945bdc4375d460367cb84c3d0559251f6a17e2cfbfd3feddf0b92b2a65ecbab8de2fb596e1cdfd8dea1eeca22b9761daedb65d84a7a896d54a8e1c5cd2eff7cbef3f9091a2a69a4475b7f10d97486f23c0004f8b0cb0147af1778da94a895c9da2a6e92dcd91be8936a2f90e91eaa239b4e6ed78be5d809c244e0c6be6847bfdc9f6effff8501552d7d33c6e5e69a463707ffe743ab58bf09add6e17e945a4d3e92c160b4e22864c5b47ad9f02e76030f0cba9bb22e3d571dafa8c6003467c80453d2fb13fbbf97cee37506a7fb4e48d631a2a2aec5769e4ec0cadfcffba00bb0cb94a4c2cd29cd0e2862f45ad678d47305dd3e67709ea33dc31c66ca57c1d8f4795a7919257ffd9f031cc0ad191a22da57e6876bda03fe3c04b0a1d6bfa1ce558c521d9f2b47e34980a5c773eded0b1665fc30d6a31220dd170380ce124880b9f2a299b3313ecbfe194abdf6acabe8202a44cb8af7168d1e1e49fda5168a9f70166ffce7f63bfb6bb59a8f6c52e42aecee7f362b1881f5ce6c8a24ead9cdc038ca363506587328c3e9ff1373481f6731d47f600b8d2fe6f5fc3bf1448e293bec2b903907fdeb3211bf19fe194eb646ff50e6495323427b4a8898c0415fb427dd93fd5cb2a7ee312798c3d72b75eaffd13308e991de40f76a17e6e8d603f4a7b8b1a2e9502da9d1808453d444e4e1357e254160735e92bd172b9745fafde3d5a648f359bc3bc44562955bd438b828a5f3734a465b47fad97551854295fca91d5ed76b52b72a7e31a530fa79633c73b2c8b761b7d08d7faa3d222d31c1a7b8976dc6eb78b3411814cfa4ae4beaafe6117d54ee2708a7d8dacf22ee9a1452f057bccdca25ad00f2a2e0dd79b3693fd83bdaca22d689630a8523e9595cafc6e13f8b47f2e160b424bd3a8b15dad566a54953decaef02cbf2b55eb4d9841f82271451579c36742c627c80535e92b919a17d7f8a817b34beb42b931323cae0d1419dd22abbcd9add0a2fdb2428945f59fff27a832b02fd49db691f993dd108aaa16b3442bc42cc15ba8ef198fc7914bf00d9598cbe5b272a703501c9502665866341abd3220634663cc7432d16ea60641d8d9f0462afbdcfd2a457d930a0ffb5ac3e830f7cf64995946a14dfa4aa4f6c47de7da9c7153c3e8df8749d48426cec225ab842231b468a79c4c26819fb1d3377707bfbe70e4d6bdf5161f42d1f6324b186d0f84764815a0da33cd76f1a9a654ae6ef859462452abab8ca13a4607b2e2877a50bbd3bc4641880bfdf116aed895a6f5d4a2b2d81f5f12fd6785864315a8dce083beb95d5a596afdb443fa2713f5ef94f9386495e0245e2daa1e4e455580e95f41c5ed6d6afe021f48cd9df9c3c5fca75a43571373856e5074ece808f24f2efab45c3d7725ceae2110058599449d4e47797bb95c56a8b44280545df8d5e1743a6d42a3a7bf51c7a9ff87b7dbed2acefe505161ff802acf5e89a71451fb963ef84c5609546262d1d60d6a86b492892bcdf5dd1a589d9bbf5dcc7fc6a78421346a2855f3e938325bcaa79d592d66d34e37224726c0980ca3fed8c4182934c964a1b4c3780e44bba8bf37f6fbfd7a5fc2a79a3e72f9e2783caeee21e0266ea8e2aadcccd2c494a2bd518d927dc76d6495a0a9fad771e5f240226de9b7dc404c69ca0f2acd9cff6afe7c31ff199f128660a9a15768899f1110edcf3aee181943eed44eaa789ae671a17f41946a4cbe7214e0556118ee0a1c6190a7a25432fab3a1d4dcd5b2c3da6eb791e65dc552d55bf5cbe5e2ca0c1d987669f012538a9a9aeca34364950ad066560f71f7cc9cf6e0d2428bf630fb5baf3b5c63efad6457c135ab68cd9b7f6b8598575109da7be7f379e2f1a54da9972a77fa0a35a384b3582c86c361a4b36f88876a1a64a4dad1aedf2b150fb569e874bc2863db3fec4ad5516d6e9fa50c66ffaa8f8f4a9c238e4cc093278e68b24a95980906daf0e933a47558ea0dc5cd43dd6c36f6375d4f543436a8885d0bd7acc255f555a7e34bdb4ecda8d98ebec160c0052da8aef0c773d2b55a2dfb97203f2a27dc497ad14a5675615fab265523a37f1f42af3f4aa9acba93be12b90b2ff50fbb2848ea5223b7557cfabc0359a5f2d409c56f2026050d77fad7a8f47abd9a35010f39fdfb7015d7e83377a8eab405953ce3e7b0b5643c1e33c10f7931532312e3317c3a1eed2a43aed48b45e2ab7648fb5aa5e80f71d78b3a751a2cf2a9eab37fe1c7473953691ea5d0389bcd5cad28aa485f191d25abd447626851ec9e5f2fc4b76f7a8d6a38b7f3e9173539a8886b19cd95f4e6df625ec5bb68b7d40e2fcad5ea770df5c729281681f7d231c844af77d9fc7b2f1f3598f6852a30813f726aa95af7237e827b2c890e9ca006fcb52ff95743492ee375d45535a4163f715a73bfdf5779bd5eaf9f9bb5a52ce43e56874793a77e196e20c59c6837ff16f32a1269b7314162b95c5e43c4b7e2b44d0c314408e08d5464a8ec509dc15871eda9def54b4c950ae14f79d5375c2c16916a47a14bfd8b7d477d9d4e2757818430ed5c89510d45bccb56d9994b68a4aeaa27edc791681ba1bdfca14bcd5462ba03434d034145ccda10fd5b8da3f9b78e55f36a681435f525dd50c3783cb6812009210128878e35c6131082485c519519f204aaf57a1de9a7f49f8dbae3bcfe58fb97bf75e6b9aa4125dbf8f9f1e1f5a965f64d2f23abd499cad3e572a9aaf4d655f8da99f486bba957fba26b14b447ea63ed0bcd665688e8dfefbdb0dee410553c0a216a356ce0b86a60ea50a8367fbbbbd7aabbd16a5eb302522e68d1724e4203a8a2485c5183a666d3be160c7da5bcaed8ae3ab7b17abd5ef9e3602a3cdc543447db625ec0cd33c92a4d713e9fcd3975d570fe054f86ca3b157689b9453fe8a28e7e30c096eb5dcc3a11fddb0d3ae55ba79a106298b25bfc34627e6985685f32df5ca1cefc39e6afab620056dfb05eaf130730f56716d15e0340d1d476d986ec4aadb47de1dd549f0cff6e81653c3a43a466d4c5b872aecccdb4d96ce2e587026471379e21ab34916aacc87dfd7c7e6e51507197dce99050dab11f012faba8d436ffe8244d007357685c2bf33b93afa4a09110b523fa7037d4a036455f8921b25ca8c350ef9e387aa924a33c53fe192f0078da6eb77327e0440941c5807ded1dd4c64effbdcd970a127564effd562150a9e656485e13076e5147b65aade23d9d768fa2671390559a4b75ea43cf176bd44cd02cec7ab9de18d1fc43b94eada7fed3a40eb3b004e6d7a929d76f575342087917e68601a807c5007fd058156ad1a57022d5c7ead7228dea783c66d4da7133e2f40fbba800f3f9dc8fafa274a40d51ced5cb6415fcca925bb49b6abf6cf24962ada5cd66a376532baa9ceb40cc6088b8f110d96eb7d7719adcaebe40be7480e830d14e62b7a287b961002a443d8e6dbcaee75c8a9be49368b55a45ea63f5869c898b5025e066821531234ec546642c457b82768c323b32b20aa24c6e49092da23a6cb95cd6b2e44a9cb2e5df7bfe51fa597d82d698f940265f35870e101d4a8973c3b43f305009207ceab3fc7a603299a80bb3af1546bf22d2edea3f99857e8b4a0bb396145a721ce8501716b95ea0d3e9a8f62bff8435590509dca42651b1aebaea567451f3a16aac5a27f87598fd66919f1f7d731de1394ed932d78b330b0b11da1952e686b1ab000899baf8c83997766117b5eb77456e58a2dfa5fad8be8c24aa6a5cb4d3dab34b9f72be3e5b333e7344bdd5fce5473a3e8dac822817d04541c52ebdd65b7a2972aac35143369d4e839a916f32898eaed16894cb942dfded667864b3d9686dd8a57f7424db5f0cdc9032374c1d3f73c3008449256cbced526f685fce831a40ff3ca9980be8cb3f8b5f45aabeec5afbf878ee0ece26a5249e985611f5deee89ac827fa8b2b7fbe675efb44bff753c1e97cb65e2ad5aa57dfbf6c745f3c349e2c49b2c1448324ed9b23ff0c7cf75400ae68601a8227585d3e9d43ff7a75ed2bef61a75dc912a59b985d3370f71494f6bf2a155979252d44fa904b2ef7b1fb20afea32c6e77cfeb30e2dd9319dabf5557291824eee2a2dca2da4b6d5041fbfa73e1a4d56a99495f2f4ed9b21ff7e7b933196832ed75ea5d22178f8a0e281504e5dc5f05001ea29ed73f59f9625c51ff1be9bef5e14ff4c8d07671bdc9ad73cd118929455934b47a86ac024bed85bb9584eaf8bb412562bbdd464eb7c4f5fb7dbd47f1e6b922cc5cf56e2e32d137cc124ef41b550b2e97cb2226a7d9dff147c7bc7d017890c9fc764ff26821773a06109a5ce2ca2976e9768f0be85fa3b56757e5c7477ade334364e1a71483ac825f8a016e975563f14ad97d381c940d86f71edba2f4af964e0d9c0eadf860652496dcba4826aed07012617fe555a1f7354743e840d0ae1b0fe1dabb981806202891b8a2c2f7a1539c91495ffa774117eb378dbbac48ffb08b3c2aae66b359fcb472b029c520abe07710d095478a10cf0d7a24527057ed351e8fef8e8198e8a277668f254699e124c27e83abe7ce2a0189b433c78759d497a82f67f80e40202271451d7d968e383ee94b5d3f97a6e44575975dadff0eadacd76b7f633981a71483ac82ffb9ddb7d56a1557f1abc6da6eb7aae9952eccaf7b94f2ccd7d7979289198d491fdf2c81fd5a57e52725d4def1788c8fd1eb3fd5af97fc44360048a4b8e24ee41bf3db77b68d4ffa52685174b12f23276e8ba8dc3a1c0eea47dc752c8e96a89aaacaca27ab349d7662bbe77e7ce43bcf4459428781f2baa2857e8b62c6d32945212ac083ca7eb92bbb08c89b42fe62b1880fd9135a0004421dbd7f5665369bd9173cf1495f29a906af502674971fc70d0683ca4d2aa6c66ab4e5726977de1b8dcb43144e4c26b19ff808355b3a7eeefe78fb7d37448eb3dfe9ca2e020aa3de2531ed135a00bc9dea63bffb1e0e876ec26a7cd297fa71267d15447d417c0ab1a87c529997e324ff32516335d7b7f7ccc7c46bb0b2501b646e191c3fef7b8b4a2bb568fa8dfa028bc5429f109fcda525abd52a3dbabc3db7d8ef719dee69170105336704120f37420b80378acc075333b5dd6e23753393be8aa3622c3ed74b7abd5ed5fb05b24a434dbca7c36a3fbe7bfb8ef884aebb17c1eb3da237eb47f483899924a394facc30b965bd5e9779e5b1fddd790c49018f22b40008907f1ad4a77689495f05391c0ef15177d73ba8407ae8166d0122ab344ee4ccc7603048acefcd8ded1436ecfb32d0f150f45525e686c88a2589270f0c7de7c56251c2608bfd7d5c588fb722b400088a8a07db06fd51afcda4afdca99c53f3ae46debf3a45d5917a0495407ad5554a0a90f667aa89acd22c8a257efc50f3114fdbb76e6c97c88c9cbce596c12ad1944994bb5490d96ff3af6eb7abefb62decc152f6d770b10ac2406801f05ef13b7d19fd7ebfa2574a04486b524557bc4e5362898c5ca946722f553a2b52663588f66f7fe296aafc9f2b056e5129a3e0716bbc422f9958a277be38a1ab08fa323a446f4d4b53a1a62f3f9bcdf41e7df3bc865ceca793551018420b80925d2e17f5b0fea943fddbef94f59fb43cafd8ed766ad823772970cced89ed5b3d6e13e867eda20aa2cc6a0aedc489b54b8a2aded8ee743a294a8d46a3941bf6193ae05f0930fa11fb41641584ea6e6861fa2280d7a95488b4336ed2977a58bbe84a2d527c36076e399fcfa6a4f143a04f5144654ccab963e543fbd67f1f0d592d9459f567ea955b3b7a5cbbca37b6f36db7db5b85da2dd9038c7f7302bb0808554a68d142eded4ccf00f004759491abbae377fadaed76fe940dbd81b324e9547ba8594ebc49bdb45aade170b85c2e334eeb72432bfa29bba86a28b36a48758992f4f7f7b7f6cb944a5dbbafea72bde73a05ec5b3fa2f6a5bab13b850e7bfd693af21542f427df1a42bd45ef1fc56e8eecb7bc761110bc94d032180c56ab15a73c0164a10e51f5836d3eaed42d2e160bfbf2bfcee773e4cdea91ed6bf8a3559a728255cb2793c913f3e8d4ecdb8ff8f888c4c8aaa0ccaa095382f87343e33e3f3f037cfafbbb3c1760d4169bdc62fffbaad297aca19976bbdd783c8e0fb732370c403a7579aa376c9371d56ab5d493de7d66c0eadfc7db7f57fce65479d1fa54c6bb5584f4fb7d152afea9d227b8a0a82ad12eaa14b24ab5a59c258dd07b98e671d77301466f26aea08a2e978baa87c4fbfea9c5d08140a301c0518ba1801139c7311e8fb3f7807aa7fa56fb93cd8e2b29cdafd6f06834d2ab77e35f466ac9dd45bcfa58bbb43ac82a95941e51949b95a15540bb5d534b28a69fa600b3bcf75017d1ab6a74d4f26eb75bd636aa453d9992496293c2dc3000a27620d2092a75a81ab12f67a6c6c42fd01b18577e7e7e1287b555b3a9d228e86e696e284c1bb172ed3959a54a52228a76bec8fc2e1dffe625edfd2f8e1ec2d126300f7531eb3685b688da71b547da10fa116d1a7feb0061626e188008755e9119e6facf579e5dd6ccb8723e9ff597a69c12ca6b1425913edc45cd79d52e1622ab044dfb96da08ed558ada19238aa192c2bee3e363b95cdaa5c88f5db94f31035f6ab3b4e10a6d9b80e7a44c4e5043c4dc30a0210e8743a41d50d5914b51d19cb8a2bf74b3d9a8548b9f03ea76bb8bc5a2b48918fa5de6f7b6aaf66848b24a7054bcaed7ebf1789c184e8c5b11c5d081e17e566d815d8a5c99d52bee6cd3743a5579a7fff527e366a18da5cda4965acd19252082c2dc30a09954cbaaccb047fb950a5cf553391ef2f58e2b5a810a75c3e1d0cdc67754c2a95478cb841757b168e3da455540560985f65a45def432373da238ca39eefd5c385110b38645cdabf98756bb7ded6abfdf6b4b2976ea0de64a7d89b759717a8fde69920f536e1088f4b961771b25005571be4e558a1cecaa3d8a28272271451d5fd54f7fa8eb9fcfe79129734ea7d351cf6edffa0e9b6a3e1a92acf24ec7e3517b6dfa108af678b5114ae719cb567f472ce80a2da832336b581bceffb77df91ee55265181360b2a417ed03da49d4fce97731670c6fa432424d965f5b38daffb54b73691c505d892945c77ba1456d24ae742bf8a4c8bbb59cfe28358f81640377c1adfe6117058fac52b62cf944bbf5743a7de2c2b5d3e9d4febb764abfc22e45dedcc8b85a1fb5b32e6f3c77be44ed97197e5174899fb78ed39ea377aa71d78f8872ac328c308686d2a4cc0debf7fbda2709d5408524a694de6b17d067a76e3472c71a352ff6b550a9cf5d2c16b7ae2536d44dab31546b697f260c2a395cd1529533da649532ec76bbbbfbb4761d1dab2feed6eee4847e51d5075243e602a139fda32d6bfe531bf1f5f3ca8a1c6a04d56d687fc8f8809708158b6616993e442d913e8dc21105d121a0e89e98b1755c2884dbf7010852624a5109f1dca9b757e837fa5f43dfcabe100675eefa86ea58d5c3daaf98447f8269fa42ee76f557986fab386a17858dac5208959baa11cd241fb343245269ab74319fcf7319f1d4816d3ff7af864641ec5afeb0878f9a249742952e724f89e6fc8d2ac2f4dde92eb54afa0435a3da5564bbddea9399b4835ca86f76a1dda79e5bbb2e2d12109a70528aa3dac9efe6d443d917de41eb47bda45691be52642d45e45bcb9540ebd9fd45cb2adc2a96ac92a7e3f1a87c9232782205edd33a9cec2f68ccadcadfc8aee8bfac22da9adab26661d1b3eff6d7abf6457b91b6b589c4f2dc208cd3eff7556baad922bde069eaddb50b259e7754c3a8dd35b4e91040332d168ba0528a73b95cd49db9af54fe0c912c859ca8c3555fafd558d11331fae6e60f6957e1d19064957cacd76b37ff2a4e3bbdaac0e2f6693fa8e86b30fbab68765d7b5945dc912fefbd844e6143494625a3760ced786af7dda4b58cf47e720b5ea13de7567faf1d522551c81324801a53ef1039b115484a71fcb3feea894a2b69d20b397d25bdaa5e552bb006cd97d6aadb0dd456dba5a122ab3c4f5b7a737dbe4f6221a8fe589b5f6fd051677fa0180495f2d9d5fd6f5611d7cc85797b0d9361cca0b69818933ef556b47beb6de6ea17fd782077324155689f1927ddecb8d56a690facca959d400da81ad141678fc0abd0528aa36f65bf62c177063bfeddeee85621a7be4f19a69603c26a7ecd9fa9d6b8e84af545649587698b6acf5631eae6fcf8d41068b7b66f2d9eca47fb8b092a25b26b3c965554c7db172a75e772435f78b15868c78e979571eae14c1a9f5fefa4ccf00bd2a96952c3a8bdcbee401e950893c9840c0c144707a0da6abf68513baf25f6e520293fd8ef7a95e3b97f974f12077e45d5549985dc1ba91f377fb2d6865d1424b24a56aac67460df3a09ad3d5eaf961c4c092aef62577a2cab88abc6c21c5ac9e8a1dce274bb5dfd88197e61860f12a9915c2e97912928861696df8a02b5b7dd6e2345b90ad34a1c684a147e1fa4fee5e93ae76e3e9176bbad4454cb21945baa728295ac728736de743abdb573f77a3dedd96fd9c0049537b2eb3d29ab54e5c8cf4e7f85b287f6371d085f5f5f290dfd8bf4c9da93f58bd6eb7545af56447687c3417b54e2bc0bed06aa2a68d38017a9ecd6d1648fabab7ebf5fadd65599caff135474654c59e7f3593dd77c3e1fdd7b5c843e5f6f6b6ca7e3c6af42be7f315925998e7085905bfbb7f6ece55b9fefe35fc6ad2f43a75e32bbea93b28ad46368259d09306adf759828c0249e267f9d3ed64c175680d9f0a0989ada6eb7ea2ce3536ab544cbf5aa7d1f80cc5415a8718e4cfa52dd625fae1af502f6cfb89ed5ba751e503166bd5ea70f9e08f9c4a795e6f6935590172f0959254a3bba1fe29d76bbad0340afbe3d18e8e8723b1641e52dccca17fbdffff287565464dba50d70381c748098f4e2f791b9330f8a21c3d489da317593b7da5e6d6bae890232523b1c19b1d41154f5465241cbfe31d7dce59fc55017a07e47fd827d3909f924853bfdaddd26cc9292ac62a9bed4c11c9f90a02593c94447827ddfbba9b971270cfafd3e41e52dccfa17fbdf316e50551a15575ea162d4dca36c341addbd3b592293611cf54cfa3475db744e15723a9d544fdcbaa045f54ac619204003a99251d3670f982bb5a5b746212a471d847ff98a6ab6e18dbb1c19ea1154bfa9d1a00b48a74ad235b95aab7669489a9e554c44491c2e54a1a32ac7be2f186e7e918e4f4e34be8bd90462ff3b4647be7f8658b5977d018fd01efef3da83627c6a8b492f15a2c6f9d61de1d50c6a2372a60670cee7b38a197b845ce9d809b08679856913ec9f7783f289e2d96c363367be44abe57af2aac08b2d9fa3efa3ef16c8c917fffec50186db8666959488a285aa2cc33c75e78f81d6ac0daa16bb0d6e671589c4154e06e728af0c63ae8731d4059a8ecd503fa75f6104d870378a3a516de5f8d9d3cfcfcff178ac0d64df0734951a43bf0dd4c1a262bda293bed4deea9057233c1c0e434b17e5d05fad0d6a574789dca970952e7651309a955552228a8ef3a0e67ac5a93e73bdb5fe0abb14ef60b682d8ffbe4171c5cd657a4bd3d364afcf28bb450d8889373a0cf5f95c30530eade1d56aa5d56e3783475b441ba251771a058cdd6e1769df54685668ce859f4cd22f38699af2a763f845a6368a5d1a864664954a4714c39f4da88689c90fef653684d8ffbe4dd59579a76a2cbb086f525c7a712217ccc4e9b7cb7abd66b8e669ca245a8789edb936ab8e3872239ae0743af917468a0e8a574a4c1d386a974c72505da4f62af128cb8b7fe5498e54d499c656edfcb5b9fd5e2e97fabb24b4d3195ad529f14cb1c1beaf442a95cd6fd7a60faaceac7356a94144715c93a4c39bd3876f67b685d8ffbe4dadbf3b51a146d32e4518945e4c1f66cce773d3b789b99b9953e8093f55d8fa1566129ae956b99c260bad25adb478c5a3234e654a68e70581bca85b515b11d9f3bbddae5aad6bebf56b301898b64bd223875e2de8dc4d2ef477e9305fad56f1c1a2c8446bfdd5f6852a4829508db74cc4d2aee5261306759d6d0db38a398ceb11510c776e5ee8804360374686ac22dae5ecbbaf93f71813ab81e3f1a8664407a69a1a95c5aa065cfb9e2f1363d20d87437d0df52bbf79ab91176facd76b37d3daa78da223ae42f361f0160abde6d811ed4b3a9a9cec15ff2bf4c9f6775c15f78bf02e66139bb67a7ceff12fea53de58272cffae8b6eb55ae15c675babac9278b2412a1a510c856f77625efdae5d8ab7329b43ec7fa78a9cfbe976bb9c356f1a936de45afffcf655a628b1fb4401eece4633dc3489c56261be61503ba78e1df3adf4f5f425d58cdbef9dc4cd9205802a523be6628c1f6f4a3e15e5e611a883b08bdead265945a5c06c368ba4944a471443e9cbedb87d2e530986d92262fffb1e6db8c879dfa0465751a8d3e964ba19b9e6825fda1fae0536e75001000f889c8af23b11fdfbf5ba77b7dbd98ffbf808e4bacaca679575d263e6b5b556ab957d4795b93f4db98bcb54c261368ad8ffce46fba41fa755b0da17f020657853fa1ba6fa375c06905c62803ec47edc830a9a1506a0725aad966916cc2525ea0bd470ddad0297ffde89d8188fc7018ecc9f4e27fd51e9b39bb41254d2cc8b7972bc7ebbfd3585f5ad6678dc8cf16a533e31906bd680f971894f022a41c630e3ceae2a17d9456f55c9aca23dc61c15f1c3b8362945b443dbbfeae3e3ee8e8532d9adf260561135e86aa1ec0fbf3baeb88a5f3da2be8998063497123f5d3c0094f04b01e44bc5960e5e3393d0dc1682736ab950351fb9de5dab5a39279ceb07445f66bd5eabf04da9da0bcd2711da0fed6fcdd6b7ea2b2978e8a7eef63e1943853699d6860e845cfe58138dcc6dd9c4749445c71bad0aad10732cbbab0f42b84cba4a5925e5a279d1f1a0c3c6beb5fab473d83f8c13f0e1b11b264356b97baf8f17e9934d13f610d706a12ab4c9ecc6fbe3dff347d4fafde6ce3fb95c506e3a4bc7fea62b77c98d61bf6565f9f730d001ab3fd04d10a7f8469954e7a8deb5fbe5951a79d58e21cc005777664ae7e17018483e8950bb64bf44d233cd14aef4fdd572ea30b76f7acd1bffd25b4a2839f4f9e567e66a64159352120365bbddd69e57b3ee447f8efb63d528d8a5782b6d94bb63dca83d3538eae7cc8964733d7a20d379c3e4a71d7782d0b8e602abe89385b9b8754fb69406412fe90d6a34f4f79a3019d4797184464d8a7f2ce8df5a625f2b9dea6fedb4da75558edfbd69fb1bab763f4115da3b9bc3d99ccbd0b15cd1963fdf30a3cf2927ba849e55cc6a8df4640166d91c5dbcc73e6a3f504eb32f209bed765b688305437be9b554b3fcd3fcee9cb4c14d63510e178d56d7db498b1bff09aa4db87b97365a30e0ae17cf71e8281b8d464a83b5ac249fa3925b2b44a9efb975ab551a1fceca45a059e556f2d392da5c8e728b9b73a948c621f404baf92798e102c30c1a1866deaa41e4402d9dcf67ede777cf1c03a83a7570b3d96cb3d930c299916b185593eb3fb5ea323695f996eb616595942b529a90524489d6fec149b32d91c57c3eb76bb00a14122247be76754202503e1d68aa63123ba0e170f8c4f590669cc70cf298119ef8fd6000bc421da80e4f1d622aa3ddbc2c1d772d1e4c9787ed766b56a3d6a75bbd4e7a74d18fd8f7bd2c94ac72eb8a14b5ecafdf2bba2a76bb9d3bbad4b1d9a508923690d952b91c8daa66fc9d5fc7827d0140e9d4e3e80077adb1a38354cbd53ddbf7014fb95c2e8bc522125c47a3514127fb95995571aa5b49bfa2433b7c9d66d7fb677ee9525fa1ddc6ac46fdc32e4aa2bddad5458e7627fbf26b82c82afa632229a55111c5d066768d48b7db0de1a61f48a10d643696d845af512ff5e5dd9c643a9db20f006fa40370b55aa97ab3c7a4471d962a4bbdcaf5847894769b4860508f9f6fb5a34f5b2e97ea44d4a7c423b7af66f924c2cda817e2cad3f6fbbddb8b147aedd21b22bbb77ed0bef09a3767151d1ef10930fa53edcb4de2f2a87a41e6fc54823b7af33a73a0dac82f8cd48171c112f076a7d349c7b8bbe54984cac1c56241a38dbbd6eb7524a5b4dbedd70b1e7fd8e4d65eeaab773ef145ba54e2cad3947bcd3a54c56e17fd2b9ec01dfb8ed7bc2daba8f58f8c163536a588fe70bb16c278ec0eb270476f5e670e446dab1b6f3566b319032c4008144854eedc2a07b55c6d02e71710179fd6af94a288fb5cdb9e7dd8c4f8bc3eb2535d892a8da6ed9f91b8d2a8d93a3952c5eea62c9a4ba99590b53ba98cbf15518cc964623ee1456fc82af14b53f4efbcce4c57913fbea6d6c72e45f0d408ba0d17bfe6ec156a02fc03a4dfefab5db0af0178378516159a91278b3b3a78d585135a202a8e232945bb874aa087528af625ed6fa3d128cbb089e8379adb39eab717740d4c85f871456be6b97c08fffa9f74daf7725fc9a56695c40be8f55735f958d23a71a9543d1f4751b5b8e9b0e9d79c3d4107857f3648470d036e4068749cae562bb50389a7b755592e974bae696926e504ff1244d14ea21228cbfea0f798695d914f48a4dea1b1c32619e9387547a86a6ebb14996987d40e6656e02d454414a7a4aca2bf339e52d48e331ee726fcb4db6dce9d57ce7ebf379b4feca25c45ce644c26134e92554ec6b1f22ad25fd4b49ba0a4d86c365a1bf1adac228961964651bfe09f6912ed03d37b8ff7d64f29d96a57b93b78c2b0c9135c67aa6dc14acb42c1433bd87c3ed7ce16a9de45ab513b7969573d159e5512538a5a7375def61d0da63563d708d3282bcb9dadd1d6b48b72a586c0cd13952c7d1e9e631aabfa258a77696c92d131ab8ad3b50c0ec32cb5a7bc11b9e050b43324b6d8da13dce0497c6ff1e95052bda86a9bc4fb3455de6e329e56a65d8a18edc3aa31ee0666edd5f6074a51605621a5a4532365574a7e379242f97454dbad58585cd1a1149f4b40624954e3418cdad0a669c2deabc356c924dee5ebe055a9b45eaf092d75a29647cd8eddc67fb4a1fde912aa02379b8dba892c37ec32d3baf47edaf9bcfcfcfcd895fbf141216a98423d4b7769aa77edc3f6bff3be4c375d215985947297da2fb77e72bfd40165ba947557c4f89d649a9c58fce1e9c0638936539963e5653267e07259fffa10737b99fab935cc22aa47178b855fcea272d402c7538aba75153c2e99449aee443a04183c299ad6b059db3a1e9b7c9f7177522f3eb9cbd7eff72793895a667f9f747bbbf66abba878396715524a162ab3dc0d64b47238bb5675a5c515a9656271ed66c6aa37b1eccb058d558e9e4b327a7f2d678ea995d0ae75ebd661dd6e77369b51a45645fad9e8ec0d14832725d386735b4d079d8e4afb42dd653fbbd7bef72876edab6e0f2fadbbcc33ab682d9052b270a954dbbbcc41341427125774a817daf7242616b541cbe532d87345399e834fa1f550d7418cda88efbd29b4c3d46cf030fd7ec7770b05bc57e209d98cb4db0f8743fdb80e01bafe7751d7e04a6d156376691db99380e9130e9f28d4dd8d0ad45e9593f7f2c92a6a7c232d2f29e516ad16bb8e9831592f91b8a2d65015b37dad18b76a3e351fe59477dbedb6e8ec912271781a55a463c79dc149a19dad4e75bcaa5e7501a3a47bec88092d54b46f674e486b4b2963a885cf9e524826c172a5b6d46cd3649ca4f0e2493d1d142effa8d8b04b8b944356d15feb42aae80fa004bfc50ff4ea87ec52d4850e60754e66fb1a6a2f8a9e857f2bb1684fcb31b1143a2af262bb893ac9b2a79596c64ba3d8af1e21f1afd6c2d96cd6e4b9f565d2ee67eecda56aefeeedb9445b472db0fd6154873bb1a82edb2eaaa6ec33a8f33dbba7ddde7cac8e9112f2de4b5925329ca26f5cf489e44af3274a6abda9aeb52fa05e740cc77b386dfa42438b1a8bc562a1663772daefd1a3b2b84cc2e4163ce15614778a3eb24a96720076bb5dd5d02a4dec5bf11a655d35476a361505154b1e6df4f47e4ecb56970e34bb21ab36b46206fad4addfbdf244bd7fa12701dd9959fd16bba830cf67151de17e41a6e29b133fe9d41a9a75a56a92fea6ded43a986d9da8e8ea2a5edea9295195a3064e81d9bcc7ccba7eb47b4ec40821ca9152c76b67b66faa0b95173ab294f0ed5fe8d1d1adfeb74ec34a455027ab164fd41e6af730d40b8b7f8ef509da285aff9c6dac3a576a873cb4627663ed6f66ef4dbff2448ace273ed5fc2e05e828b34b8bf14c565195e3b6b1319bcd386ed3693fb32bebe363bbdddaa5a8351d145966e15702a3220847e2604bd1a700de45fd859a91c4cb2454bbe84f6e726889547292fd7a92448a312a6ff469ebf55aab3d9215492975e20fad043544a6bd5a4575fa78b2536638899bfe3d5f4ecd6fa1c7c5c35945abc33fada590f79615542dea59edfaaae3f93fdc55a1d042264185e8c8523f6df7dd3f750d2daa9e47a3913f9dc15179ad62cb8d9ad692b6b5da25fd99ea43b5d13356722954bd28dbe8d3143ff4c97ee48b87614520bdb3de6bb881744099edabc32a8499413ac6e30d5a9c12b5ba69b5726f2fbf7544b83cafbc649716e081ac62c6dffd8652e5172718ee524476677ab417daa568aad0728b1a6b75ffcc274145dd3aa0ea7a56487faf0ed8c8d40643bdb30e67953b35e89755382a3f6823aa267b6eb4e43acaf24b758b3e47b4def49992529592521a459bd59d7c57762de7c0d12f35a376fe79ff5b9404b40feb28d04eb8dd6e031c1b5064325f55ed4f718544a6aca2af1259a7fa4e3aecedcbb84dbbbe9b5fa875487b87b74b9c3f235a38e36974a8a6c4c4a2deddbe5c47ea4dd40bab8eb17fadc78416bd5a891e47f58df283ca0c6daf47074cd4abba34a20f79e52269fd7864656a35ea93398f536feaf2b4a1cd16571b629716403be77c3ecf78ad940e04e519fb93c173c7ac9a1dbb286ff7b38a9a00f3251c15df5c469f91eb3e75305005221cb7128b7c7e7eaacf566e31a721ed0f0055a0d0e24fa2502d5bcbf9603e15d3fa1b6f1dce3a96178b45085db61a133199c48c963c748dbbfa50fd88ba54fdf876bb7d259644a86b26a534990e10bbe15fbb27981a1fede10a242ad9b38c99c4b5db6df5bcc7aadd7b494790fd030abba9da9dace2071526b23fca3f006adf5fa28ad4c464b9864fcdae4a84f57acdc020c217892ba28eccbe566b2a715427b991fc082d57fd5d680f6e4648442b5c54b12903dcfa3ee9f453fa597d88ba4e7d60412d8feaaaf86c3ab575952b16f122d762687fb08b32f0c3c943fbb93918eb749b25771c3db402b34bcb2a6a26ccef166d486d15fb0232d05e68d75dc1038bc0eb5464ac6e3f42dbd7eff7992a86c0a9b77263da86ba33fb5a031c0e87c562716bd442c7b88e746580e7065b54dfab3e5bafd7bf71e4efee5beefada27e4388f2b3bfdeda41438daebec4ef0717fb691761275828f86f056aba55d4ec75d2df7317f05167108276f95f3f9ac86c3fe5a82cae3b4a95ccdd7ebf5587ba810e590cdf589046a58532669680f57cba0b729963359020152c3eb0fb0685fb52f34863b07e166e4472863dcca2d6690442f69bd69352a4ed89f798a99592a2af2f4818a3aa5c59208558a911c2b6aebdef265100ebb2ba46615edb77e9312a71e33903b7495cf857ffdc32eca4f74ab28a5a81df1cfad12541ea526de4d55d43f384f83aa33a769d38b1573bb1215227aa7aa10d20b42405c71369b8daaa8940110935bb4ba1eba8cc467464854a9683dcb76bb0daa29d037d11ab0dff50f290586dd21feb28a9a0eedbdda87b527ab5fd38e9d78ec34399c44e838b22ba580a195ffb24a3ca50841e5515a5d6ef67fabd5a211449da89558273d22ed16b5ef7ab3a95a3816f01691b852e84300c2a77a7db1583c770d89a1e2cc1dd7e6c484045e27e8af9efefbc405d15fa16f6edf81c673bb4796acae26455da1fd49fc19fd3daf4665b05d94139b55140a2329a5d3e9acb82bf1e3dc2898a83eb34b81dad9ed766a225401a8cbb77b7c06e6925933377db3d9a85628e8aa59c0f1e38a2a12bbb4be8ed7a7b98b8e3251aed041f7f468896a031de9153dd7a0e665369b9152e05383a01dc04c75365d989b0b93ae5dcdfb7495e6743ab9634dabd72ecdc36f56d1d6321f6d90529ee65fe4b3582cec52a00154ca98da68f2d4b3db7abd9e993aa20f21bd2077aa4e5c275a833e2e318d88f9031f65e66e9933083a0c130f5ebd412b2df0f1139fbeaafe9cc8dfa27626df120ae133c9c4dcad2b7b62d79ea37ddef44a66fc90a9015928cb9915a85c976373f13b7fd77cae90525eb1fc7b78a7a8d1b74b81a6323d849a14353283a71ef1a61fd48feb43ec27022ff0cf25556574c56412954a3a16744488fd039ee5c79294f26bb7db29ffc4438bd69b0a3e1d95e15c8512a796476b2c324f9594d2283a70b4976a1fce3edd51fbb68e0ef36f4514fb4178908e3e77e8e578cade7ce02f2e4d79853ff2a535699702f8d7e1705085646e2ea4a2476553c64b5f482f78913a38d52e767fca7067d2929943633e9f9b0b791fcaf611fa597d8239252c66b2e5136785b5c674b8b9e97311fa2dfab6a19d6cd6177615a7a1ffd442fb32ea483baaf6706d65ededda5d233b409c1933d13bf57eedc3fa597365bc7666fb8ef0da870a7127eeb59ef33aa9613e90a0f22af50a664d2ac4b3268147a9505bafd7a64a73b1ff2e13600cd3f138e61e4446c8e7805132b777157191bd2a1ebbcffd3143223e13d17d774babb8bcd24846c7eb53266f7dcf76bbad10a8e3f7bdb337b51222014f5f4c65937d1975a1f6dc1c59d3eba52659ce76f5fb7dbd5961e6ee31627f80acf21a7724e635c9e8f7b3082a2f525574dd28bfb86f1df03af528e666910fcd30ce421ddbb53efcd2279b3acfa49af8f325504b6e2698428b5d748fa98d540a6b6f31e591e4bb5bde62d2b87ea97e75a16924237570b3d92c12097c2a275444967c3469cd682dd96f70f5f9f9a97045615303da974c5f602ecab21bf81e1dddda15b50f3c5a92d99f27abbcc655c5da10b9b45a04955769edb909913a96ec5200b9723d56eee925421ffe5b8ade1039b5ec0feca886d3d793e572a9e2c9e03e016fa4956f3783c775a262b697311c0eed86f43c31e2f134738b3cb317e97bbe3d96a4537e5b5d9f3219bfa6c5d0aa9b4c265adbf6078aa1b5e4263518aa8db40e39eeaa4bdb544da8aaa994481ca776db0c33aed7eb574e19db8f23abbccc1d98fa875df4820f82ca8b14dccdf6c871661e802cdcdd908c6bcd699993708e3948dfc8cc90f6955907a304665e96cf8dddf954bedbfdf54fd5c7f4f4174da7d35b17312b3ca85851f5a9a3d5fe401ef4695abdf677fc513aa217ae1c6d32731e4a878cf616bb2d6f336da9b6b57e44874fbefb95fd1d649597a959735bf3f573166c8f97e818731b23c73b1e00288e4b38d7d2f1d5fbbda2f6ccbc41133cd4ce6bcf097cd0e35d746429932899dcaa3815e766b3d98b33a5d5edba897c8eb64ebe352b8a73f16e227cf7948d196fd4a167c6ab8b3ebd6e7f2b59250fee38d5816f173d8bedf11237c8f5fa960050392ef6887f15f535fbfc7a681a03f2a58ad96e867fb9765b21c46eb0ebd411bb213d551ff1781715949bcd663299dcaa443f3f3f55a7aafa7c680d9fcf676da948101a0c0644c7c0f9e1e4d6f89ba37d466f5373fa96cd6abf0459250fa7d3c9ddf94007bb5dfa14b6c7f3d4169b6d205c520f0095a092d736dc5424c5531a51dda94461d7788caa99bbb945c5ae3e24726d4cbfdf57056cdf81903c144ee4eb7aa5966aaab74fe1b35f889621273a6ccdfad461feca9818dbe3495ae9ee8c1197d403408598a65bec7fa3788a88ebf55adda53bd51aa79786c3a16a5c3f8428c6447e44e5afea5afb3202f0683851ce9c4c26dab2a19de7b5df8f962127da31dcfea0386a973e8eedf1a4efbfe7fd73493d00548b69bdc5fe37cab5dfef178b85624964a82442156d641699420b0f760c416dc24984fdbab40cf97153905aadd6d3d532dbe319fefd0dd4e0daa500802a30adb7d8ffc6fb64cc2da237a838e6ea943225de89a44ee124c27e7b5a865c699f316bf5e959486c8f67e82034eb9d4bea01a0724c032ef6bf1106e51015b876dbdca6d0a26ca384436ec98556a3d2c86ab5521a714f3bb5eb3ab38a869308fbc7d032e44a3b985dad1f1fcf1db36c8f87cdff1ea8d2cae9799c00803299365cec7f230087c3c1dda2cd51f9abba3972ef2f9f72cb6834529dcdf31fb37073b7cc08895d894fa9473889b07f1b2d43dedca1ad7fd8458f607b3cc69ffdf5fdfd6d970200aac3b4e162ff1b6f753a9d543adb4df2474bfc47a6ecffa68aa55c9aafe25bef49b99f580369dd9a195c5a7559e66e45f4ae4f38d5cffece00fbbbb5779dc24984fdb36919f2f6e2d00adbe331feecaf0b8ffc07800a32cdb8d8ffc69b9ccfe7e9741a193651659c5ecd288d2c97cbd168742bb7a828d7c7d6b8a44ea180b7d96c942b0683414aaef3298d88d6987e6ab55a298d3476ce885d23b40c05d0716dd6adfe611765c6f67800b3bf00a0064c4b2ef6bf51bad3e9a4ca38723dbd2a6615caf61dd928b72c160b771a31429f3f1e8f1ffdcc6a5135b25eaf67b399d65e647dc6a97ad1dbf4666512ca9838bb9a68190aa0fdcdaedcc78756d81e59ed763b667f01400d98965cec7fa344c7e371329944c6527abdde8b8f4c51f851fd3d1a8d229f6c743a1d15e8f5981ea66a64b95c9a8be0ed9f779bd28bde66a66f313bee2ebbd668198af1f4d00adb2313ff7136ccfe02804a338db9d8ff4629f6fb7dfcba14a508650cfb8e9c28f6280e459ecd62a80757a1fff4731eca67ae865f2c165a75b7868f7ced767b3018289c6cb75bff821f646157222d43319e1e5a617b64e29ad756abc5990900a834d39e8bfd6f144cd5b60a68bbd2ff74bbdddc534ac46eb75368499c19351c0ed7eb7580671e55c3990b4ef40db35c0daf48a677eafd5ac9dc0ced45769dd23214e6b9a115b6c77d6acecc9a95a21b560040d16c834e45523c95ddbd5ecfaeee3f5f5f5f2fcef87a94faf1d168647fbd473146cb97cbe5bbce42fac924bea212e96dfacef3f95ce184591ef9b2ab9896a130cf0dadb03dee381e8fee94cc43291000102015a6a64917bb0879530dbd5aade2b3b0d48dbef1f65ce7f3595bffd64caa76bb5d746e79229988bef0783c5e2c16f5be494008ec1aa7652892767eb392b317d56c8f346a6d5da3a63697d15500a83a77235715a67611f2a38e723e9fc7ef96ab6a3b9c19d4c7e3518121f1821623afdca270a20fd1df9e3d9974bb5d73c1c97abd6ee66d97dfc86e03b24a919e185a617ba4516361d666abd5a2c900801a30adba307f265fa7d369369b452e0ed17f4ea7d360af6557a9641e3199784d8bf1506ed15fbadd6e553c7ca53e6edf219904c56e15b24ac11e1d5a617bdcf4f3f36356a5a81db14b010095a58ad336eb9423f9391e8fe3f138529aabc49fcfe7159a8ff05c6ed14f99695d8a1c29033506c92470763bd13814ecd1a115b6473235af6e08fbebebcb2e050054996bd89900960bd519ee14a9a3927db55a557ad82a4b6e4979c9d1aad09ea68fca5290e1edec6623ab14efa1a115b64732b712d5b155e846ec008014a661172680bd68bbddc69f45d87bf9918e41d14ef2f3f3331e8fb3c41247ab65369b693d503c548edd846495e23d34b4c2f648b0582cecfafbf8a853b30b004dc604b05cacd7ebf895e283c1a00677a9daed76abd5ca5c6de286e01e159f2786aab09b90f6a1143a4cccda567b6217ddc0f6883a1e8f6ed2ed743ab54b010055763a9d5cdbce04b0275c2e17d5dff14b32c6e3711527382996285c2996cc663325932c4f5d14ed427ab36a83c5f50ec25a21da9752528d5ed2fbf55b14816a90e5ea4d4d84dd6c649552f86d72fac000db236af0f76c5de53c260900403da8bea46d7f8e56974af34845ae2243abf4783cda3785ea7c3e2b24acd76b0506c52a258787267499679be867f5212973ba0e87c3dddc6228ec0d8743ae600990df44d84528d86c3633eb5c074e4ab34c56f9c76ab5326b4db8470700d4862b2299d9fb1055f991b114ad49d5ee01dee04bb58e128599c435180c6e3df33145b7db5590d08f6b27797a0657f6dca2d4446e09074d44f974ccbad5ae03c12e8d21abfce7743ab955c6ec2f00a80d66773c41757fa4dc576851151ec8a8942281bea172c564327974b4447abd9e7e6a369b99319382ce4eea4b9ac7ad2893e837dadf9d44df5ff146ab37fca1aabab25b8226a25cdae7cd6ad721706be8924df29ff1786cd697124b206d3100e075ccee78882a6c77334c43dd62ca59cf4299d11253f19b6b4bd28bfe081540fa11c500fdb8b96824652a5709f619ee86dced7615c0369b0da54899ecda27ab94ce1dd1b7c609d82496da41b3a644ffb64b010015a7da34e3159cd0ba72b9ced0aa53955ff48cafe3f1a81421fa5d622e2c79741297b9f0dd5c5ea27e3cfc895559728b56c27c3e67527ad1b4cfd8354e56299dabc07508271eb66c925f97cbc5cdc71d717f1800a891c964629a7706555228a5cc66b348d1acba3fdf510873a5bbbba444d1c2fea6c775bb5dfdb83e67b95cea3303bc7ee6214a23ca2429f14c9b8649620571d3908422f02ddc40aefe611779c82abfdc6924b505ef1d1d0600e4c8af4218544974381c9449dcd093a118f0fab8842284b90197eabfa76389fa65fdac2a187dcee27aa7e0f0074c5e71b95cb4a32a60a7dc46994962f972d72a2b3fb34adf42ad906b82e2939b3e66b359c3378c5a3db37664b55ad9a500808af3677fa90ab14bf14775bfbb4dbfd3ebf59e9808bddbedf4538a1366fa56caa4a644faa52e9088aaf0da67922c8ec7a3c2b6925ecafa3493c458574fd39e66d664a7d321a8bc51ca5585bf4b15d01b3b1552fba5bba6470da55d0a00a83e7ff61755886fb55ab9becf51279865e8c9dd804bb5857ec49d93ce426fd68f68bbe8c749230f3193c4b4f6ecaa8c519e51d85b2c165cdcf210d74acc6633bb08ef70f26ec6ab886e975e9985bfd4e83470fa938e7cf3e7b75a2db5bf762900a0e298fd15773e9fd5ebc5d3c5f8c6b3e7cd25ef2a7fcd0db8526625c5a957d58f8cae37e032e324f643f11aa56ead4fd56c299bc3ac7c130849e9e9dce140c67b3b3535665b68a3f8fbed6f10372f88766eb562f69506d07ee9a607e890b64b010015c7ecaf08a58ec964e2d689a102402144eb4a65818a5a3389cbc492f8a84bba7ebf6f667099fb02531f97439b552b5c81309e3f7dda3aca364a380d3c257d975d47dcfe2b006a375c02f787b93eb4e346a6ab6aa76fc208c3f97c76f7fe627a0000d4893ff5b9e1cdbb92835284591b3e051595b062ff3b33ad5273cede5ce94ef91b88fdf50ec877738b6ac1f178ac84c35c12d1de6bd70b59250c4ad46673b45a2dd7b6d86da3d7222751d412add76bf36a2db9b65bab832316006a433d9c1b4050ef66973689192749bc28e5219d4e47c58082df7c3ed707d2575685196f99a4de4c4c946a1a7e898b7f52c32ec2bba9cd311b45a1da2cf92f47aa698b9f7a513ba516aaeab72d8f7353e2a4de910c001a451dd6683432cd7b8deb0f9346c4dc1458f457ab8f7f629c443e1b765fe046d111a1c43e9bcdd2f70dc57bed03da01b4f51b3214c9498d30a9f1311b45cc76898e796db7dbf81d0cb52deb741dcbf178747ba722b55d0a00a8387561fe4598e1d71fea95af89c33eaf5d5d92eac574aeff7a029904666753a597be2329d8686fd41154e3397e0caa046b3c1e9b4da3264b457bf2fc3c73119edfe28b366a3da2b60b63da3b1b72f200006acf3f4b2a215c52bfdbed541a9a6bd6c5451177b564a1f45bf44bc924b8457b85768f665ee2c2a04ac8549cbbe98bbf1359ede224e7f379b95cfa4daa7eb2ea931ad7ebb5fd63b83f1d00d4887b4e820a2fd5557669912251445fc04491f4ca2f17e64a1249bc2041cb29bff090ec97b828dba838ac7a6e61502570dac1fe3bf76497dda67013b98ea5babba9d297eb427440daa500808a5354306dbbe455a62b87883ecd4491f1f589ec129974f00ad549e633cdaf306320a2c2d17e89db5459c6cb4a75d09c86c38b325ee2a2824aa5947657fb6395e2aa41527db0d4c4996d743fab18fa8178ebac2dad605aa1b98cfe59371d8a762900a0cafcc73e669cfa75895d9b5e4414311fa8af647e85bea7f9a5aff49beabce2cf736cb55aeae0b2241ce051da63b5f7a65ce2a2bd51fbb9dea35a516fb63f16307d49f3cd3b9d8e5d8420d9ab36ec7f65a0b6d5feccbf4c1319fe30cb6eb7b3df987b7f014059545bff96e7ffba96eeff180e87a6b2779ebba8a3dfefdb9fbfe156bdf5287d8ef9c0d1f5d1ec620a3529e85c98a2c8743a8d44299589fad59c7d4339325ee262e628ba83c2fe7030dc996bff81830890f6b7dfed64ff2b33b39baa53899f79520fa19d32ccabd5f5ad7eafceb9ca78d60d002087c3c194e0cbe5f25a93ff3704f15c9ca804f571e66fd41f6bfeeacd6663d643f9dd9c7a5e7d0dfbcdfe68e507dbe7a209b45b2a3c676c04f43673033a1d416f8fd62e683161327cbfc1d2fef3296ab85d0070d4be2ba786d67acee773f3f55aad16a3e40010713a9d5443983432180c54a3e738152a40e6bcafa823bc2691efed76ab35105aeda26fa52f69bff41f2d61923dc271381ccc1d2646a351fa252e8e0e40c5efb71c6ef654fd955d8480a96fca613b6957d30e1719550fea8e61fa3bddd7abd3836200c067665ba98a55d1a0125c156d96539ee973395ee7e64af966b3d93520fc67bd5eebcbfbd2cf2bad562bbfdfa9df80b9fe402e9d4745654f2fdac997cb6569232dfe2c1b35447629c2965ba6d47ea6bd2dd2b006721d8bbb8f99765086cb015497ea5453c7cfe77353e29b31908ce7329fe0270d17305cae78d730f57ebf774145ffa8d3492875a65c3a8ffad131abf86d1e3164776b8ff670a51abde195db4e64a1e6cbfdc6f02fb48691fff89776b5c8cc81f75ec7a2646fbfc7c7877a56bb1400c2a376d26480c562a13ed58c8d88abcb8b63e644a992d0efd51708b917f7cf8cea1fb52938b8741ecd913825c7d0413d9bcd8a183ff4cf7130cba6420a99ab9778c730b5bf6a858b4ecc11ead2dc508f22bb5d0a00efa3da5a61c0ccd41233309265b2d65d6a66f5516aebf4b1e6f6b8b53c13af3ac6fcbdb53933aa128a4be7d1408953726ed111a1d6528ddb76bb7da298f4cf71f4fb7dbb145550e0754589a159ff596662516e76bfb7e49804a0f65462fe0e825c5d73c72f33c92191698e9e66a28898dbe9887b74a0be89fd4eb5a6cac6cde9951a9c19e5d279405431ce66339725b2683ff8047d3598e6076b738ea3390acc2a466268d68ef2d01ef61c85139794d4a3dba5002a482d8929cad56e9832fd5ab4177ecf5c3333ca57e86f54ef6b7e8bf91bcd652174ab86aa197fe557fdcce88a4be78118556e3a347420442643a6bb9b5b2e978b2b0899fd553985671527f106c7a23d6c3c1eab3fb6efcb0f97d403efa20e430775f6694ef148e0b80ea6365464ebef52bba735a35ef3378105f0c081c0a97cf1f704adbd8ab6eadad0dae8eaf8ec5f72a53f8d4be78174e957e73b89b965b158b857ed2254477959c5b89558443b9076c1bcce2072493deaead11890bb945c21f64d0da026cbfecdde93cb457de4357dfca2facc857f45acfea17ac5be5029da19144822d95b7b91f619922af028350bb71e4deeb8dce2c63099655345656715237d0fd32e359fcf5fe9e32f5c528fb77a65c2524a12b0ef6824b75acc6d73dd700461a0f6fc2b62d5b0e7753eab4cdbed367ebf19edd20a5d8cf903afcb925b0c751f556c431aee3d59c5b7dbed269389b2afdd8f3caa4b54ea3d71c249758cf9841697d4e34a0581ea5aed18caae5902431689a12272d2b4b1545c6a6db8d106d56ae40a3c673a9d9a9d4a0757b58a0c353b4a23f18b52746870e93c509087c65bc82d95f0feace2a8edd6ae9358ea69f97abdce78fe894bea9bc3cc867214454c652cb3d9ec9a1d7ec56b854a2306a0217480fbcfb8d4016e5f089eba211d9b917370ea98c6e331b511501ae51677b2e3161da70a363a60d593321b334c016515c39c888a0f978b22f224c383f0dd7ec925f5e1533b62aebb504b9138dc1119bba84aea705f9b094bc073d6ebb57fea4a9d827d216c6ad31448ec97fea36248ed0083fc40f95c4dd8eff7b3cc1353f74d74094d7059c551b3be5c2e132fc4d70e776b9aaffa09fba68f0f06d9df4ea5b98e76b50e3aec55b8fb69e4eea4d2dc69b751d6d54ec52d4181c0f9c3e3fa47254654d4e3a89533dfd9e976bb5c9402bc8b6a42d792f835a19667bcbec59c7934a71d55cfe807ed47a044e16615e770386817f1cb5c437b587cbaa1f63cf3aa428e5d84bc2981a8f71d8fc7f18de29410455404fc8e5cfc314d89e1c6310c265d00d5e286267498077efc9eafcf108b3786ea8cd4f8d8370128dd25db83ea153f54d24cefdd0ad9a7e35df5a77e8ab912e5a840567176490fc237dad7fb1d2b34dbfffef820fbe62b4b3e7982da1133d8aa6dc72603a064e25fa312f2f0b85a45f53b91f332eaa178520a10029516eea8cc7eca43a5c87abd3697bc26169c11dd6e57edc076bbb53f8f025429ab18e62456fa750b2a7fedbb714f4121c4d067ea68d761ac26e387c15300a9168b855f1c047b8dca6eb71b8d46f65bfe5173379fcf99e00e04c2dddce29549a40a39aa5ef40966e025a55252dba5e2538d1853397257bdace2a8f0bd35dd50494679863e234e5dac569a7ad95792890e48d5103a74b9f003402ed45cab31b74d4cc0d7a8ac562b7fd8c7d092f57a6ddf012000a7d3c91e9f1ff917ba2a7ed440c59b024725d66432d96c365cab968b0a67159ffa09bb8378d4db9909854d0e2d3a5c75b498d14cbb5e9e423e015010b52afed9135500a19d98dc5fef7c1ab907b1a88ba1490402a403d61ca4855ebdacf252f5e7783c8e370e8eaa2fd54ecc2b79454db2ca62b130fb844a6a31fff6a9f36bc8c09ce953b30f9b104200bcd16ab5f21bedc96412ce99c85bcde9e7e7e76c36e3a214204cfe8d044bbbe64d15a6ea4c1554e6f7c629cf28d528db30ebe75175c82aead85ca2fdfefed64eb05c2e6f8dcda9d751df53a7aba0f4f7eaafce184ef4b6d168a4c3896402e0ed14065c49a10010c84caa94333e5aa8fe85791d40c82693893960df724b58b50f0a48fa0e295756eb8bcd66332ab18cea9055b4bdcdb65762f1bb1093716f8516f58b7ad5beb5521e0a27f275bd9faf8e9c134f2203100c35d7ee8ea221dc9b3825a2a87351e5c13d8881f02d974b7bdc067023c1e3f1a8ef331c0e13a7fc38e63cb2ded984e93f4fa87c56f147fa6e650f15f7abd54afb41fc2afcc160606e5155952139edcaf1bfc2479f0aa012dc6926b5e16feca18928406da8257135a10a3cbb340cdbed568d9e3b4193919a2653a9eac71b7bc6b9f259457d8cd99cdafc59c6e5b5b15306f7f552c8bb827fb6c0a76fae3066df0400c1734db7bce5965f4414a066fca1da7ebf9fa5267c0bd599b74ea0dfa5d669381c366d04a6da59c59febfcd0489ff660ed25e60723f481c12616eda3e64b124e0054d4f97cf62f3f5549615f28051105a82b7706e4bd43b54f50bbb4b8f1108e146ac7d46435e162fd6a6715773f7e2569bbe811da3954f16be78edfcf573bba3e3cb4e961f6cb7d7c047bb60000521c8f47ff7a5335b3e5b466fabdb3d98c8802d4d576bbb587f4c7479d4ee6a654aa3e95c16ae2ea74e3285f85b38ab69fdd441f1fb9dc4b61b3d9dc9a47a81e6e3c1ebf31a66bfff37b59bb1400aa4379c03f6ba89ed5be50a4f57a9d781751220a501ba7d3c94d3c190e8776691da9dc9dcfe7896d9aa3576bf644970a57bd2e62e6bb5fa62416d12f7dcb5d35dd4128a3d1c82e05802a385fef5ee8a6ecea1f4537a46620c56f390d220a503fae20d401de9c0bd0b7f72ed6fffcfc5485acdc52f516afaa594589c26e8a8f8f22b263faa05ba7d3d1b62f6d6e987f49bd820a13c00054854929fe708a8a89429f2a706b20458d675d2748004db6f87b1ab834f334849a59b57b93c924719aabd3eff755d6ea9d957b8e6d55b38acb91da36765191d4c3c53bbfd2ae6971a7061951015021aa2122978aaae92ea89bdc5f2f9a8f0fa498534bcd39d50a34ca6eb77303b66a01ecd2065303bb5c2e552ea65fa6afa65215ac9ae84a4c15ab6456512834eb5a3b68993d90f60045a35b9b5f3da2f24c11f7c0b6bf804bea0154c4f97c5647685bae2bb590455cf0aa6659ad6ee2f3a1d520173dd30cc01ba99d7123096a04a891229443945bc6e371ca13f4c54c150b39b7542fab685f7467cede92a1756c68dba70fb489bea472addef9fa494477ce60fe8ea71000c04376bb9ddf421691524ea7935ad7c489da6a7b67b35941a33700c2e14e88a84c6ad4f3469ea0da75bbdd7e7f7f7f7d7db9aa322eccdc52bdace22626aa437a6f86d686cc72233951a29d4c269bcde6b92fac5f613e47bb97ba67bb1400c2339fcffd8e703c1ee7d850abbb55ab9bd8e4aa8bd5ef7ae8415b00aacb558352c4986dbda982d50a542c49992aa69746a391d6eddbe7d0562cabf8832a5acb7669183246977ebfafbefca14b4bf557fb7dbf62b17d01008271381cd4bed976ea7a6e25af02426de07abd56af693ffa5f5aae57734c440002a7ead9d545e3f1d82ec553b2e496def5f92d85de162545c5b28a1b6178fba0ca5ddaa2ca247ecf1dd7c97c898b3ecafecc1571054050d4d5f9a754badd6e2e5332d436aa1049ec41bfbebe9485ce757f60338038570d72994abeeee696b70cb65429abf831ba4203fd3a8af46d279349fab54d927e898b3ec7bf17993ef0eda3720020dfdfdfb661ba9acd662f560fea2fd5c4b951745fafd7532349eb073496da872a568395b3dbedd29fdf52da604b95b28a8bd15a3b7651d52884a897552049196833122f7189c415e9743a5a2d74db00dee27c3ebb9659d438bfd26f1d0e07c59ec43b97a849d44b5c310f349c0a21573df7fb7dbb14455291b95aad526ad7a2075b2a935514a3ed2af9f8d8d6e5795efaa3b469d5d367bfc44547a9bbf185d36ab5482c00caa494a2f0e0775d83c1e0b9e1142590c5629138f26c4ec7a8a9b46f05d06c6e1457950ff7fe2adf5b065b2a93555c81ae7fd845b5a34d9b7e898bca02734781cd6613df51482c00caa186287282ed89a0a2b4b35c2e6fddd46b329934f311d4006e513871b3bf542fd9a5788732075baa9155d463d93ffde3a30927d8d4e5a75ce2a29ac00db3c4430b8905407114302243bb8f3e3e45eddb7abd8e8f0f8b9a2ff56d4c400790c89dcc55e563172100450fb65423abb8bf5fe5bb5dd418e997b87c7d7d7d7f7f6bb5446678935800e44e3d8ddfd43c9a521442c6e3b13b2dea5374e1bec30052b81ba2aa0d615e6898b20cb63c519d5620aba87b337fa1f6ce2617dfeac5b5f9cdaac8486b8c415200af53fba3c6c48f19d91ff2a88433b97153afafafafe572c97d8701a453f9e7da9f6f1edb500529832dda940fcdf20d3daba82f743d9cfe66bbb4c1f6fbbd1966890ca4a4e0a806f08aed76ebcf47553793653845b585e24d624ba5de6bb15834f9dc138087b859a36a3d1880ad1635f5b7065b54e167092da16715f567eeef61ef8cd0e6df6c36d3e934fd8993a27261707de8e47abd7e7abe2080a6391c0e91fba42bb4dcbdf78e1a99f1786c7fc0a38648ad10b7ee01f090ed766b1b918f0f6a984a8b5f656da8c857af71eb62c5a0b3caf97c76832ae6fe5748a160aa3a4085c5ad69823e151ccab2140d0012a9f99d7a0f4e11352ce9edf0e57259ad56f17e48cdb83e8af9e5009ea086c58debaa9cb54b5165ea0ed429248ebaaba38957a7416715d7536a376550e521da0fd6eb75fa6d198c7ebfaff282d50bc051eb1139e5a1d638e5aa929f9f1ff52ef1b3245f5f5fb7ce93014016aa644c7ba2168689a33593125afcea34dcaca23dd25d47456ff78a5b236e3e3501e69662da335476105d8066d2b11f99be35180c6e0dc09a88e246bf1d35ddfa10866d01bc4865896d56985f536bb7428baad3df710bfbaef0b87b5ea9ceb68bf0822c89c5a7fa439b40d185d3184043a8b7f0afa1578b9178c9a3e954e21145b450b5058d0680d7f941653018d8a5a83573b9a31babb0ec8b81515f68bf5f331efe589a5bc9359d4a96d96cc686006a2c724b62351491f1d594d6e3f3f333e5b248007894bbb59228a830dda351cee7f372b9fcefdc995d1c1877e799e17068172157b7865954aca40cbfb4db6d6d91efefef9f9f1f1e8900d4c3e170f0ef25a8e0b15eafed6bd73e43873c11054069f6fbbd3b75425069325bacdaff0a89be99d941b5a732e3b95089274abfbebeb4da77bbdd7c3e4fbf1bb27e90e80254d7f1789ccd66fe704ad7bb25b149290a24f6b53fed6c77c40780272899b873a62a42082a0831abb87d5465b45d8482add7ebc8ec73578ba85ed1abe3f138717aba4fd1850a06a8041dd46ef8da516e316541624a21a20028811a1fd3e670c21a46705965b55ab97d940b34cba4eac4dd19d0895427fbfd5e1b4819f2ebebcbbe2309350d10261342e2e71d7abd9e79c29a196989a4944ea7a303df7c020014c79ffd359fcfed52345b5859e572b9b84e949bd3bdc5e17048cc21da2e8a2891f4a836657d7d8a8b7ec49f46e2e8a7982406842071a844068381b93a2571a4859402a03491d95f76291a2facace26efba01a97198a6f94781d8b2890c4138b73eba71cbda454a36c63d28bde6f7f1240616e4de8d29178bcd23fdc4922879402a0646a8b4cfbc3ec2ff802ca2aaa80ddb9f9e5726997e2ad12e38736d36834d236bad594dc0d2d3ebd8d07b90045484c292e84240ea4881b690180d2a8b1b26d10b3bff0af80b28aaa5bb38ff678f863786edde338716e98a3d0923e492c42bf426f36f3e6013c2d25a5dc1a4871232df62300a02c7e5019f0d847fc2b94ace20faa70b7fe60dd4a2cda762989c5391c0e3f3f3ff3f95c6f567a491978518d351c0ef54e2ed0071e929252184801101a3559ee54b5a839e21200448492551854a990fd7ebf582c942522f59012cb13e3b6591ee4a257b587a89ce2a42f70cbe9744a4c293a7684811400a151b7ee37590415240a22ab30a8525df19196f178fcdc60c839db835cf42af716037c0afca3d1c81e211e150189a3970ca400783b355cfee470820a6e0922ab4c1954a9b8786251a250bba344a192e889eb4ff6fbfd72b9546ee976bbf6136f5029c6b35cd04cead757ab55e2b4cc440ca40008c4f97c766752d434991b7e0089de9f551854a907954dc3e1d06cc7444a1d0aa577af6989538bb6dd6e157bd22fd05763676e886cae72e17687a831737d7c64bad72d3a34c8f30082e20a0675ebf4d748f7feacc2a04a9ddcbd5bb15aa5e7128bf3d0bdc514900830a813edfc83a4ebe3e3882800c2f4edddf58b1115dcf5e6acc2a04a5d291598c190d16814bf6e5e1b5d55542ec9e16e3a8a538031f3d3f40d5f494d4069ced7bb7b297ed89df836220a8090f941653c1edba5c06d6fce2a0caa3447fc9a16518c59ad56b95c4ea7e4a3fa6c3e9f9b2197bb17ba38aaed781825826552cadde95e441400e1f3838a0a002ea64716efcc2a0caa34506262511d361e8f8bd8071e0d30fa6e7af37ebfb73f0fbc83f6401d0eead4e377068f20a200a80a3fa870d72f64f7ceacc2a04a63ed763b8593f8d5262acb5ebc9a250b1582abd54abf48e9c5fee21895805ce8823299d98cf1247fcb6834da6eb7f687012060e7f3d9bffb0e41050f795b566150056abc96cb657cac433b460989c5c9f2304ac35ca9afeff67d7dba0bc32f789d8928d92fb8d24eb8582c98af08a02ad4c9fa4d9cba51820a1ef2b6aca2eed9ecb50caa20a55cd3c2d2728bb2d37abd9e4c260f5da9af378f4623852ec65ef010ed33d9f73405f8f178fcc4a38a00e08d168b853f8742ed1841058f7a4f566150058912af669192475ae4b92bf5993986bb8ec7e36ab54a7ccc7ca27ebfaf54a3206d7f1e00aa2032ef4bfd38b727c673de93551854418a94c4f2de118cfd7eaf04f2fdfdad1d589924e3497133734cdf5c3f28dbed9618d3108fceeff27d7e7ee6755f6f00285964de97fa415a333ced0d5985411564772bb7b4dbed40a6c4a81e5d2c16c3e1505fc97eb947f4fb7deee35433af4414190c0679ddc81b00ca379fcf5d9927ccfbc28bde90551854c1a36e25165145a866f1783cdab7bed5e1d967bc08379fadba17238a7600ed3681ecc900f0047582fe8d6a3e3f3fd7ebb57d0d7856d9598541153ccd8d60243e7122d8b3d126c098a7f8cb6834528cc972db3151e1abbf573fa54fe08a85d068875423a6ada36d94185122f953ad9fd2487cfc4d3b03dd3980aa8b0ca7a86563de1772517656615005b9d8ed76aa02e3a1a59c27b4e4e8a193f1449737520cd66a5767acb4796b94cf880f91e9dff18be9d5a98fc763ed00f64d00504dea912327e066b319f3be909752b30a832ac8979ac2f57a3d180ccc4ee56837ab56629117671039e499bcf8e124cb74be7844d127ac56abf8cfea9dfad86aed9f0010a75e46b1c4366d576af1b8bb3af2556a566150050551d9a7e22f52142ab1a8caacf4934f146054eceac0f9bafd88fd74449714667a9e99c7250abdeef66efe4c865bd48e9975ab4f880c8f1c8f47f5dff1713fa67b01a88ded76eb4f6a55b3a98e98e114e4aebcacc2a00a4aa05d2b717e8edad3aae716793dba38aac8f5213e55eaa6645f2c16aae0a5eaebca8d53c5ff58b3121ea5a431994cb4174592892f71a04f78922380da50451769e8f49f5c9d8282949755185441696e2516a31eb9e5961cf30c5c38b91b33b42f699dfba7180d2d51fc63ba1780da98cfe7fea0b15a39753af635a0002565150655503e55ed29f70d33d4c8aa18adf1d920a24b0a055aad16055733a0641ed3f9d05d83cfe7b3924c62301e0c064cf70250276a212373adc7e331b38b51b492b20a832a78afbbb9a5dfefaba66fe6445b45b5eb9caf1fad2253b5ff4e93fafa4a199b0a9f49a1faa3ec1f99b7cd66a390637f9947bf97c7a400a899d3e91469f1b8861ea52923ab30a882a0a4e4162da9f1f430bceed65c2fd19e43fb06a07e2293bef46f2db1af01c52b23ab30a88260ed76bbf1787ceba64f9d4ea7de33c49051ca5c2f2dd44bcc8200503f3fb1495fa3d1880bf050b2c2b30a832a089fa944232db2afc933c41a2e65aed7743a25c702a8a5c4495fc5cdaa0552149e5518544185a45fd6a285e6c6beebf59a79baf5661e90c25c2f004d73b95c98f485a0149b55185441a5a5cf10936eb75be805dc28df76bb4d1c4861ae1780da5bafd7917334ea0499f485f72a36ab30a8821ab83b434cd4b873654ba5692b2f160bf3ec481f73bd0034c1cfcf4fbfdfb70ddf952a3766102004056615065550332a58b7dbedf7f7f768348ab4e90e57b654ce7ebf4f1c3de30129009ae0783c0e8743dbf05db5dbede572695f06deadc0acc2a00a6a4f65aef6f3f8c9f8cfebbd8f155a183a0f96f2a436503c736adb314406a009cee7b32bd58c56abf5fdfdcde93604a5a8acc2a00a1a25e5ca1665f5d96cc6487a38cc75f3fe95a346b7dbe58a14004da0864e9924d20c72690ac25454566150050d947e658b7a85afaf2f55c9abd58acbf1df42ab3df1ba792ddc6eb7f64d00505f4a23aad02229457dd37ebfb7ef00025348566150050da7467f3e9fdfbaa6c5e9743ac3e1f0fbfb5b3534a7f38b63a67bc53364bbdd5674e43c228026381e8fe3f1d8367f7fd43052a72170856415065500430964bd5eab7b88dc053291794c3e432e394a9ce720e61608f64d00506bbbdd2e72f5bca842a3194425e49f5518540112a9b7d011a1d2597d46fa908bb90332a1e515b7528a7223d70e016888ed76fbf5f5659bbf3f5ac2ac575448fe5985411520a3c3e1b05eaf67b3997a8ec4ebf2155a7852fea312538ad6a41632dd0b4043ac562b9561b605fc331c0ee94a5039396795cbe5e2e6ba30a8023ce4d61d907ddd6e773c1eebe0e29e9271892945eb93790e001a425dc372b98cf723ea388ec7a37d135029396795c562618e0a065580a765092d32180c74c4d1fd08290500e6f379e4da48b58aea4d185246a5e59955fc41159e780abc2ecb93f2a5dbedaa376ae6fc63520a00a8b388f41166e2ab5a48fb0ea0b2f2cc2a6e5045470813548022a843d281762bb734e7149a3a60738335520a80c63a1e8f6af1d412fa573caa195c2e979461a88d3cb38abb8a4bb5945d04a0182ad6d5458d46a348b12eeab4cc15f99bcd46d9c6fe402da43cb8869402a021145166b3991a3ddbfcfd51e3af16d2be09a88bdcb28aaa2273a8a87222cd0365da6eb7e9d7b77c7d7d4d2693c562f1f3f353c5c3d374cc9179d80e29054043acd7ebc16060dbbe7ff5fbfd9a9d9c028cdcb28a1b5451cd64170128d766b389dfa4324ec57d559e97af18167f8499d1e4ab740034caadf33566147d3e9f732762d4583e59c50daae8b0e17613c07bedf7fbf57aad28f2f5f5756b2cc2a7e812daa32795a0168b45e20c074597e572c9ddcf0034c1ad81142dd44bf64d40ade59355dc894f065580d0a8ee570e99cfe7e3f138e56662a260a3f7a8ff7be33cb1dd6e17b94ed450eea26306d0106ab7bfbfbfe3279bb464369b71b2068d924356d9eff7f618faf860ae24103e1db3abd56a3a9d2a00d843376650eec35b948ef495e2514aa1653299d0b000680833dd2b7ed3140652d05839641537a8a27fd84500aa23fdd193455f16723a9d123b66fddee57219f8e534009097c4e95e0ca400af66157f5045ffb64b0154d0e170b8754760519c30f713fbfefe568af8f9f979f16a4eb518e3f1d87eba67341a71c53c8086300329f1e95edce110305ecd2ad3e9d41c5483c1c02e025071e7db0f6f49a478337ce4c6628a22b74e1f72730e000d913890224cf7027c2f65155515ee12d8cd66639702a811e58a941962896edd58cc5c94d2ed76edfbfef47a3d4e1f02a83db581e64e27a3d188ebe6818c5eca2a6e5045a5865d04a0a60e87837ad9f5f56ec8ea50bfaee237ecf2a9eb55976c268c25ded366381cc6230d00d4831f4ee2a7691c06528014cf67151d810caa0010c51875b426c0a4a717e3f3f373329970fa10402d993b0ea78413838114208be7b3ca62b170079b5d04007f37164bb9d6458d86528db94c5f21e727f8c7e7034016775bbf7ebfafa66fb95cf2a47920a3e7b34aafd733079e428b5d0400fffbdf6ab572edc343f453a3d1484d0abd38800a311125f1ba3ec209f0a227b3ca76bb350761abd5e28428005153a09811bf2845f1439db4fa72bd3a1c0e33de5b4cbebebed4fdafd76be6480008504a44e18ec3405e9ecc2aeef98f3a4aed22004d753a9dbebfbf232144ff796b2ab63af89f9f1f4517fd941a13659278c289f0a78d6d361baec807f02e2911452d959a291a282047cf6415d525f6a0e4f98f40b3298aa8cf8e5c4faf2e7cb95c5e2e17fba6cc0e87c36ab5524f9f710a997eaf028c79b48bb9db1823300072b4dbedd4b0a85d5223a3b64e0d0e110528d933594587ab39385522d845001a669ff4d479658cbcee0a783e9fb7dbadea03150759ee2de6eb76bbe65ec90a3ff6e30020957f7fe17ebf6f5b93544414a0040f67159eff08349c3a66370bd451a228b4c336d3c6544698f492b1921033796c3a9dea07f509a41700cef1785cad56e3f1f8eefd857d4414a04c0f671537a8d2e3f98f40c36c361bd5fda60570945bde757f9bf3f9ac7241df4a3944a583be5be2f48c38d52583c1403fb55eafb9390fd0282e9f64692efafdbe3bd9a19f5283c3d477a0648f65150655806652271dbf86449d7d98c314fa56cbe552212afb3dc7fc6966aa60984206d449c67cc2fd8581003d96551854011ae572b92c168b48efaeb25e4d4155ae623793c7beffae8b7d68a687b4db6d720b50396aa0cc056fc3e130259fa8351b0c06f3f99c700204eb81acc2a00ad01ce7f359ddbc2a7573c81b9f9f9f5aa8a6c0bea9b2143c4c1d93fd225a3197bea8f4d10f8a9910223c630a783b1d89cbe5d29c92f08749e3c82740b53c90551854019ac0a494c8ec2995e9eada1b5294ef1f7f6ca5e1920c010628947fcfae2c83a5e413a0bab26615065580da4b4c299d671f96520f4fe716472b5019467ec762ae57f3abc6e2f25ce0218f86131db03ae866b3d96ab5229f00959635ab30a802d4d8ad94a26edebe03d79963aa964cc1a4d5a532c8849047af81f1f5fb7d8662009f89256696a639cab21c622a4e1463cca1548379aa009c4c59854115a0ae8e371e3c4f4a7982c2cc7abd36d55564953e471b827b2ba37eb433ff86febfd82fdacf75d464bf784cb86717d01099b20a832a40fdec931e3c4f4ac99dd2a029cb4c4da675fe3b16137b4c4d46dd6ed7fcb8a850339f696cb75bf38b8439667823370269f64cb7cfbf18e0f509aa46d440b17b038d723fab30a802d48c6a88c160600e6aa7d7ebadd76bfb0e9425f7a19844ee9a199f2a48d591e6fa19e6cce0694a0ecbe5f2a15beaa533979a98b9918bc542fb27e10468b2fb59854115a0365498ea403647b4a3dca26ac0be032179eedeca4fd3be61628cb2d3eff9f0bf2423fa26f63ba1f12e978bd92db5ab3c11b04d14119346c4041276330089ee64150655801a506db15c2e3bb107a28dc7634e58568b9b5d63b8e9fee2aef537e2a13417ea11ec2ff0707b809ad176343b98c92486d9d659f62b3353d15c6a252a1ef4513435009e7327ab30a80254daf17854091b79a4a3ca4d1dda5579f03c72672ea159ad56aa23cdb504913d04c8aed3e98c46a3c562c135ee008a909655185401aa6bbd5ec72f4a5149aaf29493df48e4066db4f35c4f88ff3356f3f413665033666c4dbbc776bba5310150b4b4acc2a00a5039890329d269f6231d519cfd7ebf5aadd45fa87eb57b1b2a4e0dc8359f7e992796885a0f9363b9a40440c96e66150655806a491c48112dd44bf64d000000d57133ab30a80254c2f9fac8f9f8408a96cc66332e4a010000d5959c55185401c2a71c32994cdca1ea3090020000ea2139ab30a802846cbfdf8f462373903a0ca40000809a49ce2a6e3e09832a40507448c6af60eef1c879000050470959e5e7e7c714409d4ec72e02f06eabd5aadbed9a63d3190e873a60ed3b000000ea2521ab4c26135306cd6633bb08c09b5c2e97c56211b974bed56a8dc763a67b0100807a8b66151546ee815f3c831678a3c494a2fffcfefe3e9d4ef64d000000f515cd2adbedd695447611807225a6141ee60800009a269a55c6e3b1298c2693895d04a02cb752ca6ab5b2ef000000688c7fb28aea24f7ac062ed805ca94f84847520a000068b27fb2ca62b130151213c080d29c4ea7e974eaae13334829000000ff64955eaf67ea248516bb0840618ec7e3783c8e3c789e9402000060fc9755dc55f5aa9ccee7b35d0aa000890f9eeff57aa414000000e7bfac321c0e4dc1349d4eed220079fbf9f9190c06e65873bebebe369b8d7d07000000ae6c56399d4eb668faf8d8eff76621801c298df4fb7d7b98fde1c1f3000000b7d8ac329d4e5de5649600c8cb6ab5ea76bbe61073c6e331e70500000052fc6695d3e9e4aeee65220a9017f3b0944ea7630e2e43c7da6432391e8ff64d000000b8e137abb82b557abd9e590ae015cafff187a57c7e7ece6633bd64df04000080541feef65fb2dbedec62004fd14114bfc19742cb7c3ee7f67a0000000ff970d3e8c7e3b15d06e04197cb65b55ab92714399d4e67b95cea55fb3e00000064662baacfcf4fa6a6004f389fcfdfdfdf91a7cecbd7d7d77abdb66f020000c0e36c5dc583ea814725a69456abc50dbe00000072f15b5da9d8b2ff052083c494d26eb7b590f149000080bcfcd658fd7edffe1780548929a5d3e9ac562bfb0e000000e4e4b7d29a4c26f6bf00dc404a01000028d96fbdc5c52a400a520a0000c05bfc565ddbedd6fe1700cf7ebf9f4ea7a414000080b7f8adbdb81a18f01d8fc7d96ca64c72cd26ff21a500000094e9a3d7ebd97f028db75eaf0783818d261e520a000040f93e369b8dfd27d0546620a5dd6edb68f2474b2693c9cfcf8f7d1f0000004af461ff1f68a45b0329a3d188ebb8000000de8bac8226ba3590d2e974e6f33957700100008480ac82666120050000a02ac82a6884d3e974eb8a142d3f1e8ff67d0000000806590535b7dbed46a3918d269ec160b05eafed9b000000101eb20aeae972b9ac56ab6eb76ba3c91f0652000000aa82ac821a9acfe79187cd4bbfdf6720050000a042c82aa8959f9f9fc8584aabd51a8fc7fbfddebe03000000154156414d9c4ea7c87529ed76fbfbfb9b1b100300005414590595b7dfefa7d3a93fe9abd56acde7f3cbe562df010000800a22aba0aa4c44e9743a36a0fc190e878ca5000000d400590515732ba248b7dbe5798e000000b5415641351c8fc7d96c961851daedf66432f9f9f9b16f050000402d905510baf57a3d180c6c2ef11051000000ea8dac824099811405121b4dfe10510000001a82ac82e0dc1a48198d465c8e020000d01c641584e2743a250ea4743a9df97cceadbd0000009a86ac82f7dbed7691c7381a83c160bd5edb37010000a061c82a789bcbe5b25aadbaddae8d267fdaedf66c363b1e8ff67d0000006824b20adee070384c2613ff49f346bfdf672005000000065905e5399fcfcbe5323e90d26ab5c6e3f17ebfb7ef03000000c82a28c766b349bc22a5dd6e7f7f7f73dd3c000000e2c82a28d0ad67a488a20bd3bd0000009082ac8242dc7a464ab7db5d2e970ca4000000e02eb20af294f2b0f9e9747a381cecfb000000807bc82ac8c7ad81149e9102000080e79055f0929481149e9102000080579055f02406520000005028b20a1eb3dfefa7d3290329000000281a5905999888d2e9746c34f1309002000080229055902625a230900200008042915590203da24c26939f9f1ffb56000000a0186415fcc7dcd48b8802000080109055f0bff3f9bc5c2efbfdbecd251e220a000000de85acd268dbed76341ab55a2d1b4dfe1051000000f076649526ba75df61851645170518fb3e000000e07dc82a0d9272c57cbfdf5f2e97e7f3d9be150000007837b24afda5dfd44b2f1d0e07fb5600000020186495dae2bec3000000a834b24aad9c4ea7f57aad1c424401000040d591552aef783cae56abf178dced766d28f9171105000000554456a9b0f97c9e387e621051000000506964954a3a1c0e898f6e6cb55a83c1401966b7dbd9b702000000d54456a9122590c56211797a23f904000000b5f4713a9dec3f111e6d9dcd66339bcdbebebe6c34f128a528a2d8b702000000f5f25bef4ea753124b508ec7a3f249cab528d2eff7792e0a0000006acc16be249640acd7ebc16060b74a8cd2cb68345a2c164cf702000040edd922d851353c9bcd2e978b7d1da5d86c3693c9a4dd6edbcde0f9fafad216d11b489200000068940f15c1bd5ecfd6c57fbadd2e67ee8ba6ecb15aad86c3a17fa1bc33180cd6ebb57d2b000000d03cf63e60898985596145d8eff7dfdfdff1b56db4dbedd96c763c1eedbb01000080a68adeb378b55a7d7e7edac2d9d3e97496cba57d133253ead86eb70a27c3e130e55af96eb7ab64c8731b0100000027e1f92aa7d3e9d6e5dde3f1987a3a9dd68f429d82c7d7d757e2e42e9fd6f362b160140500000088bbf92cc8c45961119d4ea7e1f3c4f4b72b9c9861936eb76bd74baa76bbadc8b75eafb981010000009022d373eb5555ab16b7b5764cebfadc74d5ebaabf6b7f45fe7ebfd79fa93ff6ebeb2b71b25c84de636ee4b55aadb85d01000000905da6ac62a84c9f4ea729175d38dd6e773c1e6f361bfb9355f6f3f3b3582c269349e293e3e37abdde68345298d10f726702000000e0690f6495b8bbf3c43e3f3f55b8af56abaa54ed97cb4519633e9feb6b6799d3d56ab5946114e1183601000000f2f55256310e8783b9d595eafb7ebf6fabf818a51a6580fd7e6f7f2c00c7e3d10c9b98395d59c249a7d33113de94d3b8261e000000284e0e59252e7db658bbdd36977028ba282a28ead81fcbdb6eb7735144394abfd47da52c979a188a58e3f1d87cd5f3f96c3f1a00000040c10ac92a8ed282aafc94c116e7eeed7d33521ac97861c92dfab693c964b95c32a70b00000078a362b38a733e9fd7ebb53240964bf34b634678f4adbebfbfb7db2de10400000008474959c577381cccf5ebb3d92ce35522cfd1878b7e8ba28892927e2957980000000055f186ac0200000000779155000000008488ac0200000020446415000000002122ab00000000081159050000004088c82a00000000424456010000001022b20a00000080109155000000008488ac0200000020446415000000002122ab00000000081159050000004088c82a00000000424456010000001022b20a00000080109155000000008488ac0200000020446415000000002122ab00000000081159050000004088c82a00000000424456010000001022b20a00000080109155000000008488ac0200000020446415000000002122ab00000000081159050000004088c82a00000000424456010000001022b20a00000080109155000000008488ac0200000020446415000000002122ab00000000081159050000004088c82a00000000424456010000001022b20a00000080109155000000008488ac0200000020446415000000002122ab00000000081159050000004088c82a00000000424456010000001022b20a00000080109155000000008488ac0200000020446415000000002122ab00000000081159050000004088c82a00000000424456010000001022b20a00000080109155000000008488ac020000002044641500000000e1f9dffffe3f0780647941c6b92c0000000049454e44ae426082);
INSERT INTO `forum_posts` (`PostID`, `UserID`, `Title`, `Content`, `CreatedAt`, `Image`) VALUES
(3, 21, 'SMALT', 'TES', '2025-02-26 14:31:41', 0x89504e470d0a1a0a0000000d49484452000001790000011c0802000000ad585383000000017352474200aece1ce90000000467414d410000b18f0bfc6105000000097048597300000ec300000ec301c76fa86400000c3349444154785eeddd3d96db361805d0295da64c99a5a4cc0252b87499323b48e925b8cc32b2ac942e139cc1671e581a69f4433e42f2bdd510a44888049e005233f3f21fc0f6640d90206b8004590324c81a2041d60009b2064890354082ac0112640d90206b8004590324c81a2041d60009b2064890354082ac0112640d90206b8004590324c81a2041d60009b2064890354082ac0112640d90206b8004590324c81a2041d60009b2064890354082ac0112640d90206b8004590324c81a2041d60009b2064890354082ac0112640d90206b8004590324c81a2041d60009b2064890354082ac0112640d90206b8004590324c81a2041d60009b2064890354082ac0112640d90206b8004590324c81a2041d60009b2064890354082ac0112640d90206b8004590324c81a2041d60009b2064890354082ac0112640d90206b8004590324c89a87f7cf3ffffcf2eaefbfffae22988fac79782d655e5e7df8f0a18a603eb2e6e17dfefcb9674d5345301fadf31954d2c81a26a6753e834a1a59c3c4b4ce675049236b9898d6f90c3e7cf8d0b3e6f3e7cf5504939135cfe0cf3fffec59e35114d39a346bfa77467aff693f7cf9f2a5564c6692efb67cfdfab59faba68a60323336cdd6817ffae9a7ea3adfdbbd571ff8f9e79f7bc5da8062df8af56a34b50c9399ae699e099a510b9d19063b559b5781f94b3b39bffefaeb9ba156959035cc6abaa6b98c149a3ffef8a3cd0e3e7dfa54cb47f61de6b4b0ab7a7cb3f5add97e72de0cb55e81a69661327335cdf6b95d3de63568aaf49bf10bb28b1def862eb1b80cc4b6ae4c3f4a739cb0b542d630abb99ae638a8a9a2b78c839de3488ae91568fefdf7df9632fde74d8736cb518e43ad9737b50c9399ab695677d92941ae7da854757dedde99a7ce677ef5a94a9f3a6bcedcae627e1335cdf1f64715658d0f95aae8b471bad716db506b1974fcf5d75f7d9b2df44334b5fccd72f427fe3adf99db55cc6fa2ac59bafac78f1fab680367062ffde85d159d763cdd5b8636cd7671530738ba65f3237c9dafbfc1a6967928135db66a472f2f6d8c50451b6829d38fd2fae44177ede55d159d56db0dd3bd56eddf7efbad4a371b5f2ce397834c6947efe54d153d9d7a7bb2e631cd9835b5bc8df196c74177add257e76f0a1c4ca01663dc6c34be08dfb299ea1649bd3d59f39866b96ca77aef164e75d72a7a753e29ce3c2f1bc7171b75d1dafbd1a1ab74d513b8dc2299216efabb6b6a998732cb653bd37bb750471a8e75fcc5bc5a71648cc5379f97b59ed9d76e34b4e93b6f6af99b2a5df5046efd5eaed26bd2d4320f6596cb568d28f5b4bb0e36b4da31ecba5a71e4dd581cc74d5bdcb5a95d1f1dbd4a57ed8a67a66c79558f096ac20d66b96cd58852cda80e361cae9607b5e248ad3e1b8b9b3e15ea7b6e6af99b2a5dfb1cd64e5397e68caac70435e106b35cb66a44a96654071b0e57cb835af1bd0bef2b7dddf2eb367db74d2d7fb31c71ddc154df6753cbfba97a4c50136e30cb65ab46946a4675b0e170b53ca815dfbbfcbed2f8759b4ce7df6830d5f7d9d4f27eaa1e13d4841bcc72d9aa11a59a511d6c785454cb835e7ea0d65d705f69bbe7df7d9f4d2d7fb3d1576c6a8f9b3d56bb5cd563829a70831f346b96e9464f817166b4e85b8eae7d30bffaf3ef5681e5bb888bf13bd055b4ea693c38573b9aa726dce007cd9a83c72bc70fa19abee5e88607f363f7b83f6e8e83e694df7fffbd5ef39e9e5f63601d98e751d4540fc5b8d614d7ecdaf1c22aea78af47ac9f5e6746f5d35b23915a71cd83f9b17bdcff693cee6d7567aa575b4cd0c3ab1eb2e6014d71cd6e182fdcaf8ef77dd6b49fc791c8eb86e5e65f431f03e2fea1cd72aefa6fa8ae983e6702b4b698a087573d26a809d79ae29a55f3b966bc70bf3ae451d69c1aa81f74f2ab8cf97567dcf4fd345f4ffc866aadbed2f9335f1bcd747bb896791c73654d2d47d4215f5e8e6770b530d467dce654273f63ad99d42593cd5abdeac93c35d6cb5b6ad24e6915f120566891ad03dcf9abc0bdf534b51c51877c79399ec1d5c2f0317eff2c6f8c9b9bfbc925d5d8a2378e95afa29dfc087fa6e759add0747a0768d7fee6b8e9ada7a9e5883ae46099472cddb537e8713471cf2c6fec27b79dabfef2e64c359efb1b7d1b7d878880152ed8d833efec42b51c51871cd48aef3fc6db3bba7f50d3b57e72cfb9baf0e6f446bd71a9f98ac3a5dbf46a34b5cc8358e1828d3db3b5c82abd46bd38db7aea90835af16a0c85fe4373ffadeb83737579dcb4b1d5f29f61debd39dd376b6a790df34c5e7a359a5ae641ac73c10e0602557ab17ae5ae59739023e33b5ad4bafbdc16cde3d8eadd9bd3b5ddaae7739ec94b55628287625c65b576330e04ae6d04fd854d2d47d421bfa9d2c1f28eba15ffe2fa183767beb0bbb8f686516dba766fac9deeddc9c79656453c82d5baf7cdb383a65e3659d61c0c6dde1d4d5c650cb2f37d669c3d35557ad646bd71a3dd5e6bbc2e55c42358f36add363b68ea3593654db3bca3fbefd41c18cfd5f99d8fb3a70babb1516f1c77db7eaed23d2ca9b76f35b8cacadd7b6c8e97ff8da87ac17c59b3bbf1d9d3557957af597bbe33c91d62dfb27944ebf7b1a51d3497dc8c686aebfdb266d3ff7e77b3ab9e3d1d583ef9d7ed8d93dc219ee74635975bff52b57630fe4bb64bda7a6dba5fd6ac7b2f661507b769aeade146d3a8a676ba77275fc2d434ea516cd2625ac7f8f4e9536f0acdbb439bda6ebfaca9a2bdb57ce9bfed711034b7dd2daa17af3d8d9aa4939b463d9c0dbbd9d228db0fe79b7bdfaca9e5883ae4ab2adadb781b7871f36de9f1fc57d11a26e9e4edf36c798386360f61c36e360ee3cfc74d6df4c3674dd5667073d034bf0c7fc4af8ad6d03a79ed74b3f3b68cef6af904439bc7b26d373b889b2f5fbed48aefd5163f7cd62c1fd4dd3d41d32c27ffcefd1cebbb6d6a7955cbfcf1dd0409a41e2bdafc228d71d3bcf964aad6fdf059b35d3aac6bc9c456e12a5a434b99712cd6d48ad36a3b59f3081217e9206e8e3faf6ac54e593379c79ed0ea9397e394692eb92e6ba5de85b336ee11eade074fa60e2653559acd9aa599d632175b71f2f266ca34177e00ac927a97cfdab8c73eddbb19bf555c45d96edf475b0635b7e9d7abb9612c702a5fbaabaec8fd4fa396a0e9aa940decd0bd17cbbd9b5a76a51fc7d2c32f1f0b9c8f98e6b6dcbf67687310343e783695eedeed83e8e05bc52d6e6a41d63c8ef163a38a4e6b97788b94e9ee99d0ddf07baddc6c87ee7d70ef66545bf008de9dbcac38573aefdd9abca955afbfaa113401bb75ef83f95457eb7804e7272f07d393c516bdfab669d45a7f469a0bed79960fe2c667cb6339735fb64d9a0e82e6e3c78f6dfb5abdb6711a75e1bd6a839a3c89ceedde1c508c7f73a7c9f4e425f52e1cda18d4e439d1dcee7868b3d7939d718c5c45a719d4ec42d670976568736cbb49d39b4e4de88e19d4ecc2b9e62ee3d066941f2f5c7887d8a0662fb2867b1ddce36f76e9c3c713ba3719d4ecc5e9e679bc3bb431a8d991ace179bcfbf0dba06647ce384f6599461d0f6d6efe0738ac42d6f054c69b47077fba6419d4ccf92f7a9e9eace1d92c439b66b9493c0e6ac20fe3e9640dcf661cdab4dc6929337ec3d0a0662fb2862774ea5b3f8d41cd5e640dcfe9f85b3f8d5bc23b92353cad368419ff5292a0d997ac0112640d90206b8004590324c81a2041d60009b2064890354082ac0112640d90206b8004590324c81a2041d60009b2064890354082ac0112640d90206b8004590324c81a2041d60009b2064890354082ac0112640d90206b8004590324c81a2041d60009b2064890354082ac0112640d90206b8004590324c81a2041d60009b2064890354082ac0112640d90206b8004590324c81a2041d60009b2064890354082ac0112640d90206b8004590324c81a2041d60009b2064890354082ac0112640d90206b8004590324c81a2041d60009b2064890354082ac0112640d90206b8004590324c81a2041d60009b2064890354082ac0112640d90206b8004590324c81a2041d60009b2064890354082ac0112640d90206b8004590324c81a2041d60009b2064890354082ac0112640d90206b8004590324c81a2041d60009b2064890354082ac0112640d90206b8004590324c81a2041d60009b2064890354082ac0112640d90206b8004590324c81a2041d60009b2064890354082ac0112640d90206b8004590324c81a2041d60009b2064890354082ac0112640d90206b8004590324c81a2041d60009b2064890354082ac0112640d90206b8004590324c81a2041d60009b2064890354082ac0112640db0bdfffefb1fc79d9bc85f5a4d260000000049454e44ae426082),
(6, 21, 'XD', 'XD', '2025-03-01 08:45:22', NULL),
(8, 21, '1', '1', '2025-03-01 08:46:02', NULL),
(9, 5, '123', '123', '2025-03-01 09:07:20', NULL),
(11, 21, '1', '23123123', '2025-03-01 10:48:11', 0x89504e470d0a1a0a0000000d49484452000001790000011c0802000000ad585383000000017352474200aece1ce90000000467414d410000b18f0bfc6105000000097048597300000ec300000ec301c76fa86400000c3349444154785eeddd3d96db361805d0295da64c99a5a4cc0252b87499323b48e925b8cc32b2ac942e139cc1671e581a69f4433e42f2bdd510a44888049e005233f3f21fc0f6640d90206b8004590324c81a2041d60009b2064890354082ac0112640d90206b8004590324c81a2041d60009b2064890354082ac0112640d90206b8004590324c81a2041d60009b2064890354082ac0112640d90206b8004590324c81a2041d60009b2064890354082ac0112640d90206b8004590324c81a2041d60009b2064890354082ac0112640d90206b8004590324c81a2041d60009b2064890354082ac0112640d90206b8004590324c81a2041d60009b2064890354082ac0112640d90206b8004590324c81a2041d60009b2064890354082ac0112640d90206b8004590324c81a2041d60009b2064890354082ac0112640d90206b8004590324c89a87f7cf3ffffcf2eaefbfffae22988fac79782d655e5e7df8f0a18a603eb2e6e17dfefcb9674d5345301fadf31954d2c81a26a6753e834a1a59c3c4b4ce675049236b9898d6f90c3e7cf8d0b3e6f3e7cf5504939135cfe0cf3fffec59e35114d39a346bfa77467aff693f7cf9f2a5564c6692efb67cfdfab59faba68a60323336cdd6817ffae9a7ea3adfdbbd571ff8f9e79f7bc5da8062df8af56a34b50c9399ae699e099a510b9d19063b559b5781f94b3b39bffefaeb9ba156959035cc6abaa6b98c149a3ffef8a3cd0e3e7dfa54cb47f61de6b4b0ab7a7cb3f5add97e72de0cb55e81a69661327335cdf6b95d3de63568aaf49bf10bb28b1def862eb1b80cc4b6ae4c3f4a739cb0b542d630abb99ae638a8a9a2b78c839de3488ae91568fefdf7df9632fde74d8736cb518e43ad9737b50c9399ab695677d92941ae7da854757dedde99a7ce677ef5a94a9f3a6bcedcae627e1335cdf1f64715658d0f95aae8b471bad716db506b1974fcf5d75f7d9b2df44334b5fccd72f427fe3adf99db55cc6fa2ac59bafac78f1fab680367062ffde85d159d763cdd5b8636cd7671530738ba65f3237c9dafbfc1a6967928135db66a472f2f6d8c50451b6829d38fd2fae44177ede55d159d56db0dd3bd56eddf7efbad4a371b5f2ce397834c6947efe54d153d9d7a7bb2e631cd9835b5bc8df196c74177add257e76f0a1c4ca01663dc6c34be08dfb299ea1649bd3d59f39866b96ca77aef164e75d72a7a753e29ce3c2f1bc7171b75d1dafbd1a1ab74d513b8dc2299216efabb6b6a998732cb653bd37bb750471a8e75fcc5bc5a71648cc5379f97b59ed9d76e34b4e93b6f6af99b2a5df5046efd5eaed26bd2d4320f6596cb568d28f5b4bb0e36b4da31ecba5a71e4dd581cc74d5bdcb5a95d1f1dbd4a57ed8a67a66c79558f096ac20d66b96cd58852cda80e361cae9607b5e248ad3e1b8b9b3e15ea7b6e6af99b2a5dfb1cd64e5397e68caac70435e106b35cb66a44a96654071b0e57cb835af1bd0bef2b7dddf2eb367db74d2d7fb31c71ddc154df6753cbfba97a4c50136e30cb65ab46946a4675b0e170b53ca815dfbbfcbed2f8759b4ce7df6830d5f7d9d4f27eaa1e13d4841bcc72d9aa11a59a511d6c785454cb835e7ea0d65d705f69bbe7df7d9f4d2d7fb3d1576c6a8f9b3d56bb5cd563829a70831f346b96e9464f817166b4e85b8eae7d30bffaf3ef5681e5bb888bf13bd055b4ea693c38573b9aa726dce007cd9a83c72bc70fa19abee5e88607f363f7b83f6e8e83e694df7fffbd5ef39e9e5f63601d98e751d4540fc5b8d614d7ecdaf1c22aea78af47ac9f5e6746f5d35b23915a71cd83f9b17bdcff693cee6d7567aa575b4cd0c3ab1eb2e6014d71cd6e182fdcaf8ef77dd6b49fc791c8eb86e5e65f431f03e2fea1cd72aefa6fa8ae983e6702b4b698a087573d26a809d79ae29a55f3b966bc70bf3ae451d69c1aa81f74f2ab8cf97567dcf4fd345f4ffc866aadbed2f9335f1bcd747bb896791c73654d2d47d4215f5e8e6770b530d467dce654273f63ad99d42593cd5abdeac93c35d6cb5b6ad24e6915f120566891ad03dcf9abc0bdf534b51c51877c79399ec1d5c2f0317eff2c6f8c9b9bfbc925d5d8a2378e95afa29dfc087fa6e759add0747a0768d7fee6b8e9ada7a9e5883ae46099472cddb537e8713471cf2c6fec27b79dabfef2e64c359efb1b7d1b7d878880152ed8d833efec42b51c51871cd48aef3fc6db3bba7f50d3b57e72cfb9baf0e6f446bd71a9f98ac3a5dbf46a34b5cc8358e1828d3db3b5c82abd46bd38db7aea90835af16a0c85fe4373ffadeb83737579dcb4b1d5f29f61debd39dd376b6a790df34c5e7a359a5ae641ac73c10e0602557ab17ae5ae59739023e33b5ad4bafbdc16cde3d8eadd9bd3b5ddaae7739ec94b55628287625c65b576330e04ae6d04fd854d2d47d421bfa9d2c1f28eba15ffe2fa183767beb0bbb8f686516dba766fac9deeddc9c79656453c82d5baf7cdb383a65e3659d61c0c6dde1d4d5c650cb2f37d669c3d35557ad646bd71a3dd5e6bbc2e55c42358f36add363b68ea3593654db3bca3fbefd41c18cfd5f99d8fb3a70babb1516f1c77db7eaed23d2ca9b76f35b8cacadd7b6c8e97ff8da87ac17c59b3bbf1d9d3557957af597bbe33c91d62dfb27944ebf7b1a51d3497dc8c686aebfdb266d3ff7e77b3ab9e3d1d583ef9d7ed8d93dc219ee74635975bff52b57630fe4bb64bda7a6dba5fd6ac7b2f661507b769aeade146d3a8a676ba77275fc2d434ea516cd2625ac7f8f4e9536f0acdbb439bda6ebfaca9a2bdb57ce9bfed711034b7dd2daa17af3d8d9aa4939b463d9c0dbbd9d228db0fe79b7bdfaca9e5883ae4ab2adadb781b7871f36de9f1fc57d11a26e9e4edf36c798386360f61c36e360ee3cfc74d6df4c3674dd5667073d034bf0c7fc4af8ad6d03a79ed74b3f3b68cef6af904439bc7b26d373b889b2f5fbed48aefd5163f7cd62c1fd4dd3d41d32c27ffcefd1cebbb6d6a7955cbfcf1dd0409a41e2bdafc228d71d3bcf964aad6fdf059b35d3aac6bc9c456e12a5a434b99712cd6d48ad36a3b59f3081217e9206e8e3faf6ac54e593379c79ed0ea9397e394692eb92e6ba5de85b336ee11eade074fa60e2653559acd9aa599d632175b71f2f266ca34177e00ac927a97cfdab8c73eddbb19bf555c45d96edf475b0635b7e9d7abb9612c702a5fbaabaec8fd4fa396a0e9aa940decd0bd17cbbd9b5a76a51fc7d2c32f1f0b9c8f98e6b6dcbf67687310343e783695eedeed83e8e05bc52d6e6a41d63c8ef163a38a4e6b97788b94e9ee99d0ddf07baddc6c87ee7d70ef66545bf008de9dbcac38573aefdd9abca955afbfaa113401bb75ef83f95457eb7804e7272f07d393c516bdfab669d45a7f469a0bed79960fe2c667cb6339735fb64d9a0e82e6e3c78f6dfb5abdb6711a75e1bd6a839a3c89ceedde1c508c7f73a7c9f4e425f52e1cda18d4e439d1dcee7868b3d7939d718c5c45a719d4ec42d670976568736cbb49d39b4e4de88e19d4ecc2b9e62ee3d066941f2f5c7887d8a0662fb2867b1ddce36f76e9c3c713ba3719d4ecc5e9e679bc3bb431a8d991ace179bcfbf0dba06647ce384f6599461d0f6d6efe0738ac42d6f054c69b47077fba6419d4ccf92f7a9e9eace1d92c439b66b9493c0e6ac20fe3e9640dcf661cdab4dc6929337ec3d0a0662fb2862774ea5b3f8d41cd5e640dcfe9f85b3f8d5bc23b92353cad368419ff5292a0d997ac0112640d90206b8004590324c81a2041d60009b2064890354082ac0112640d90206b8004590324c81a2041d60009b2064890354082ac0112640d90206b8004590324c81a2041d60009b2064890354082ac0112640d90206b8004590324c81a2041d60009b2064890354082ac0112640d90206b8004590324c81a2041d60009b2064890354082ac0112640d90206b8004590324c81a2041d60009b2064890354082ac0112640d90206b8004590324c81a2041d60009b2064890354082ac0112640d90206b8004590324c81a2041d60009b2064890354082ac0112640d90206b8004590324c81a2041d60009b2064890354082ac0112640d90206b8004590324c81a2041d60009b2064890354082ac0112640d90206b8004590324c81a2041d60009b2064890354082ac0112640d90206b8004590324c81a2041d60009b2064890354082ac0112640d90206b8004590324c81a2041d60009b2064890354082ac0112640d90206b8004590324c81a2041d60009b2064890354082ac0112640d90206b8004590324c81a2041d60009b2064890354082ac0112640d90206b8004590324c81a2041d60009b2064890354082ac0112640d90206b8004590324c81a2041d60009b2064890354082ac0112640db0bdfffefb1fc79d9bc85f5a4d260000000049454e44ae426082);
INSERT INTO `forum_posts` (`PostID`, `UserID`, `Title`, `Content`, `CreatedAt`, `Image`) VALUES
(17, 18, '123123123', '1233333333', '2025-03-05 15:21:21', 0xffd8ffe000104a46494600010101004800480000ffdb00430006040506050406060506070706080a100a0a09090a140e0f0c1017141818171416161a1d251f1a1b231c1616202c20232627292a29191f2d302d283025282928ffdb0043010707070a080a130a0a13281a161a2828282828282828282828282828282828282828282828282828282828282828282828282828282828282828282828282828ffc20011080492049203012200021101031101ffc4001b00000203010101000000000000000000000001020405060307ffc4001a010003010101010000000000000000000000010203040506ffda000c03010002100310000001fa083cf7924324900d0201026214b22c1a1024e2368000486441488b438ae7c7ebd293ce86080188040c001a000018800000684d0c010db4310003136201834c1318260243006860d3600000da4c0006086300180c426c693060a49af1cbd8f197eaf077424031a62126084c6d0d2147d209f32ba5e553bebcfd49434c91090e64409916394a00fd844db690c621fa9174b3e5e0f5761f9ba717103d2c559235275ec4c301a698920010c0f06391008010d800269488040009a685190383220d009a0007828f2e9a36b3b182180000000003043010c0000006260200000000a001206313680698000003180201b49836031200018c00006300040080630018c4342693a3e5a5988d375ac27210d0081820004c4c0843d628e335f43974f5989e6c18d343b9340488c83d65173a0000a4872945d18e41ececcead86c8cfcd939f9fa23daee7fa29d0709ca62620004033c80813424c4d827143400d214b100080644409a043484cae152ed1e833a1b13001310300060300013012600020600263621809834098c1824c608060304988060c1802636931030000180000d0318d2000000001800086340086a5e3eb47245b4458d8206020000100268238db519ae53433ee133944a80712a4e126e53f3f51c9ce3340050dcc143d214b064477af4f6af36ecc6421b8b64e5094962ee67b0afbf39ca609a000f2119a18342091243a6444a6a22528831a124d340d0008691cf7beecd7bb2514000002006d8024c0000000000006c04d898081a0603130403188609153cc2fb1b51c6dacf6f41d0be21a609830000180810300180d0d00c40322030412484d880680004050bc229dcc6d7098980090c40000c0482353dd3388eeb353acb2756e1c48d299169cfd7c3d42d09a1b43a600cf2f5aeccef1f586f6a5e52a3dbdeafaa73979c83d1c047a4bcd85ab995ec9689e7244c80940718800191018081a0013490d21490d24804d002a37f065e8eca9676318200001a600c00403620609809318260c430006086349830180868028dd90c9d7ad4acba3758d303136b3fd82db4c0018c4da0184549260550b451ba89206000020180009a138b06201a0022c4fc73b5b1c360f1f643130100c01021018bb5442ec68df97cb59dbe399ae05e6c4c72f4f2f465a9f9c93902637101d4b5407525e73e9d2bc9f9b3da5e330f69f9493f5979c824a22739f9493b57333d05a25524b20a3222e230121a103000049081a01a10d2902b8666f64efc5920960c690c0000006030403621b08b68018243180362180980806c40009a467d9854c6f51a7bce56ae7dc6bd4182c5dac90d67e3ea86030018d00260822d230b76803d0109304362018810d000030120001a0410921e4eb646987b1110c00040c0008b1183bb9b602ce06fc53e6ac666a5c26272fdbc7d596dc5cb6d360030ccd3c975e13f3975e92ad67c8213f2987acfca49fb3812e64584a5063f4979b67a9e6235e218e44270062486840dc4134090000d08134498576d27a3352cec18d09b6218d00c10c013000620430878f985e06c44934000000d0c1000c4d82691e583d0f37cfaf453a37ae0ccd3c7d67618c0f39a6636cf3daf9d5b7095cb436269224810269b585bb8e8d83c7d9312c88361d2b32fd1c1da6218c4c0120621362004d0431f6b051be458484c010862062681626de186e28cc78553a5e385aa35ae4fd7c3d82dca324c698026c31b630db8493ebd64e326567ef551ed2f29a3d5f9b1fa384a6a528443d9d66dd92b89f4093c79c84a28010c42062124c421a0434c1866255ba8a9762c60000d0c0069800000c481b006c49a0c6d9c6da0249b4e328b018098000000000000d90c1dec9c6fcf679ee839ee59ba5e7d989eb99a40c4829f3fd5f1d95f55639cdfc6fd5c5f564d008131821078fa21e36ce16ea6eb5852f96bb1cfe0e9ea7d796ddd32bc425d59484301300103409b42114eda1e7e8e0ef0484034000000085e1ee0646bf3fbe35cef47e4183e98db5a66bd7cbd5cdb719031012716d981bfcf3a728cbb747384c1f97b12539241eb2f369ccf3f456a6fd0232f4f41791604b44161938b42519c64484e8698852532863006258d77dd3d3927140c6818c43001824c1800c0698d0c51a9731476b46120631a68001a00000680000000690142ff843e73a3e6f7787a2e047bb9f9ae9396d3caf65c27ac439de8ea27cdea73d77cdebeb654ed76f34dc5eb2268069038b48c6d4f0a09ed009d6e57b1e4b2b87af81e77674f7391e83a39efb84bb30605008400000011920c4daa232fb4d00200a3798c4d086830f63c2a06aa60f92bfa3ced4e87af9fa5e76c1a49a07240c39ce8b99aab324fb75724c52945cb295ef11d7f487aa6fd5a0f43c2f4bad6f4e71140b812a219a4084d348812020d809b12100892f00caea713722db1b40021a6c00000600c400c00071602c2dcc60da6983018d34c69a00040000081a00004d2691cd6ad3871efbc85d58735e7732f9b7ea2d73bbe97a45ae9cb8b9dca1c9d37ba2e43679ef6c84bd1e4920621a068411e4fade4e6baa951bb0ca37e14b81b742ff00174bf5af3e4dfa7b9ca747dbcb69c5f5e2c06800068013411c2dec466dca2e469a667fb59c60da7160c102c3dcc20dc94249ae37b2e65967d3cbd35c6d8352031a626d72fd273377a0e3ebdba21491214504a3eaaa11b34d28daf5bb24adf8dd8cbc94d0bc0901142ce84d120008100d08682509a0789b9901d1cc6a98c681a600c10c004c430600304c04341e14bd3d13b80da000684c6021312068000004d002191623331fa3e4f9f6ec927b679bcbf5dc5e3a68747cc68f9fd3d228bf4f8e8f21ddf0d17edebe2fcaeeeaed737d077f17a917d59b100d081737d1f3d2fd37394e9b9b5b1091d597199bd6f1aaf4c4bc8edf6bb9f3475feb87b3e8f14da3a218020001302389b9941a72a96c60d09636d510baf3b40724d096669f9a79fa7c9f550e59fa10a5c9ea62edeb9da9c5bcd800003c6cef6f1df5bb62bd9eabf16088ca1e9353f43c44f4fcaccaf19af588bbeac98f2f3f5f36799107122f1a68549812909b100871625169b33f4b1ba84dc93001d20000680003ca9fa4c2d49362180800138a317530b7e2bd5a2e588062609a01a1030486200109b1244a2d0e3c975b8315b72f0f76bc384ef781cb4bd3f29795ddd4dbe777fbf8df25d673bd19e72a10e0ecd6e9381f7a8fa1be2bdfb30eb9f2feed742627a86a626a506b0f7b9ad6e1e8e8e5e73ebc3cf87eef90b5996eb59e2eb72f39716f63a3e62ee9974d2f1f5f4f8e427520d304c0556d403276707746c1a515288f1373136d8da0084e28e3ba5c1bd95ee21e91c7ebd4b5a45a945d64c8b0054cac0f7a97faf6f7b1e1edb1e70f7f0553f487a047deb6b412946531e57a86b44fa004f9f9fb79056220e2c33a6a511000009213124301354c3cfa3ccd418c6d2000001800268336f66ea3260c004d0d31c632f2939ae9f92eb71d2406d9f9c6301dc01210300130121a018090c400810b3f469a7e777334c23c077dc165a59178797dd777f84d0e9c74b13adbfdbcdf20d5bf057e3ed7bd3cdeaf6b92dee9e7c37bcfa72e76975f16b85cff00a5506fe75af8fb9cfaf597792d2b8d9e4f4f1f58f5cbdde756ba0e2fc7ec9fa78cd1d069f33d277727ab8cbb3100100024d073fd0606f8db0124d231f4bcaab7ac2681341839fd1f239df693a96d2cccedfe637cf798eb18b8b0585bbcc55795eced2eddac488684fce44dcfcfd6095df71c4ca516a61af4342218305e3ede6ca67b03aa358dca2d38009040204034e28793af92ce97d6336c04d00c13000001303234f3af87b38b068180242a76f373ac1ebf8cec71d26d3e8caa79fa7833484d00081348100d88409a0004c04057f7f14f3f532b5423c176bf3a8bb4ed9e676cae52f587d6ca9ddf4b8791a5abefd062fb65e9f9bd7efd4729bb13ace32f4790194a156d542be7d72ee617d2eff2dd3f1dcb9de8e8f5e3c4d7dbb9a5654f334fcaeb6e2f9b4f6e879cd1d72e8a5e7e9ea71302900024e29e1ee61ee3530004d0431773087bae3200125e7c4f71c5cdef6b739d0f3e8f94eb390ebc7a1146f9e7000f0e7743c77d33f5b2753a74b5e4e16fdbdabd897e166b6849e928ca61a9454deb5e16220006116112406609e36d039644431021a00634bce82d56f41a740d3004c00000004c0cdb3e1e81704c04080102c4d9e7b0d723b6e17b6c74b027d7856a97f203708b43100d090d0009898086d024d00d79ce0195af8fae38703dcf11869614a3e5f6bf4f29a35f7396e9bb7979ff006957efcb25ecf2b9e9afa19bede574f5d3a96bd2e19a0d656768640f1bc2ddbd2f2fade07b6e3bbf5acc37cb8ed5cad5d6b93d3a97387752479fd13f5f0f56babb189b5e8f0c81f4409a611945187b989b8c6d3484d32387bd843daafef881bc0223c875fcaa6749cdee716f7796ea79aedc35d335e78921ae7a557dba75a3a79da1adc889a3f6b157d939dfcfbf0a528939cda69697af94a265e31889cfcdb2c1584eb31676c8c920403109323e80025389d4f31d41736169a6813001340c121a1054858a03d571629080138a21caf4fc9f27452ecf8de971d360477f3181bd801d01068911908049b13010260000200005e1ef5d3cfd6cad50a1c8f51cce1a7ac650f2fbab5cc7d7da3dba5e636dc58c3e9717d5e49f39d4d6d2b1fdf1b5fc9eadcd8e6ba3d30f413ecc5606ff003acf0b57a9e95ccf51973c6ba9f39d72395d7cfd0d5e378eaf3b8eba4078fd87a79cc57ba4e4ba9eae6b128bf4399a634938a787b987ba1201a1301656ad41aa53d2453bdc8f532fd39de8b059435b135383a7739de8b9feee6d45196f83c93a1b3277e50d5f132f296da4941dd7bfad7f72bd2fe6e8c4fa38939ca7e36a55a8c3d1667b3f44d79fa85563d8167b163480603509036138c84351163755cff405cc0b40201a6849c46ca0f177846aa18fa78315d3384aa580c2328a75b95ea396e1e9f3d1cef5c74ebe5e599e8726b7335b225f5de5cbee0fd7dfd34ee7d3d22490f4c5d5cabd927acb400000000a95dcc4fcf533b4198557dbcb0d684651f33b723671b63789e966d8c5f5195a993ec706e636f57e88e17db6795e6df67a8e57a1f3f5d1717e872981bf856b7f2f5bcf6587cf74bcee7a76b52e65e4bc257fc779a5c8765c9e7b6888f13b1b427edbd81a9ae7bf284fd3e1605a5194030b7b037c72698810079fa4478db18db21ce7be8f2995f67956212739a791a7cbbf4b8db19bdbcd2a10eb3af1f3f766b2a95dc41f36386fa8e0e9fb58a960a969e3eac2f5943d2615daba9111f7704bd2af87a016eb21dc18196064c8c924810c69839c5a979da1842dbd2f0f72e682908131a008b8a312745f9dd7d2bf39f6f353e6f7798c36ee9f97a74e126861194514b98e9797e2e986578e6ce9d43b9d37461cedfda5a4f3fd0717dad2724d2212849cd5fcc8f9dd7d64e85cede6989eb20021306b136b9e46bfba937ce57b3539f5af09c3ccecc7d9c6d8e8997af97a73df51956f3fd5e0ea86fbb0cee33e85ceabcbd7e6777c9eae89a7d9cfe7993bdac5d4cde6872ddb72f37bd8ba5998bde5ee6f181ccf57cc67afa81e27680677e97297b52eb3d3c3dfd4f3e423492a5ac91d3e87176a1c9a3440788bda2d2785bb83bcc8f21d873b2fc75b02f7174626a636b4d75352d53ede5b3a5c6e8f665d1479d90b739ab55a6b2a17eb5d780fc6dd8f6cfb56e7a35274687af8fa28b9a79f0ce2dd397a8322d8e3261e64c4780a58b138890d0c0052942692e7fa0e7c3ae9c26ae4914988434033ca7521f3918af23bfaaf7cbd3f438f230b5f379ba3775394eabb39a6234922e98797ceadfb73ef9cf673f977ecf5797ea7d1e469a278cdecdf26fac942528f2f5f24f95f39f9795db6fa4e475ee7725e73f439181690d0d739d16006f55b5848964f4fcbf2ef08b879fd789b1897fb71d29425c7b6d53f43d0e3ea9c1fa5ccfc278a1cde967d9e2e8eb7d2bfa918bd1731d27567e879f9693ef9defe08a75f36e677d59e58fa4dce37d7d66ebfa7843c8edb4fcbd79b497a797a874b77334fd2e1901be71e7ba1e4956d69e7e866e406d0b334f14364711e0741cff40254eec25f0ca9f92eaf0dca5a1bd5bb9b93cb93cbde2da004218c4a62204d079666c2672553b8ad666ce8fbed3a17fd6bdc447eacf2f4f7922b2b282b9ea0528c96024e2dc883902004fd7c3d053c0dfc30ea25092b9269a018204832b53133bc78a5e47a1adb9caf4fd7cd899d768e5af9f6bf3fec3a71d42353ab0f4e635365acbe7fa8e678ba7c695da78ed7fb3e43a5f4f92ec5c66399f2f4bd5572ff0021d7252f39c60e4bc2c57f33b4f6f09e5a7516f99e8fd0e3f5717d3880323cf6d658f6b9fddc91dde637f0783a7ce138f1f46742cf8fa9cda4e2fcce8bbe51f0edc3a7a74b7fd4e4cadab7173538aedbe6f9dfd131ab737855ea5c979f6e3d055c8553a5e5450b7eb54ab17b3e5965cf771e1669ef6de2e979fd7b12cdb7e7f4fbfb787bc56e6ae46c77714938f467e5c6ee6665a7496fc7daa181acac3ddc20db4d0f03a0e67a40956b18a9f2567c8f4fd0bdd953b9c1c72978d6e68be63f94d6eae788ae88c1f66b64ceb17165f9cb45222e938c808e46ca6656b50f3da36269eb00d84469b4303390b1179faa1f89eb1550262519c587a626de28ba6946534000000020587b785969910943c9ef9f49ccea699f8d2b1519e3a1930e9cfbea157a2ece56a4915f95eb393e5dfc6a5bad9edd078d8a5e972f540673cc5b8f9d3a1d552cfa5d24651c4e56adca9e676c5c5e3afaee6058bcfad75acfa7c4c16b399eb4b5c31f532f613c6c7d0cef37ae00b0dab79daf1f6396cb747cce8b13a1da76f36bb8d3f439adf2dcbf354aec29485f5ef91f59c761ad38ea7b691912d792bc75b092a75fb8e8348f9179fd7326e3e72fa6c24facd9c6d9f1fd0f3af77cf9b6c9deced3b9d9dac5dae8e6712874e5ce5fccd8e3e8ddf484faf9d82a4b0f73119b2934f93e9f95e8f3bbb83bd9ba4f215e8d4f4fd0fa450cab3e165ea40e5a90988243701465fa1e44bbd7f12551d4d8e42fef9744e9daeac6627a4aa5786abe8616b6f1eed1aa688832a0190f592db2e5a40f2e1ae061437e23c386e88c886ce4c4f45284b1960300102716960ef6061a64f9ce1e5f7c033b68dfa62c6b3bc6bf51e9f3eb6df25d6f473c904af3e4fade5f9f6a3e5eb1cb7ddb95b73d3e4cebd85bb9ce762f4bcaa7d0785ad1d950b3cff4191ccd2d0cff0027ba0061abf4f2986b6ef21d1f5f35f48eee7c5f7a9e34b52fbf14f9aade9e7e57743c2c674bd8abb7e9edf173de52b3e674d3eef85dbeac7d3e715bc3d0e59daf4ebea79af6fa7cc3e4fe3d16261b53528c58348600d769c6dca8ee1ca7d3cfe54353c07c2f4b87a9e57759cbf4b9cbbfafb797ae35b3b193abddc6f90dee6759b5ad93d0f1ef76519fa1ca9834b235b3d963d6a5b55c7eff0039bdcfa6bf97a476cfe5753b4e2fb3a7cec794b6d7dba8cdfa1717370dadbc8c323c7af8ef9fccea6fd0ad32bdabe82bf4b98f0e7bdd960faf1ebbba789edcd7d6faf2dbfd1cf708beac966e9e7dcec3f0f6e982b5af2648f20209a3706800102632319a1c71f5f1f35d0b4f086081884340c8e0ef6161a64797af9f97dcb2f4f2f55a952cd26bcb773ae76656f733e9f5f3f56e2e2173dd0e365a6130e7e8e87633353d3e4c8b96b008d9e5ba9e631bddd1cfd1de69e76ef34979e6dea3e4f7400e4dc003d2f67fa54f5d5aaf87a3c7e5a99fbdd19942fe1e5795e73f3f2fb8ad64e8cfa1befdfd7e1f9e5fa76bcceba1d2431fbb9f80b91fa4f4e14bb7aba54a2bd113c9f0ff0047f984de1c21e2d6c7be069c5dd13c3694a3ec1dbf47c0fd2b7c33b2ba8ccb9e17cef52f2fb61a99ba3cbd12f5f2f4e7be82fd3a7e971637a78faf36fedd3e1741a653923b79d80c55acf98f334b1f593e2f7b9edce3db7eb58a1d193c4e833c3132fe8bc45d7636b275b252cdd2cbe9cb7232f2eacb85a9eb5f6d32353275f5a24983f3f424c3b9a3479af66e733a1e2f47716796e82f2b4e12eacb3b670f6fa33901aa060521a37000000134369a08e1eee2cae804f9658d08000040b0f6f171d31bcfd3cfcbee8e768f8d195b59da3bc409d6b9e96b5ad4f4f9bc3479be923359da55b3ae523ebe5cbd3d56950bde9f1bc8d8f3a9a787eb7f0b3579cdbd558855f30e4bd37793e5dee29c7c9ec213cca34e7e6e0bb47d3d3a71e8eea7dfcab98e8397e6d7cd0f83aea6fe1f71e9f2d9535dfcbf3f5eb778ba3a5f9b77de1d9cf9ba5eb1d235ece0eeb4d110c5f987d0fe6814f3ba9e607e1e9e613b9e952df3f44bdbc3da2eff00d33e67dce91d162ed73fb638987bbc9f97ddb37613e2e894fcfdf27bfc97b4bbb9e73f3f6e3df6757c6c7a5c4c1ed980312714f0b4b37d47ce6c65e8f9fd3d1e46ae06f96e646d636b9ee723d7f33a1ebd072fd2f2ebed8db153af0d2a9e5e1d79f274ae6774d50d7c9d6d29b4c4c4954a51f5450b1b5e5c4f27729e5f95d1f43f6e7b7ef2a5a5e153b30da69f4c80053016e9a183042018260d636ce225bee32e58626800013411c5dbc7caf0fcfd3cfcbef8812f334b275bab3752dd34753ad95b1ebf17957d5c2acf6603c2f9acedbc5e6dbb0bb4edfa3ceb3b43cdcf2de7d7624be737f37b04f0bc7a5747258ff44ae9f11ef6abf9fd3e552f4783a2bd8cdd1b5e96a9fa655d6fa66697a5c5918d6aa727445bf3cef47acf1f7f73cf69c748f9e75bce773155ecb7539de967d6e79fd6a5cba3bfa5cae5cd79f1bb3cd50a112b3430347433b470de5ebe7a91a47afd0d5d33f7e63a5e3ae2a733b953cceed309706eb3ac64f4e7af654b0a95fa5bf53a331fa5c4d31a00a146514f9ef1b19239d8adede576f418b6abeb8f4383bdcbf663d4d1b32171fd671dd5e5ae801d18e2c2157a632b36fe677578eae4ea51210db3cbd43d3dfc2d4ad9e83276f9e3853aee378b6abd77391f3f7edf1f4b3bb79ba371976e400d534d1d003040021808680c8d7aa163db2f53965999a7230040010c9d7ccceb9ef3f5f2f2bbd21cdd08dee73b31e973efd3c6baadae7ba2f678bde3334c79edaa9e19d4b97ec787e6dbb8b3ca60f6e3f46ccf95d0a9fa9667cefc89e877380f51fd42ff00c83dc3ed17be65dccd6bf19d7fa23898faf9f99d99973d33b1d74a5039f4bbb9ccd9d32f08b26e5772fb4eee6b534fd3e4232054ae306c4098dd157e6bf51f9ea58957d69f3f447136bcdac25efe5d18225ee2b7a11d1e7e9a3d961d18bfa37bfcefb0db1ea783ecf8a49c7d9789e8af19eaed9f973fdef13dd85b9a9f8fdb6ba5cfd3eee3901d78b018000938a79bc47d0f869ab5382f23badd9ced7d23678febb8bf4397aab99fa10f90ddc9d31ebc91be587ce76bf38d4b997a793e9a353334a8945f8057d1cbd40f5b15fda4ecb47c7df9b38f39d2c24e1e8dd9f95d96e79d34769ed97a3eb727a086a9906ba2445b2490264409450310c30fa0e7fa1e79c3ddc0dcce66c10000a95df19ae4bcbdfcbcaee809e7a2e47aec4eacf54a5a95363afe1bb7f4b96d115b6273ba1f3d675bca7975b8dfcb636edef8e379f430673b1dd8c5e29b2e6b19ebc428f77c85da9fb1fafcb7e901678eece09f1595b191c1d37da383a469e5529af2de357a8f3f6f67cf6d1ac03420006000d362c0e83cdaf9252e97071d6ad8b5eb8ed8b57a7b81c85de9f5c39c876d959df37e172b5cf8fd1788fa574e18595eb0e4d3cfcab69f36f73a41fa5c9cde55af2e4da16bc37783a343d233f4b8802d300001094a2dc789edb918af1525e4f74f730fa3d737c96fe2f6e1bfa991b199ceda7e773ba0f688fcf7e87cad98791b18be9a9e9e56ae84a8ddcc08ebe3eb87bd8f0bb077138cf9b2134cc5e77bae179f5597af8de4f6f7befe47b9c7a6660e3d902dc01b90a4a62db645b184588c4dba30ce666861f3cef38c860c4a319c13e6296d63f9fd9e435cdb2a17d52ced2a1e5e9f359eb78de96e3a0c7e0f9eebe7bb9de50d23dfb8e5fbf933fb2a9d10f2f95efab35f2acee939ec76ae5513b44652df53cb4c3bdf6f2e877c5dc1879f11ddf94be07d61ebe4774644f9b6f2e9323aff005789c93ede70010000d3040d898034db595f3cfab6587cf3d439fa3d7ade7fa5c756c94d2f3f5aee798a177afe8c5e8fa616f8e154b1738f7975d46ff46694a839e3ecf859f27b6cf4552f699c80e9c980d00000008070e67a8c797871f2f6f33b7d3a7e7ba4d33e73c07b4ea6ce3ec934a8ec67ed9ea493d26356e7987cd73ba0c0ee23ab93add49e3ebe20e7b785b816b4f335e175b384f9f3060a1cf745e49f13997bcbcdecec67e5ebe9e112652184ecc7252a48a400980011926470f771256f616d78f24d99e3eb836981192152e63b1e5f977a709c7ceeb49a55997aa787abcbededcde4ef895e2bb39a5d05bedd12d6a1accbbeaa4250f4f31709f3eefb819bca8fb79547a6be1d89bd9f5f0f7e7df77e83f2dfaa699db61a4109c65f0e59f3f3fabce3e7daa73f652f4795a07200000000034c010c728b07199535f99eb127f37bfdb528ae761b4e6f98bbd559a9af614b488e0e8d4467686b4e6936823ccf4fc4457a6855e87cbeaf6927d9cec0a40009a0180813411f0b104f83b95ad70f5dddfc9d3bcf8fb142f469b3af8bb7ae2d875640c6287a411cbf19f50f976c47572b57d251c4d6c963d9c6db92f6e626fc1d24a32c739204a30f488f92f0d9a5869a93b54b73d0814fd64dcd8d020680006268000178588864ed737d173cf3fd1d2ab9ad89464026250c9d7f29ae421efe3e5f741359dc71f4b9cedc72ace3d8f5b82b7518bf53b99fa9ece5cedf986afaf2dd02763cabf3618585679a4f579ff6f0a9400b66dd0bfcfd177b2e33687f48717be0464a6b8ff0ddd5cebc2db768009006000034000000000c1a60e5060d1e4e7d0cff00066b2c88a7a351dd467ad7075ac8026081349d2e4f5ade1a4ef12c98c3490000000000000005e7e904f8df49c797a364b1955191611c5d3b9ad99a7d9cce49f4e200c23241e7c0fd03207f38d7c8d8f4952ccd0cfd896ee1ef416fa4e77a685b728cb1cd8261192457ada00e15ed4038e202aeb41bd50c0010000da06a352e66a34567df1e7f83cccd75d85b13e7994f07702626928ca23c5c6ebb96e3e8ad4347cb93a71f5215fa33e3a96fe0fa9c7abf5af8d7db36c6ae89a54956b5117ce7ce59196ba34e8f9e7673fb9974a9a0df0006b4b53334f9f7dbec7def05a943d35cd26902603400000000340340003040000000000d996698152d3004c00040000000001175c31b6b3f4b0d149390040c04003000006080050f48a7ced3dec6cafa2c8d9c0cea834f83b3a1d1a17fd1e16c37cc686000461e914fe6fe9d1f35d4b3a8dfa1dc7b6de36d496fabe4baf89d49296502040983409a3c3daa279c6803f44c354c010c040c2248645484f03cfa1e5d3b5a7cbf5d9bc7dfa31c33f386bf141db3cbd30909847176fca2b91f2b95bccedf25358d78f11dde475e7c97d47e6db9ecf9df5ff5afef49c66aa789e4bea1f36cef321efe38ef184e49e178f41575cb2a5a372a7cb67d2cf3efe5eae6d7d2bd232eae61349802000006080000000000000000000060020000000001a00006800680585b9872f5a49e16300130001000c000000000232415f2f67093d8e5b779fe3e88ce1e9c7d3d35bf0f6f4f824e2f59626d00024c4fcbe7df43e7e8e333efd2f497bece46b3763b3e33b388d2719670020018d0242a1790d88179124688921a1884486a12632249270f3f688711db636de0d626ec715e142a6f3381ebb9b8e3af732c8d5d3392635479cebf2b0d7023e91f3bafc890ab3317a4d3f578ed755f28fa4f77369119d4438bedabb3e4b4fa2c8c36f0d0ad771d69fadbebe2b90ddda13f3c1e86a2391d8c6ef7ab0d7927d182052c6840d00000000000000000000000d000000d00d0000000c10000d038b4147c7c7532b627936206c4da00000000000400304d0470f6f984fdf327e7e5f6bb15f433ae8549fabc38bb5c8ee675aafce7bc310d054b635e7e9147cc287d0fe7dd27aeb656a762b3da717d9e73a128ca2001026024d0d021c409126eaa2c6089011260a231b88d22318e14bb1afcf745831496652e77a8e419b7cf6ce1459d1e457e2dfb99723d57673fac24aa79fcdec39de5df3a3eb0e1ea55accad74dce4bacf67cfb5e942ef46738b2a2afcfbe95e23f9358e8f9cc76bbd6f15d2e3aea19d9d0f5b9886feb9c3b287af4600556aca693004000000000000000000000000000000000000000000000000119668e9ebd1bd85b4bc7370b78faf9b6d3d640000180000d00d0026870e2fb3e361a528f93df3d6c9ddb8d503d4e3e4e53f1e5dba1bbcbf484fab8bebcb1f52588d6e884e1c277b5c3e67ab99abdebd3b1e43aeb9d4719672260900989c4084bcc6c42a27434043434c6800004410f22bdeceb3f57db33171d8af6136803c30f7b142de1f598e8e66df87a7274cead9972edbda9c2faf5f3f6b0cfd1df2e66af57ce7274546e3c9bc77f121d1977b2cc9fafc1a52a76b5992654c3cfd80c5cceb04f8bbbd320a96dd70b35f36e078687a0980d0818200068006800000000000000000000000006982000000680018470b779d97b8073e8b23579ac34d5d2a1a02909ef9803000004860000304d079f1dd972515e2a51f2fbe7d173dd2e995b19e8f26164f45cae3adad8c5f4f3fabae956b1e9f099ba468b1b6794dd8abc82a70b9bfa0f23a9e3d3f31d275cecce3250034a234045a6d79ceb27ec21567ea55ac1a92f39353510971511c79f9ed6350f47e3cf53c38c31d3a46a5be60d35e393a99e1aca42789c77d2b2e5e042b5af3bb49f93c34f294e5ac5ed3e6a97463af5f33c66f67d29ddcebc3aee6a1d387714bda3e9f25d789e54ba03246b596481a79f1be8a3ef701800002068000000000001821a000000000000000001820000000000000000415a8c34b3a9271c6e9e05fcee0e9e82f51bdd38c9a7b6600c00400300000004d0438eec78f8a8a1795dfebd5735d47461e899ddcde1c377dc2c5fb4a2797ddabbdc8f4bd3cd6c1f773e7f33da71caba4b9ccee73ddc848eacf8ce82f61eb1d54a13e88626d1192428c9374d78dc4e64496b27573dde93c0dc0f4704d4b9ff006bf92f66797351cf47c38ba63d0f35da6932927d58034d54ad2f41dd6a488c7d228e7f2fade5f93a2b29c38ba4684d8802b599daf6943b3f5f8389f2ef63a4f1bda677be91e7a03a4860800130000006800000000000608004fce8a7a40d880100000000000000000034000000000d009c430b631f631b51956caf9ef21797dbbfa595a9dbcb268e8c980c00000000000013410e3bb1e166ac26793dd7ba3c1dfebe6934fb31871bd972535e319f9f95dbe9a993ee8eb65e1edea70995ad0d17196a859e1eae92df23bce34ab7bbebc307a3f0c4e88e9dd3b7b4b0288928a5997a8e815e43070f39c56bc6f4f894e6bb5af1c77177588f2a5cff00b729cbb596e786dadd279faf772c86ae00031f4b2765394a320131a866e9c62b8ff3d7cbf3fafc49479f50029ca12179f77c4ecfa3c9d1352f4b9130680001a00680000001a6860020000001a000615f2f6d26da1a68000000000001a000000000000000000033efe22762ec6585accd3c1caf30ad63cceddbd7c5dbede460fa7200621a40d0c60000009a0f3e17bbe162fdda9795ddb1b593addbc9203ab1872fd4f3cab32117e676bf5f1f4c6fa0d3e7ba0efe4f48b3af1e6f27b2f93cdf572c7d4e2e9d7dae46cccf50e85debe7c6f7d4a9d11a6f94d9e88d3495aa37b3b4934305472716cae8cea5ab765e3767caf6f94cb3adf0fcf55ee9ebc7d12b385dfeb9fbc94bab9d82a4e2d061ee61ed8e4d0818092926fcb9ee9219571f0bd53cfecf2251c741a61e92f3f2db3efe799a5edf9cc0b90000000000000006200000000000000000000018d0200000006800000001a00060800000000583bd849eb8d73e91e53abe1b2b5622fcdecd5dee73a3eae69b4fb30006000000000026045a0870fdcf0d9dfaca32f2bbb775b1b67bb924075651c8d7a83e32c53b7e77629c25cdad8ea393e87a30d213f4793cf81fa0735471177cba0ed7e16f539cf3b4bf739fbbcbaf517394b379f4b99e12ecc7c25286d1efbd46f689886721d164694ecb0ba3e49bd6da854e39c4a5e7539ba2c59d8f3ea8f1eabcbd9e4da73200c49f9861ef61ee8e4008000001292457e6faaad969ca42cf879bd9e6dc62dfb66dfd26ef5bc0773e9f15913ece700600000031300100000000000000003400d0000034003400340d000000d3040000000000000047077f9e9adb11cf6b86ee7869af568f27bae74dc9755d387bca13efe6403434d000c0004d3424d0e1c0f75c1e7776513caedd3e8795ea3af9fd1a97773af0f6f10e0edd4b7e7f5c5a7cbbfa6b645cb8ea1c3d3d5e08e7e879d1f2fb7e3e5dc7d47c706e38e7fa2cbd8455b166da2a5db02450bd41967da330400ab627418d3adfc7d3ce2b6789d2afca616cdfcbbd74aee276972e69e3931310002a37b1876347cfd01809003000040042693c6c3ea399e2e9f1251e2e8a76bcfcf69bda39de571dfcbc7d7dae0634e4000000000000000000000000000000680000000000680000000068068018800000000005cef41ceaadf41cd7e5c1f6dc3e5a5d41e5f6faf49ccee6b96bca32f538d80d008180000000045c53a9c4f5fc965a5962f2fb7dba9e57a3df1bee32f4b91797b7907037295ce1eb881c7bcfd7c7d1aeb3de85ff004f81f9fa4369e4b2772e742e7b7b9fdbda3d644345eb28482e69e1da87a99fa19d2b4401a244af28c91a723a75e10f07e8387aecadcdf67cda2f6a8f01f8fa648b65a01a121636af32abab69d260080000010c01303c394ebb95e5dea4670f3bb215ad50da749c7d327b1d1703ddfb3c1eae2fa710068001a000000182000680686086800000000000000000000000000000000000000000021ce749cf4d6e01cf7438fec391c74f64d799db3d2ccb553d54fc7d7d4e19017222b05975fdd3603409b084a29e2f3fab430d6283ccecf4ddc2d5d637a509fa9c2bcfd3cc7f3fbd4ae7174a41c7d0fd7cbd19bdab8bb3e871494974e5cdfb7b50da6e56b4bae1a9c995bd262159f6b09fb50b94e4d1092513c801a26f94a9efa72f472d9576ad646fe300d64f27479de9d0da741194119d8d6ebf36dd44a32e9c460d00000000009a1c797ea39ae7d33e1e9e7e6f6c73b473b79d29c2585bdac75d18f772ad63d8e0920b9018200000000000000018000080000001007871e3edce036c7d23c3da148010000000000000000000002c1dec197b09ac34cee57a8e4f1d6cc5af2fb25ebe3e83e9af62ec7a3c3368e9c8f1f5f3974b470f6f2a9346d0c4d8a13827c9790b97a2023cfeaf4d0ceb573d54bcfd3d4e03cfd3c697096abd8e1eb882e4ddfa4262d4dfe6fa3ede5981d9855e6baae5755ace72edca33b37d153d6c425f98c550a9728b359a6a2981279d1a56e76a56b61d2c09ea72b2fa5ba3c054ae606374face57a944c0d733c3db366b16d676cf36db3252ebc001a00000000013411e77a2e7b0d72e1e9e7e676997a995bcea30e7b7e9e6c4fb5e325e873770e95af4b9260520010000000000000d0000000000c14a29f29ceef5f2fdfd6327af8dbf3aca371a66400269a00000000001a00001606fe0a7b091cfa66f19daf0517ae9af23b9ca134f43a3e4ba8ebe6b0d3efe62328873db985adc9add69f5e4c4da8c65e49f11ed56cf075c46b9379fbd7f66bacf5f0f7f5780f1f6a973c4daa96f83b220f977251905be9f94eabab93d5a3d0e78f39d3645ab777d5f5643018981e2a511aa37b3dd6bb8b98a621132af2069d3f33809cfbf6bc5fd3b2731c79ebc39cd5c8e3e8f6e9b97ea3a339a66b9c3176f9ac6f33aae47b7cb4f5927d78301a00400300004c0f3c1dfe7f1d32fcfd3cfcbef3275727a33d669f3e8d352e5e946cdcae979e874e3ddcf8aeabd3e4b845eb9b01a0000000000000000000001307cfd8d6a0383b312fc3cfdaf13368246810003400000000000210d64fbf2995f4f779ae8f1aa5f3efa170535aabcfd3cced1a79d7b6ef3fa3a67d1cbcfd3d5e14a500c0bb4fd38ba371c27dbce0262ce8e58f27d83cced445e1a4fd7cbd9aea6c55b5ea702cad5e7f49c0b09f99dc80c74270907bf55ca755d7cfeed3efe5599a39da4ed493e9800100990f3f5f128cfbf9a56c4fc3d14d23c817014afd68d2ae96bedd4e3f5f89b9cd62978e6605370f37b65d7f05de77f34da34ce3cb74fcaf3eb43b9e23b94e4e2fa71654b48909b40d300004d0479fe839ec35ccf39c3cced595a999d13a8c39ac109e7e865ea6f12940c6bd29d9cbeacba4e9b8dadbe3f419725d1f6f3dc517ac31360d0200000000000001820010c1a60262000006801a0000004db4b3d17b99a5726f98dac5d5f3ba4ecb82ed850e23bce1358f1d0cdd3e2ea1a39b59fbd7f573d5fbe6697a7c2d4a3ac60c275783a7a69f9faf6f391946d61e2ebf3eaad41c7c8efadef4ef5a9fb78fb66fa6b75ec7a9c11e57aae36d1e73f3f2fbd30ce894663f6eab96eabaf9bd5a7dfcb561575f68f761b4803426046bd8aea9666a65d5eace1e896208ce72ba0bd0aacaf2d9c973674213e5d167e862e358d9d7f8fe4e9bff54f8e7d77d3e3b0d193f0e67a5e67977abdbf17da5a61e3b6399b1cdf47cfa4e519756400c1a40c1223ce745cd61b5184a1e6f64737473b79d361cf6810666a65ea6f030c2d64ebe36f1b33f379bf6a9ed26aceff00355fab0efa5c3ec76e1d0bafebbe7322da603400034000000000000000034304340c01a12070a1cfa76a9dd94e8e2455f2da546f79bbbd1cff002cdf6bc2779c576f367dcf4cfe2ead169f2eafd3ca61a9d0727d47672fb2176f3e152b947cfebe9fde9dbebe670956da79bca85cc769459e5f666e965e9f444fdfc6c62fa8f584bd4e18f0dd7f1a992f5cee2ebd113e7d09c26167a9e6ba6ece6981ddcd89d173fd07466d8f548010111aafe9e65199a59d55a738b958e0236649818db59ae6f26b92e3cfeff37cfaf3bcc6867ecad7d0fe79d4754f78e32e555b9ae8f9ce4dfcbb2e3bb1d25e7dfc5b9a3d372bd3726b62517dfcec0684c420071e5fa7e5f9f5a709c3ceecf2a7efe7bcde039ed4275e956d1a7735960616b3b47cad1eb9ba77234636e5003d630952f3b7e52db2d8dae1fc7af1fa1be1b63ab1e89d7f5d63d145b4c0680060020000182000040d2ca4f479ca1a2aebdb4a7504c6a328a39cb952d79db4ab589f1ebd1f37e8bd3e3f3c7d8cde3ead02bd8ca9ca0f3af6e8b9cd4d72de11e9f1e052b753cfebded0cbd4eae732b4f94e8cf2add1bdc3d510adcbbd5d4ab6b499dda7ab06eb4bd4e1e7b3a32e6e8861e9e7abd869f2e84e3387a1d1616ef772ca8dec3eee7d5d08cfab300609a138b80fc908b8d0bd41bd5011927b08d0945a279ba196e34938f2dc78cecbe7b8ebcd4b4bd7bd666be8665f47d32795abc7cb5b9ce979ce3dbcfaee4fabd21f3dbfcbcb8eff0019d7f3eba5284fbf9581480008c9221caf53ca736f5e13f3f3fae97af85ade3d5a7cda2a577374573d936868ced820c8d7c8d7e9c9b8be6d00000000024e007b79c7c349f4b5e53d73d4d9e4fc3a32ef5f05abd9875466e86d1322da620182068804ea62d19a9ced456928a150d31a62023241cf59cab38970ced0e0dabeb509d2f2954b995e46be46bb634f9b49daa9ead75b2ad63d3e1e72afb78f174ed6b63ebf4e0be75f41f97f567ba787bf9bd866e964cdeb4a33cdfa6ee1f4dae36323578cefe76dc3cdeca3ad5377d1e7e7fd73f438b794e3e9cf7b3b19ba5e8f17967f9eff007e1369ef2c004080f2940679fa798e346f552afca134a9810bceff0037d25e92c9d5a867ed2a57796a3c376dc8bbd24bc3b7a6cf39a9d04e591d363ea73e0b9aea39ae0d974fca757a2f2e5ba2e730d337a9e577f3be927e73eee5908a9698c1341e5c9f57c9f2efe5e7e90f3baf36ed1d1e89607368656ae4f467ae832b008600157cef647567aed1cf6d093ad6b2b5b6804f0b00059fa05cf9fae3ec6b2dc3c72af7f7e7f53d4e4d7f1bb2ea8af648b9d5b9c941aec8e2622e8f17dac2a8b42b100000c001880134d73db98fb1a61e7cdf4fe7a679f568eaf91df4f439ae972ba3eb631f3bd969f368fd3cbd036b579dddede4e73cc5cfbec6c62ecf573e5615af5edc394d7e57a9e6e8f3f0abadcbbca70f4e7d2df4791a1dbc9919be3ef371f2f5a7cdbdfdbab73d7e3e2b533b4b8777ebe7ebc9af4762391eaf058def3f4f4306039010dc4f22801b8c268a2a5ea68b13f3f465326239eddbd564b69a6b1b5f136b9de65426dfb58ccf6de776be5d84b3fdf6f0e5ed737d260f0ed9dd771dd84566e1ea6561ae66c63ea4d75bed9f7faf92627b400308ca23f1e53abe4f936f28ca1e7f5e5ea65eaef286b9f459b6974e7680e7b0f0f3d66e26b1a3374968bcfd72b574900c2f1f63235fa7318736a03124c0a2ee6374e7b19674bdbccf1b6f0fd2e5e89a7cdd200c626369026090d0360003100d34200001ac1d5a9eba653f6c4dbe8c3cb98eb3ce5f3bef5acf95dd6b235e8f9fd37caf610e517957aeff0039a9b659c46517abb58b67b3979bbf4acfa3cbc3eb64f96fa6e6b52bde0f73f485fc6b6390d9a7eb70c6138799daa8dfa63eac91ebf171f7aadae1e895baba5cba68bcfe9fdbf38927d1098804bcd300a645a1af56251ad6a01e73931c499246486c4c464def6c385e3d1f3dd0a631e82180b2f510b369f9fbf1e9cf76dc3769cfae663ece2e3a65eae46b4decedf2fd36987ab8cbb79c4d30528a7e1ca755caf2efe319c3cfebcbd5cad4df36830d32f4f2363a7300e6d29fa7958e88f613e7d004195a32cae9cb5c0e7bcad4a72e98b827cb600a84c14685eadd78ddd13c3e83ccf6c7b1e135bcd3e6e9000001b1000020000000006806d0340247965ecf17717fa0af63ab99a652f0e73a8ad95d4593ade1fa195af81bf36c471eafd7c9b1b8b0d7c5d9e1fd2e3ebbc6dd0efe4e37d3c76ab6d4929fcf7a13b14b77b39efdaf63d4e3e0fd7a5e638fa0f3b1e3c3bf65e56cf638783f68fb79fd63abd95c5af58bf4f92488b2505129b511c88b62f5049884802989c5122040dc5b600358bb7e62c1e8686826c0680010d073966adce7be6fa2c5b1c1d1a187bd850f076f96e9dd58e8b9ad4c5f41284fd2e2065a22c456e57a9e5b93a3ca1387075e5ea656af466274b1bf0d4af634900c2e85ba9efd59d868e6d1a60146f2a546f65e86f12e6ba8ce6afba376a1b0e4dc0a9a4d4e9b3f4bddf3887a1d9cf8043cb1d7ab9465cdd4c00131a4003109b10039536ad19239d6546d27e84d0e2a5e415e878ee6b8a24ba30006119451c9e6e9d3ce4dfa90e0ecd369f8be8808189350c0adadee70f559f7a8ebcdc5f5993b3e7774bc8ccc74ebba687a7adc2c1dcc7236229f130ea78fe4dbbd75fdfab1e2178751cfb54e9b1f63a716463a29406da10369305ed1626000d0909a6c8b40c4026134da040d200600806001194432ea6c7359578c4abe3f6755ce751cbed181a14bcadf4162b7a706dd6fbe26cfa1c7369f46446511d7e57aae57977f284e1e7f5e56ae56b7466b0f6ca43a17e50339f6a3e36b3bbb0da70f5e5d11ea07933cf48f4a76bdb78286b5ad61727dcfb7673f0f9ddbf2917977b3fa3df1da285cda7d14a3a454e6bb0ca9bd9799a7c9d52112c698081b13ae2b2f02ab9dfdc95eacfce1618b333ba342e46bf6cc7c2e5fd2ab2ae5acebd6d22bc978b5eca9783347cbc1691ce38db32756ce672f5748d1e07a8c143332fe3f6f362ee5dadf51e174d819b5f977e97cb2f37c8f4ed74dcdf6fe965d47a4271900304c44695e4cade774461eccbcd3a173c7c69e831d2889302526c244a882649a600290029a3c2c222489507175524d098098084c0062004d0e3c7f59c5e4fd69da3c3f43a1e7fde1d7cfcffa58d8d74a3eb46f72d58e9f92da88da7097a3c8d32957e53abe53977f18ce1e7f5e5ea656b74452ebb9aebbb39390f4e9b90b8b4fde5e6f754f7954ebc7cbdaef55d9cfcbdce91e8b26f5875316c690c04a4046318064e7756c28e25a90f3ac58c9d26e316d9e45cb79317b6f3b439ba1b8b560010c995d79d8d956ab3f48657a35e85c68f0b34aab3696281b4b1986c18ec35ccfd2144903e7799fa2fcf9acbbbe7ebb611e5fa8e532dbb49d4b5e0fa72451cae8ddaf6beb7e7403d4f30681d5cadf9e3be57d0b96e9bcbf5f7258d671ad07e5ea26908684db8a4509a1c732e6333a214e9464368040c426000da6d0090d08746f52b4399104da69b40c60204090d318262138057e4f6e873dd1f3f3a3e6f6cfa2c9b5df1e3a747d392aafaee72dd7177dbc65e3edd4dbe777fbf8fd1074e7e3ca759ca72ede10f4879fd795a351f6e5bdb78b7fd2e08e4f51a3a4721edd4b2b9cf1ea30da7b0d8d0fc85e862c0374c498f569785c0a4f59864cf4c0c4f3de033acd4cf4432b6ec8f9ad2c485add1adb2cd57b9493b65ccf47cfd5ebcf7ae9a6ba5af46b2f7347dc5190d887014ccff51db4d03000698000343643375208f9dd5dac0a460ebe65e7b1ad8db1e37a1e78f1d2efe4921fd278080a43404fdfc6c456e74f8bb7e47b078d822f27c76c462687a6527a4b22daaba382a7e53c76fd343ddd4928b0000100c1a000636813408134dd5f5f3923d44326043006301086021a01a0445f340f3bd36b1be2b569dabeb797a75af6b7e5e31f1f3ecb8beb703d688cf2b4fc8d3dba3e6acf3aeacf1f6f4b8a3caf57cc67a528c979dd95b47c37fd0e5de912f5b8418249a1f8548df972006290109080134c4530bb0cbf508f8ec48332ff009510d78e4017f1ee5b0c1abd8564fe63b1b168393ada71d713d35e31ae853f4df8799ab5f3a96d1cfc834b32fe80607aed82c9f2dc43e75746c30ae5caa1ede99be21b72a57849a01c58153e79f4be5c7c5d2b373ab97ce357439f4f5f50f6bc9406b9000c6a413f5f39e5a771a1e3ede47af202684c1218c867e908e76cec5155e9cedba937bbed9ba5aa249c3481800db138130a06814a328c820b7e0a7e52ec922145c6bd3b4787b03040c4049260044238bb514468dee355797aa75de33d5e99fefd0f2dcbcda7e1427779baae806bfad7f4f12b537f90d8d31d8c0ddc7ecc71e325e6f6fb69675bebe7eb65197b5e7b04d1196623cb53c7da6c68401e41e8f1e23d0a9eb7c31efd96086000800403404685cc303db033d9736784f673a7b33349e77a23969afa34796f38ae8f5b85ea53d510937119222049a41222c1836449240008001a0055ecc03e616ba7e5fab9abce71f4fcc406998d000004931fafbf95ae7dbbc9c27e5facc0900000000008c867972dd6453e7b571f41d5d69a68921a1a60c000400036980938814ee524ee886508fb5c801313121800310322e28718e027e983b78d1afb09edd92d0cfdb6ac60743e4b9b86f5abed8d69f87be6edbc35ead4e1c7667e32f275dbf6c0d4db2ca48c76f7b54e5b67dd4fc7d7ddf31a0b958d7fce6ad812da680f3f4023218e23628b486c86206e65f27ed73b3edc5eb3cfa3a94a6f428e92179f3b632ef196f67efb4358a6ab53caf4d3979bb9ad4361cbc8f553cee4afd273e5ed836c8d2f6b0dd7bef7ceaf63af74f037129886313100c10304981e7c3f7741ae27c667abe5f9a92ebe543420180d487efa3436393abab9c27e6fa4c04000000000000098cf3e6fa7f14793c7da5a210d8031a69000c001838c8442a8a376a49649920d368001260c100d1142f3f0e7a6bdfd24a353037705d5d7196dd3efbd97aa62a85fc6231abcb416b1843a559f2da38ddd4f3f1d7ef6470dd95ebe7e7f5a033739f959b9e974b9ce8fdef3248afb467ea51bf3400800068001206b332157518d8d75555e7fa8e535ce1d4f39ebd9c554d1c9c74eb3d79de80a752c7303f19f9ee19dff0043c0d7c39da843ef5646bd0c0a4d08673bb3c6c3eeccad56b98afbb84f2e86f737d20f2b63cb272e8d6a5aef9fa2b6fe2d0a8eda5f3becdc6880e5a0000021341c765fd03e7fb67e51f6f2f5fc6881a4000138c87677f07a4e1eddf9465c1df24080000000000000002121997e5b1cf4bd82137a0099322a469aa6da412f314802aa752d5292f91249a069c5c41890d91f30f5c4aca6bc6da596a269557ccf78e95eb28fbebbec7b89f3c792e878d5376e7935bfb75199a79f1721da51f530ccdc8eae8b849f57ca727478c7dbcbc9ed3dbc3d62aff5bc2763eb70dbc7bb1efe6b604b0006800000c6d8ac3e4b5685c8d92229e6e3ddf1ebe3aebd7b1df9b3797eaf330e8c3dcc54f1d5c960ee743e5ed56b89d5c7cf59887878f6fc70afb83981d74f47271d39c90f37db707d32ad5e63a8cbb589d273978cba1e7f7f316fb4e9dce4ec25169d4e9f1538e925195e480100000047137601f395a153d0e0aea70f43cf069a3d2134ec755c9f65c1dfaad4b87b4000000000000040549b1d81312f3f48b39dd9cdd09d2422a98200006807113424c1c2a2b836007a089922e230f2c04f472bd3de6c413704d4d08118def5acebacb4b3b7b4af7895df3f3f9fe9059df84af2e9df6bd32f3e595ab5aa77425ac468dfcf6f85f6dce770dac4a95ef1bbbd75727cb48e876eb5af638406243010c04002a17f2878d67c7da3649a9ae6bd69e877f9d2ef790ec12e4b46e50c7a392a9d6f2da61e1b357a0a465fb559dad796a267093b39712fc6fd615b12a8295daf34ac94d97a3e3257dec73b4edf2be7ab92f0eaa78558767a6e67a5e4ee90d4eb3a37739cf692f39d60c0680000008c80a3c1fd1f9ba5cf797b43d7f2209ae8e73d3cfd13f6ed38bedfcff4745a7c5d600000034c100041e60e7a3098368111633c707a3e7d56b24ddb190d45963409c57a79c050bb4addaf526880ccd24aa5bb793427355af119d1892a6210a328260780f26ed4b9b6b6b6aa5ba839ed9e54c7daaca6e21da70dd066f77d61eb1cf99d060f4bacb02a4ccd3cb665797af9eab9eb7eddaf3e9c3ebd3eb79b594837c81a600034000011e7fa0e513f62708dc4d0f8ed5b19bd5c5d474993ae88f09dc6745faf377f7a97351b9ce6935ba25e03f6e5e8a53e5ec82156b3591646350f2f48a7eac2a6a76bcad79d763a9e73415e872dd5e3eb964f87bd58cfafd084f93d290856ead96cd3d2e63a6be7900e400000000179fac47f3ef3ee383e9e751f5f3f57c93d3cfd697a775c277be77a16e49f1f580000000024442b67d4d2b34e4a52002000239da516f1afe36cad1a40d80d8022319c4215ae501de62091111875ad2cf57104d4642703d00f33d123cd7a443cb3f4b1873b3e1a7b74693555e38f5fcbd1f2d4709976bcbd7cde1db7a72db392bdb55ec5a60398e5eae5b32bcfd3cb5556ed6795f41793ce980200000000006823c7f61c6abd08351b3424df39d14a9686a70fd8df3f94ea69d4183d1c1ae72bf4fcc0f3b93b3e379881c0201d29d58d750946a3c979466edc91793136a172ae746bf4932b5aab128eb794d6f34f9ba860993f3932af5dc6f6358cdc5d43400000d0009828739d2c19f3b86853efe0f29a977f04be83c0775e7fa17651972758020000445860dbc31dcd1cfd6b5727170e481213014649be7f52b4555a1858d03600109a0854bbe216244c989205cd272c7aa2e4848042048134c4348583b9874ed6e676bedbc796d5ca398f2f5a55cfe1a7e5ea9bf29f9544f7f27a295d1fa424860351cdd2cf0c8f3f6c9d0876fe16b0d09210d34201821a0018c42156e4b5694e9663253b09a43130285f2a7d7a2f9d779a63685cf5670c0b11bc6395a71bc79b3a0c7555a9c946abd2d7b2abf6370d1e371bf4ae325e6d9f3f399b44675003143a7e3faecfa7cfa04f2e81a69800d312543aec095474ae2ef26d00c4c100200023243afc0fd1329cf202f4f5fca3bee07e81cdd1ef28cb93ad88409c58787af243f3b695af6ddc5df098198c000001343f1e77a7e607ba853a00531a612849c23c655b49bb3ce9a578a266660d4f4a4d2100349a4204026874eacbdb47a3ede9cd68fc268be45e734e4100fca689b3ddf21dd664e519034d34a9dcf10e7bcebf52aa72086c001a06c40030102022f353e7b431f5a75009b0004003136a546e819787d8f9b8c0f7b995795b867d5bc6f7853f668bbefed7965deb9b85579749e0b6e7b99efb852b06be8efe37c47b7d06537c2d8ee01e36c8e693029808040310c951b9316968f05d7bcafb84ae1b408600260c00230f442e631fbbe436ca8f7fc2f73b6361c65cfd00841079cca34ebd8a64a1ef737b629dccdb69c834000308c90e3cd74d909d874ed1acdc64d82052f587a293c2c409a4edc9944ba073b2f0f6c77134a90088a924e238838911e46de2ee6cea6412be6511543126308847deaec28d3eab2b5a2a40c90131787be327e3b7e7e916da60098008069808402545397157bc674d0f58b56c40c6240d362010d000002060869acfc0ebc17397fcbc36e5b5da721dc5e72f33928d6bfade59ef15226d0d0034034c60c426800680018000b1372b0b5f4b8cd971d03cdbb51ec464e4680626026042a5c8870bdc646854df69d488f3479f23ef36dc13d66572bec22f4d3cd8d00c400000002f0b104f9bd6cad79d53895536a4d4bd213991a6e5024002393b74ee4741169094a234a5196934c8e0fb795e7b193eb0d03ca70bc52681a131c25e82f4ddf1baa3a2f58ca686021388183b19735ac26a98090d0300011107e74b226f4b95afb8aea69215000c00001000c4e590e751f2ceb3ea0e5bc5e7d71c3694e9d3997a2b49824de5ea4c599dbf21afaf3e45df0f58d5264e894b3dabc7375dc75870feae7b3384b29f6450bf36302c0602000690218b1f4bd7219b9eb5a61ab7b9fbcf3d371956600c0001340b1f671dadb2b7bd27cd5ac96bde22d649af60f6ddad721b612000000000000109c51ccece26ccea09d5ca7e7217a4fc7d52900e232f1f50008394b556dadd29455453482224d667bd0acca56fc76c7d991a510069361196aef8f0eb68d0796d395d87a8d3001a0426667bd3d38b6d34c00402069c46b1ec509d28e3f4519b10c6000021c9204c5e62f7a95b7ae30a87d139eacb9ef6dac9d31f1c8b76ab2f48cfaa5a57f9f77bcf67a66ec79d0a8e9bd78fd0cf7db87419ad40a44e9e99fd06bb9f9b4bb6e5af2f35386dc873bd152556f1f4ecc6b99eb5f507b2f98d9c7aef1e918b812068018009310c69a27ebe361ad9f484ef06034000000bcfd22187772b35af5b4437824bd1a968f86e4929271400200000000000021248e63632b50d071669369b0945a5ecfc7d09f2f6f1f712182e5ac4d65d11528a718ca211a9e99ae6139c77c2010128fa5f6f367d0ea27cfec5a111f2f5c8166dca76ab2abdd626ee7a4985480204fc9bcad5cbd48a182626000010920c4af66b46d140ad34034b31ce99ca9b73f57579b8ed8e951b13e9e5ea37f23638bb4c3ddc697afc5f6f445c1e943def3b5d4251a7255bc6779798a5a61eb72ae9c6bd3494b3dfc7d5834303c387ef78b155f2f6f2db90ad6a4d74bcd6e6ce3d7c57bececb293d2735cb55ecd2ae365d2d4558be7a35a5d3bdbbc98681e5eb1b26a439e851d971eec2f2686240c0100e138878719dc71417549f466fde3b2d7b584f26c0000000000000000022d239fbbe139d3d9a9d68da900a708438bb7e76e95995e87990b15413de6bcd227e11f6738b3eb8d71e3fd3ad6ce6ef6b01e7e80806090010e734b16b37dce768499bb39fa29b01a01847334b153bd6538b6000000001194432a96b64ce9e6a4a744083c396b32ece1683d7f1c02a669a8aee74f3f43c7f68c4dcc887aeb1bc0346ce1487d0e553e6d1eebd7c76e41c67512e9391e873e8e9a584e35dc31186d18c835f94bfcf04fc3dfc35e47ede1e9517faef9ff55975ebba5eb3764f0907a9060d303cb234f3035e1e887c16beef231a694d4f3dac6c7859ac5815200000300000147374e29f19a747a2d2257c939180000008180000000000046510caa3a9833a6f4aa5aad64e234d352034caf66bfba6c4258f0b118d2bf9fad7154dfcdf3db0e85d3b49c9c1a6d00869834211e72c8a54cafd499e9d2bd9d2eed84c00180440c3d4cf9ad469cd0c436201a013401e789bd9eab2e33f38d8cdd0e5aa61eed7bbf3ec46d90e2c5e91979e77f42bb4edf8fecc84200008c9223c076dc132dc1c76e3270f4178fd0784eef2eb9b8b9a6d206202391afe03e20f1f6d3994a0ef2f0edb91ddcf7da3de51bd48dd02847440cb8eb0186b740c336d873dcdfd0f955566d78ebe7b7b4a3279803400000313000490a4999b2bf801d1ce0ef3902630000000000000000008b8855e7fa3e715dcb1e7e35d1a6fc3dd4b10938b4df97b78faa18846745d690da53aceae2f439b73436f9fd465e139d00126e28538883cb9fb54af1f5edb2b5a69f9fa893040c431c5c518fa38db936e516982600002180340797a20c3afb38f1a57e4b7f1b7c7d40f77c204c400c9f8fa53cb4fa65be36df91ebf52b9ef797b6b0bc9ae85733e0cb38f93ae4c621a729e9043b5da7cb7a3cbabb27c8fa37d4be6669f4473fe82db8e5453e53dea5aaca2d1a73fb5ba3e73afd065e72cba66406a6fcc09910264240c4047037f193f6d2c1ddcf4980d3400c004d00c400081824199a682bdee73a2b9991752c10313402600806201881b8b4d78f2fd4f2537b111e9bf8e967b97a712110e128d51ede1ea8f42042c3f50a5af86159eba0a39bb00e76504eac0138824d00735e01a63f4198674c01260000348039be8826840818026009800c188008e0845f31e21d18440f6fc4520000679fb867a4e41e47acd84db40e7d22179e46a825190560fc013a7a806d20299e619dbf209756984d78f42159a61b72cb18234f5e9432eadff007068900298030018006382797d50677ea034002180d000000000c00f1f40160ee051eec2a4400c040000000801803400439902bdfd82b78d7075a3208cfd220ebcbd803cc053ffc400341000010302040504020202020203010000010203040011051012132021303133142223323440244115503542254506446043ffda0008010100010502fdb52821290b9ee252123fdf2d21694acc658e7d6c4a32af15ede6f82fc77cef57abe40e4b3ef07845215cc7487eca941094eac41f48094fff00807501c4477151dceb4f64c771a703a8fd11939f749cff00bcdb3fe8bfa782a73ecb6969bfff0005299dd6e23b71d5500a4a90a8123fafd0191fb50c8e6281e69371fe82638a7dc8ed065aff00f0929a3765cdd6fab2594bed30e161dfd0191ef40e47219a4d8a4dc7ef4e78a130980c35ff00e19d1e99d06e3a86b118bbedc27b751d01d0576cd272fef810ab50fdd90e861ac3d9528fff00875242931945977ad89c7285b4e075be34f08cd5f5b7b72149a3c4855a87ed9e41b499d2ff00d3eb53127fd0cb6b71b8aeeeb7d550b83783338d3d073c69fa9ef90afeb890ab50fda9ab2ead86832d7fa29282e350dddc6f39ad6e330dcdc6bfd0bc3d3be0dc74a4a96d86d6168a9d1c49620386d47853d07fc49ecbe0078ef4855a87ec4c7f61ac398db6ff00d22bf8f23807c133fd0b880e221af49e91a42bd3c8cb1367694dac3a8e14d0e3947e14f6feba37cd0ab5037fd6fe9a4fad97fe8b590f0c9f46e35157adace6b7ad98ce6e33d37c28b719ddd6ff00526a082dab5a3a52dadd6a13dbcd52d01c4b3fc695c29a1c72fc43257505055ab73f567b8a538c34196bfd14a16a6cdc643e299c0c9d995d43fc699fa845c443b6e74ff1a7658b31b8d4773799e04f426fd33feffd0487032ce18d5c7fa391e28aae794d46a6da56b6f39e9f6b6ad68e9cb6b75986eee31fa93936a6d5ad1d29ed6e3119cdd62bbd01e9671cc527a13b8163fd0b9fcb9a0593fa40827f417cd0daacb197710ce9e050d420af41ea23e09dfa8a1a9301450ae9c43b5232c5582eb119cdd673474277db808b1fde9cf6cb3058d967f4a439b6d4446967f455c951d5a9193df14ce09c369f69cd63a788a7e36d5adbc94a532a6de4abf4667c522fd3c413a1493a93479d0fe2cfcd1d099e7e022fc433d557ae75cff4e37f3257e9ca3b9207e949167621e794f4dd86cea6f396deeb111d3a5b5ea1d2713ad186abd993c8d69a6a4914955c75a4a371880e6e47e93c8dc6b0e5dd9cb18675b2d2f75ac91d099f93c2e0e1bd5f2b656ad27f4b1070a198ac8619fd387f248fd29a299367464e275220aaec702c6ccd61cd0a49e9f8711ce5234ae9b70b65a742c75a37c33ba6c7c388e4b1a9308ed3f923a127f2b8942c78050a09c855c7e9307d4e21fa7257a18828d11ff4a58bb43bb7cd3934bd99a0e66b176fdb7b88ae74f13fa215a9193c8d68d435d2145258775a7ab3bd8ef4f10f6149d432c5d1b6edf50a4741ce72f888b83c8d0c80cb5526eaa4b2a35e9ff466b9b51f0f67663fe9cfe740587e9382e8a8e7e3ca67b7108ce70496f7598c7e306c59735a7a3293ae3e16bd51f3c59adb5e48594961d0e0ea4d46b8d09cdc6381d74b6ff0c946e3186aaf1b294d07a3e1ebbc7a4f7e31ce471ab9e4050a2ab500a596e3734a4247e92ef2711fd45fc988fea382cb8be3cb161672f62cb9ad39c84ed4fa61cd0b49b8e8c556ccd19cc6f7634455d9a14951058742d3d3ef586fb5ce09a8d71e339bad70b1f14fcedb1899a4f418e6ae814df22aa6d8bd2401494f2fd279c0d3585b4433fa9086a7bf5258b39873a54acb1717889374c6734a8678c23d9df288ed0e8cd1a3108cbba3377f873b214daca14dac2c74cfc5897077a89f149e19df1c8cf1945803a929e370e96e21ba280e599c80aed4a0565a6827240b9fea8f6fd09df33c91a47e9bc6cd61ff008ffa9307b621d33f2c405e1c737605475ea46531bdd8d19576a926c595eb4719ac5b92e2aecb191ac7daf6c370adbc8546734281e9e25c8f0cdf8deefc388235c480eeeb194e6f762e1ee6b8c9ee38b147344789e1aecde44d0a197351691a01ee29b1cb2576fd0c386f49fd49a6d1a20b47fd4746a6c9d13065285e345f0545734a867a76a61ca2b9a540f4319fc76d5ed68dd396268d70f5686fbf04472874b114de24656b63826235c682e6e47e058d48c3d7b6e8c8f687f1c84f7e2c40eb7a2f8297c9398c946f4ca348a5776c5ce468f6ebcf736e3c26b663749c5694412551fa1892ecdb3e3fd5c4468753f5a77c713c749a617ad19629f1cc390a8ebd68bf1e2fce1b07e086af6e4b4ea4b0deb6e29f8f349b161cd69e8c84ea630a378dc06a07b1fe1706de211d5a9194b1b5898efc4a3aaa3f26053bc02946984667bb233347b75de1bd8874e5f28f185a3f4313e6b47d7f57166c9699376697f589da85445d979636dea88dca6d4832d15ead74d4b949a132650972e84d7c50c41543116e84f60d25d6d55898fe0c6fc68ead2e0c8d39f162d37e19590a151dcd0b49b8e82bb617c870c9f8a770e2c343f155efcb1a4fc4d1d49e196bdb8ebf6c267c49eef7dd7c80a19213ad59ff0068fae468f5c561a35bdd39e6cc37f4e84d3aa40ed93bc9b64ddbfd19dce2c1378946a3773924d7a96928771504ca75d79b4856a115e55087421374d618cac7f8a66bfc5b55fe3515fe3452f0951a5e1721152132d0db1314da5a96d9a61e43a9cb17f64a9ad6f478cbd6ce62a239a91d181f97c389a6f1da56b6b831746a891d7ed49e55892372161ead71f80d62275199e147d1bfbafecef6192a9a4d939b62e4701ab75a62f6e2e1ededc4e9e23e11db8d7c92e1d5286723c317c1fa3245e3e1df89469ae4e9a71c4b74643ae544c3f769a811d15b68b32c8518aa5039435d9438a6a754588a0878b2d28c682820372daaf56e22b167db7a3b07532afe3cde08ebd2e0e8c7e58970c94eb630d55e2f0494ea8f0cfc31cdd14b174619cb88ab765ccec299f21eebab6481a9790a34c8e5c06ad90ea4bf91f48b01d3c47c29edc724d9affee672bf1e17e3fe8bde2c37f17206f254f29652c0a4d32ad2b19389dac531141414282d149362daae9e17c5d94b1b9121b9b8cc457bc577ac562b6b8f0a3b8a8d3932121075a3315197a91d06ff00e53848b8c3cd97c0aed1fdae44572ca3fb310e0797a198be397cd7fdb5de95dd54becc0e59ae9b1c56ea8a8bf2e25d49fe06fe9c734fc6ae52c6727c107f1bf45cf1e19f8d5217b6d4546ed582450a151d5a915897b65b890a4c6bb2ed0a86aba3864f2630dfc7b7a69ad1b389ed533f1f0efc3753ada807e2cc54555963a03fe5b89bf6629c1fdabd988306ce0c97edc67831257c40583dce4d366c295f65f73d922c9cff00ecdf05f8074d67423064fc7d2feaa6fe3b1e1e39a7def1b3c3b6523c387fe3fe8abeb85fe31a57d6276398a86af75635e1ee3136aeda1416d8a8aab3838671b45c3ff13126f532caf5b4d1ba2a40bb1867e3d5b6b11cc524da9a55c71ffedf8a5fb669a61d0ea7235880d1890ee83eda95cb173c120eb9947f3782f48e7c23c88ed91390357eae26ad3121236a30ea4cfc68df8fc728fcd2a9bfa64e0ba30b3f17e8afe985fe353c6cd44f17034ad2e0ac5c5e1306f1cf3116ed3b439532ad48e0c53941823f8646a10fe37629f8a97cd187f215898d2fe6285435f43ff6dc58a78c1f683b188678d0b2cd46376eb10e53cf005014869f9250ced4be0fe98efc0df74762689fd1c43def0a1d495f8f08ff001b88d386eb97e38e75339e1fed91fa2ef8f0bfc5a9a6d122fe364976ef8c98374cd4eb8904ea89589b4414282922a1ab970632ab4287ca254e1b52e11c9de48c37b56268d511a3a9be08ead2e0e34ffca716229bc48c7547c49b2b622be97dbcb1a1fc61da11f6d62dc96737e495d43c383791e72b315fd31df33d9afa0572c827223a6334fc98b755d176f0d3789c4b3ec5549e6c618ad70f31f1e29fa2ff00870cfc4ac48da147494c7392b94e142a1abdae0bb783a3544527495a02d110edba2a32ace0e0c5bdc56d5915399dd8f84bbad3524d98c35168a69f4eb670f55d8cc527916cdc7135cf13e2929d4c61c6f13bd324c598856a158cfe037e387f7ac6bf1dbe6da8840d4e4d31e32184d2b906fb9cc57f4c7db35fd502c9a140705ba83be19f24ceaabeb859f8f89ff11a5f34e0aafe3e78a3bb2ffaf6349c49914ac59ba6b1242e92ad42b58d5d2966d1b0dfc4ac60ff0011fe59c9e52e8544559cff00ae13c9b5a42c293638933a0a15a90936a68dd39be37312a751a556bd61876e50a99ca361a8be1c7289ed9398a150d5747142f74ee257d70bfc7ac593a6a2bb96262f058f0c63f28ac5c5e234426286d7394d36969194a5688ed788e6326bc999e64525356c94e73f70a49b8ea295a5183a6d1ba3297a531d7a9393a6c8c3d5a64f148f09cb07559fed4f4e65ba5cc92f54a45d3153b894407574de1cc2292d369cf734c849bf4b11fc4802d0eb12f7bf2bcd94df29ee29b3658ed85f969d46b0e202d30eedac5453f16717e4c469c4ea079177e2c4856286d130f4e986f274aa9c1b78a70c33ef1c27b617cd7c786e525bdd8f155ec8ee6b4cefc489f8ecf945627f850db54b4a404a73c55568a3920f00abd959a79b894e4a5048d4a72922d936749e88cf105e887011a220e8cb57cb115ee194a3f136ad1880e295e0564995e9a728bf20a0a125111f7abfc7b3b784a88e134e7de23943a38b1b458e2d1e8fbf1791e5ca7f73de85326e8c33f2b27dbac453b4f037a8673715a51850f8f27d17ac4c7b53f5c5bc2c8b34f27520d62034cb3c2c1b3a9e190ad0c6107e11c707db2b2928d9c41a5687247ba342fc56cfbc54f178903f132b8a2b40ac55d4293cb2b669a5d366e8a151bef4e3a1341249cd42e374f44678b1f85b1640e8be6ef30ab38329a7d920e95a0dc70caf0a8f27e4159b6dae3c171d0d3686c64977d3e28380f65fdaf4c38169e862bee2390a8035c8779af2c43b642a19ba201b6239e211f53305576a31b3832c495a63444688f91ac4d1fc78aad51b10f73e3b53834ab16faff5c08362d9b81c189ab4c4c3d3a5be052c25cca3ff00c9658ca7e1bdc072f130ff00c647d93535c6d2c439ea4b7bb2dcaf4d2155e868e1edd2b0b68d2b0914708728e192935b331badeb534ea154a1c98390a60e9429d5ae908d3c5a7a93bdd3687415c828f3079b46e2a71e6f8d4d61ee6e45e0353084c77df2f534c29753109433872f7226725ad72b0e777628cd5d95f6a61cd0b49b8e393efc4aa42f6d8c351a222bbe589520dd142a11a802f8a66e27525d46c4e47250ed533e597c1393aa36166f0c7cb8b652f4a5bc4561e82df36f80546376f831535107b781e3fcdc99ff0096ca523723c63769d9086930e46db6890d517e44a2d61c914db686fa4a48553d019729505f6683da1c16503d99429c0ae009ab7587bf19e8c8559aca1aae8a9a7e5ac197cb8243c965b92fbf394dc70d8a7c6b91832b49cdce58a30e7a59b9abb2bbe511de638d1eec56b1457b08d0cd1cb13a82bd71f2867e4c2f9ccc94a480f620949c41121686d576d1f5bd61df34ac8b89ade6e9c79a2de19250cb182ab70dc54cc41b8e1a4bd89b988b6130d8f0bafa1ba6d5a9190a87f4e090bddc42278f8249ff00c89c9bff0098ce6eb8f31b6052d41b461d0370a4003acf328792b8ae45a6dc4bb43924f334114139dab4f4ff00bc3bdf8850e84e3ec394357bea6f9e995ec4f19beea5946cbb3dd71a43318e4d7bb1352bd3e203395cb169edea6e1bdbec64aecbfb649362cb9ad3c26b0ef7c8a57cd89c936673235cf89ed7328e7e6c39c2995ad669e941ba44579fa663b4cd4b6f763c33f125412dcd9ed2596b1511d977187d74a9ef1a325c345e55174d36a4684ca7115eb1d35bd7a878ceca26e2887d0979e5862304700a85f4cd6ad298beea8fc91c12ff003b247fcc7f54faf6da45dc5d408dea5c1fa526185962595282680e9df87fa1df09f37467d1c9a5695a79899e7a983e182bd716a43e86421853eba93e135fdc0e73a7a35478abdd8f46b12e538d61cad898323d9cfb642a3b9a1693c2f9d2ce149b4751d230f4dd134fc668e4c7bb10fa6239215a4c05a6925e9463446d8193af36d254f7f29980563192d34e9555eaf57abe5abe3bd5f30a22a2b2b713bb21aa44b6cd25d6cd0228541ec33c55cd119946908edc13f948c8af4e3032c595a60b5c90e9b22337b4cd15814a92814660a33155ea9caf54e5096aa1305092d9a4b89357e8498e1e4c47cdfa36e3143be0ff006e81a9ff00639c65ea6e579ea4783007f532f3a1a44660a9793de239619e7b6a4e0ebd232c64731cc4f4114c381d6abfa77ee731511cb8e0c44da1c44e98d89afd8da76da9c799ce0f3952bdb8964ebc96938343de4a4048a26d53b16436244a5bca8cbf7850622ca7775ec82555b6bad95d6d2abd149d0587851428663be19f8d4a42154633469e642548e421703ee7a89ccf37070e27cb377fe55a374d6302f051d9e500e3930529e5aa89bf1df34bab4d225d21d4aa81e292cee08af6ea78b955d3574d5d35edae556ab55b21df06edd0353fee7382bf73fe6a967f8ec28c43150b92ee6e78d546b09a14b41625658ca6f0e39d4c349d4a8c7d24ba34ff0094f036ad2a697ad39e27cdb1c83237e654c3774e47b6183e3c53daa3ddd7ac54cedb585a74c2a9125a8e99f89ae4126f56a472389cbd514344d06ab48e022f58649b8a5b2dae9dc31a5d48c25d4d2d95b6ac33f1f2717b698c837150b39af06588e8d0dc5177070e263e21da9dff00958e7e3ac413aa1ef2b6cd32e07519f2ae55cb2b677cef4d4828a43c95f14a496d4d2c388cc9b56e1af455e8935e8915e8dbaf468a3085184baf4f20569989ade928a4ceac17c7d19fe4392fe901df6ca3f3d6207f8ec25e94ce18f6ec719abb2fbabb613e3a92d6e4484e6e47a9e9d5130f378b1fef8931adb8ce8799a93e6e01511cb1cdff009310c41dda62137b51a9d3759c9f3a59828d117166d4a8bcd4d30c06aa59f8984e96a7626db024495bcaa435aa9318d7a5d35b56a3c7cc2a148f50cd5b296d25c660acb598bc87a8541ed94d5fa89550850e1c4ff159376a97ff002710fb29635264b65a7a86a49125f15befaa9bc2dc5a2561ab65b8f85b6e31fe213470855498ef30f132935eb1d494cf4d224b2aa06f90340d3526d4955f80f3114ecbd9fdce91d0b67a41ac27974a7790e4ae6201f6e588b9aab0ee51183e9f11e07c59c5fd309f027b8a63f8f3a9c1a9187724c7fbf7090614ca95e63c20d475eb4650be5967f973a9d366ce7339809b5620d7fe3631bc7a58d72a4ca5bb4f2bdfde996ee60c02e53511b6e9e610ea5f6b497074213bb12073ab55a9d1f1b08bc28ead4ccc3ec693a1b142a0fd2a63e186184d9ba8c2cdf0ce178b10de3d77c421e4a36189c7f52d6785c62ec8a7d1ad8c3cde2e5379cd343f24a5268c768d7a6b515c96a9b9a9252a0ac9b714d969c0b19cc47b5a5ee23229ad67a9867dfa06a7794d1c9bf6cda90eeda5c6b44383f8b291a9a84f6fb19cc1675cfa615f8ad7deb1147c6d2c38dd35f1e231fed52d90f3309ed499be6e0142a339a160d4b736e320fa7c3e1b5b2cd4b559b39b63727b49d4a7d3a9883f8f4d4754b972c221e1e4fba3b456a620e9a6db0da32c51be728e8a5bcab878d21c0ae1d37182e87a3fa74d2a39b4a1a198a9fe2c2f0bbef9990a87e3a92bf552e902ea40e5c3205d8c38de2d33ce443fb548366630b378bc54165ec21023c68a85259b68ca07b5593c6f2154df37f816842e9d65c62989a4a50b4ae9a70a14db8169ce11d0e75f0df2f40d4ef21cdff6c851d2194ee2a473670d37882a21f4d2f39e39b9f4c2bf158fb5286a4c3bb0fd4ff8f1063ef9624d9696fb81e1c42a2b9a86207596fe79994d57b8e5fd6182f4ca74a55f589ca9c3a1bc15b298ff00fc8dda61953cb87150c218685c6789f8a6fdd79036a6d77e04d61aeecca19623f84c0b3113ef1bdce671bc588c8d969a4e845451770712b9a70cfa1ed16a1f92a678d9f1e27e023947f6391159a3d98852cd9229cfac7f2f1168b643429890165b596d4d2c2c64ff00c72baf13d93fa06a77dce7347c41c328d2c5d1839fe30a96c29d6a0bfbec65345da5f6c2bc31bbe588209432b0e358ca6ecc437cd40292f3661c9e00a0ac8530bd2e3b2f724c46761aa3520dddca52b4b1873566728fe49235d3690db7292a9d3a34511928a648d39e267e195cd5e9dc5023241b141e592693da0b9bb16b1636868e4da55a4c4166332b4b2c05190fd0a869f6f1c2f6ca7d5a5989c998be61529575b7f4c4f9a8d4ef8f108e6ce0ca77b1c06e259d3153f47f9223f978852995ef14a25210f2992cbba69b5ea4d4f4de332ad4d75beb8974677d8e6ea753787f262bfac20d0a8df5fc39f93c2edabb615f48fdb2340fa395351b91b0b55da2ea0517eb7cd4bd129961450acd1f0c9c8fd7078da5cc9d5e841c8568f512984694e4cf9e0a37674f736e3e1913d3b6e8f905324a25646b1772c97d5ce3e25b31967dd93279649a6eb053f056347f8c79249d4840d29c9a175cf7bd4ba390a48bd342c9e34fb316c495a21b1c988fe5ec2fa9c4f69c354b358d23e34aa91cc54b46b8f057ae3628ad30ff00eb27c71fcbc42b0d4de5ce8aa8ce292979a6898ab8cee920d382ed616bbb1d691ca6f467773c0dfc7332c3c69982a3fd25b01f6a13a56dd1a793a5cc33c91feb4a504854d6854f93bedc39ae944375e4ba9f51454f0a53ea14658a9ce36e08eeef232948d6db0bdc6a8532bd2b49b8a9caa3928e94612c9a1985e85e1ac6cb0b690e1a7c7b9a6aa7dd0eb0fa5d4d487d2c267be574eab993c11f34d22b07243958bab9c83a5a848d6fe725f292c35b49ca3275383a130e8c431c55a3f6a60fcaf2b4b4d7358a92ab6295351b9162ab530c1ba32c3ce87b1957c46a57d23f9384526b0b4fc8a485a643460bae212e2192595c676e0561fec943ad88f2e94fa3c137dabee29074624298fa54c4a9879242935347be17296c7d2880682102b954e629d706a06f57abd100d29869553a208e410b49c9bf8a4e42a2b9715215a9da14b4eeadb4042723da133bd2f35242b2c45378e1daf5aea43cf95992bba547863642a1c65c95c584d32900653d5af119eab31011a59ca439b688285faac85434694743151f1628bdc7e9af24c5547e6e8a926f89366e958ba620d262f8f27be1c4f1957cc4d4aa8ff7cc2eeaa149ac287c35298121966e953ed071311e20b6b0a0dfb7131d6c4c5e2346edf4277d4f04c4ea62039ad8a93c9f47667e94a01496098cfd4b176d83a71163c74a5250173e3269cc61814e6382ca94566362ea6928c6db348c5a39a44d8eaa4ad0aa22e26453116085a4d4d4fc6856b4e4caf4baf2f4b390ac291addccf68d1d31d3c2f275b44da94ba52a95ce9d4d95c11c7248d46b0a98cb51ce211c0892d321740eb96f20389480914f381a10215aa2dd6ed0a611ad69161d09e9d7163ab7a4520d94eab5b90fca2afaa6c6376e96346210fb658b27f8f31cde966a4f78df6c8f211fc942bfeb04698d46b148e4d2541689283586bfad3215a71042ae3ab206b630f5ea8b41d3ebb8a6fd0d1cd62e984bdb7ea60f8629d4c33f4ca6b1bcd437b750b1a92f7c53958ab0c87f1a5aa9d96e3945ca2aabd5e8b9aa82a8396ac25f675fa264d369284a8050951951160852549b8867d99addd68a14f5c88ed8659e9e24ced485d1c969d4168293936d95109b065160a485514e928ac0d3ca42f6d88de23938b0d8c3e17398ad11a126ccd0a888d28e8b82e88a808a390a8439ff0051fdcb89f4ac43d93a27db2908dc618beb3527ef17ed93e7e38ff7a14afa362c8cdc47a69669bf8ea63979685588eb619ec76a4fb67f14a1768d1e097f1ca6d416dbe2ec616ad511afa646a78f4ce19fba3138eea28f3c88a357ae756555955ce8524d60f8a06c21416294029326318ae0b2878e670f61863254bea62cc971850b8229292a2a6792dbad806931c521149c39db1193b43eb85b7b70b185fc0390a7561bac3e19bd636bb4440d28a611ad691d32344bc85421ec92ad31e1f861fd6b1716113ef9ca46ccf3523ef1bed94934cf90526bbab83118fbcd215b89a94ab481cd2daedd6f162758a7b424dd3c2e7341a3c13123d445f8d5deb0ae54cfd32972da8e9c4715548184ce0c3b8a237e106ee52c57a4268c4028b2915a456915615a45140a4b575b905e4561f3dd8a63be87d14a485265c65445cbb291dc64280a2953eea12108ea285c6231f61e5a69b4694d581a8f052ed0c2fdcc446d9ca631716a73bc564bcf0161882b7710352ae2a044752ee58a9dc96685446f4a3a73c6de20738e3e3c557a21471a5a87962a2f120f0636d1d1dc3fe48fe4ca41f7b3e4a4d471aa570bc8f4f34d4ae7213d8d6a575711f6d037135bdd8f87af722f1484e97782623532ef36126e10e08f363cf8ea425e6d426e24d32dc990a7977a079e1f3ecc4385beb6a0b484ae1b2aa9914b2a7916a50e135864ad61515a79630f7185475ad6288b8c4b0e284473a98cdd5eda70d8fb2cf5a6c6121a79b285a0d5a929b94274a7322e1e4eda9292b5418a2336a5684b1ef3224845614cb6be04ab765530deb58ea6323da724f32d8b271a3f1f610bbd4c4ea8b87fd323521bdc619e4247923f972739adbfb8a4d41fcce1c5d9d4c24ea4ac6a9c32b7565a35c6c3d7b91aa1fc32b8a72799e022e30ef7221a8a4ca0374e1cc3cdce47a67dc73551394288b7d4c454456b0eba0e4fa038dca4692ed9345f4d079268107304a4c6703cd30bb8cd42e1b1a1ccbb0811f7dcfd09b113250f32b654855474fcdc0eb88682b5c97e1c24302b16774b235ba30c8882e7a66b56535cdb8b145981de337a11d4c4d1ae13275334c0bb82b13f7cdfee1e4b17442414a782623667bfe463c832fec77149ac3b9ca1c06949d419f6a9b17c4527f4217c32eb10f8dd49b8e1929d4d1e1bece213dad2a93ee8cee2bb509c714e2b2c360978b0da5a4b080a5694eac8d625c9d93cd47242f4942b50a4d612ab496d9d2781f16c472658331d6d0109fd171097048c2f9e9763b827ab57afa33954a96f2ea3e1ee3a59650ca729314bd21cbbd51b5474e78cafdb5111750eaba3522278aa20f9452d5b988542edc46b1b6fe270ea2d79295f5c993a908ac33cdc52d1a2761e9d588293a48ebcf1a14850526437bace1ae6a6389f4e970f04d46a64c89463b6f39a1f494ab2c3b0ed6120008a6391ccd62c7e47bb914726556229349e5519cdd678270b6216a4854a7196c34dfea117a722b0ba387306861cc534cb6d0cdd9286e836e49a4a420703eadec4508d4b42748eb37ed9350c52cd9118650e8711a90deeb453a149fbd3bc9bc99fa22b0b1c78927d984a7dea4dc7d4eedbacea371bc35440a77f8b378a6a2e380f3a448f474645df9a52b556150b7081c85269e3a1b6d4148c9c5694e22bd461a91ea71642532ce6d1e49a45608ef0e26409a10e4b31d94b28fd953cd0a335badf7d75b0eb94d3286c70cb776988a9f8e3b5a0758d4c1a313a863e39ebd10e38d2c8a87f5e3358cb3b7207d8d48f1e48ec9ac2fc7c4f37b8d4464b2d5389bd38bf7f5a49f4f2c1b892c8799c39d251c2b1a82c69566f381b4c96dc712aa68dc32deb79a46da2d56a65abd6242f1a1cadbadd452e43491366ee54c5f22ab15a8a8e6c76148a82e6dcbe093077de424207ea95a452a6329af56a55154b557a57174984d0a4b684f47153aaa3b1a07e86322ce9a6059bc58ddbca1f8f8cd624c6fc54e527b527ec291585fe38e89ec5049e91a69f4b8729adee47c29fdd62a5a4b0fa4850e19a8a394891b551825da5a7526537b6e0ef0cff0029d47302996af9481a9a0ab56e529d14b72f4ef30aefc11a85418aa92a6f0e65343f68b0eacfa36e931da4d0e5d56d3bd3ff0047194de237ee091ca781aa8545f1f40d626cec4bfea564cf90527b61bf8bd17bc4db7f1f4e4b1aaa3c80e6529fdbad058690a0b4101498ebf4eef0b89d4958b1a201a530d1a2c14d4d439aad4cf2543507a1b4d73ce5a76e42cd1344e521363c117b26a0e8f4ea5a1143fd4bebdb6a0234c7fd19c9d51200d69a966eed0a8de3e8e30ceec668ea6a564c79135ff5c3ff0017a324fc286fd9d49cc1a624f2c434bb1230fe2c557a79158831bece1afeeb5c335ba3c0a1a9329ad0b457ff001e7b547199ac691a5e5f739a85e9c4149cad4ca74a58457b9ba4dc947d7fd44f56e380587e8b82e8c2ff001946c166eaa14c78fa245c3adfa6972bbd47f20aff00a41fc51d195e31dbab2d92c38f2be16459a94cef370dedc6eb140a8d2e14a4c86f8142e1e46859e09ed6a0e36a4d6132366424dc0ce6b01f61629433208ab5e8c7bd08c690ce8a6e3aed4afa474ea787fa98df2cbfd23586d4d559ac8537f5e89ac5d8dd61e3ac1a8fe4147e90bf17f61490b4c868b2f8ca620b4e36e25d4622cef476f514c2942437c121adc49163c0d2121d911d515fc124ee33c18b45d0a58a229a4dd4403458a44479486e03caa8b052ce52d9d0a72b0946a983fd44d736e3c26f447fd38834cb9aabb9934352c765fd21492a1d03531831e49a63ee9a3e385f89fb333dd2b33784f771253e92738852570a5a64238263571c0fb7ad2db6de251f43b87c98921321a19b880e226455465ad34cfda853434b79c9b6c8ac3a3ecb3fea267caffea34f1ff28a3a8e5107ca321ec7e3bdaa87030f07383138dea23d31f715ff00483f89fb27e4c4339690b8f854bac46387e3c67771a534a43906725fe194d683c1a8c67de65b98c45d706524823234f34979b9914c6594d366f481ee19c97c32971d5ba70e89b87fd4c43bafe61dbbbd734f7b716c85421cc6527db885ec58735a73940b2b4282d19e2d17656cfdc57fd207e2f44f59c5a5b4ae53920e1292159bde283183f1e2492854b47a4c429d6f5d45c414852141432500a1219db273ee30f7cc779c692f26335b29e071b4b899786a9254829a42e9994dec99ad53f314aae6a30f0f2ba4a424645e1aff00d2ce736e3426f6e3e4f2f4222fdbae6a6f2c54e42a10f6658b0d2e9a657a16937cd42e1857a7919bed875a082cc9ab72c3ff0017a27249d43a52a568a6a1152976699c37f1b373c783fe3cb8c990848f531e3af9528058417a22a2cc6df19286a0f365b566ea3711864add4f1a929553987b0ba5e15430c7896f0b14cc7699cdd790d0b3afd3684b63fd2e21ef7b396af7441eceb9ac485b10c8544f1658ba6f1126e9a88e704f67759c3e46f359e291779a655ad29ac33f1474e29b7449a71f72416184322b1155a3b09d0d66e7d308fc7a9d13769d5b6a09505a7271a4b94d4a911aa3cc65fc9c405a5e6cb6acdcd4954290243329fd90c6bdbe938f36dd153f20b2c25bff0050c7cb88644d82d5a9717e9d7358b7e59c8546e4de5391ae2473766926c5a56a4e72c7a694cbc1633c4a31696d1d69c33c03a07b34bdc4d3ff001bdc6b58427e59a5b425b45136a757bf3381df1615f8d94e82dc90d6a88e9cef4e3295d37224c6a6f1668d6e33250eb65b5642b52a2bacedbc69b921c7f894a4a02a5a6fa5e7a9a8e847fa990bdb620a343194a5696ea378fae6b14e73b24d362c9c9c17446e43288e594339acefb115674b0e6b4e4a1a8486bd248c30fb3a128e96630b314ea371b84b2517abf01361654d7000914b58425d78b95860d4f703de1c33f1739b11325b60ac2b854842e8c5b15b931094cea43edaead7ab5c30eaa12fc8db0ca594e22b71b43522469f566bd657a878d1f54ba4c31486d28ff57882b5102c3298bbb9517c5d7353f9e2542991758ed91ab699a7206985ea467311e9e6a5450a65c0b4e4e369712c9f40f0371c73bc49e48be4e9d895c2e2d52de480914b504075d2e1755a1b82dedc7e0946d1b0e1fc4e09add967a121a4b8dc4851e5c63863add6dcb4529e20409bb6a14f325d7bfd8f9312c8d3a6ee545f18eb9a9c6d89e517cc38268d3899c85445d9433c458de8ecaf5b48594965e0b193eca5f6d0e390d48585a78a5f33fd65393ae361f2352739af12586832dd2d410975c2e2a8277a50e1c43f1220b46e07501695a74ab8c5612ada959148553909872a3b45a4feb295a69522cefec9361870b8c9f366ce50fe9fa1897fca1a150c7bc666b16e528f7c906ca6cdc66e27d3cea06c63bdac64e212e26cb84b61f43c9e17ff002735f340f8aa33bad1525d0cb30582814a36121ddd53d25282d20a2b0968db87133fc66859be196d6b49e314e1d0ea0ea4fed3c2e95345c73f6672b4c6849d31b29a7e3342a0fd7ae6a773c5b2842870639e3cc54355d19e30d5d869d4ba9a14d49b5255719488aa4ae34e15df807ba5d5b3d17763aca4b2bd69bfab9b94b77553eeadd54764341ebb8a42748e1c4bb0faf14a6749e35275230877531fed7143f12459394f5594d2f71350bf40d49ff96a150be9c18d8bc26f9b590a88ab38335a752148534ec796179b6e29b2d484ab3911d0f8497e1162634ee7179b99134e4e424bcfafd417545cf58ea6a232186aa53ba12f38a7d6d212da6b0b6b71ce297ef99c6a170fb3b668f08a8abd89e3fdacff00748c8d62ead34c0d2cd43fbf58d1a77fe57285f4e0c513aa0c5e71f341b141b8cf166b6e5adbbd4753cda1a750e66dbeb4537212acbfa76136e1fe5c7aff00256ac3dfd79ef29c0865c5d4a86b692dc564b71636a9dfdad5a5329e5c975b6c369a2f6fb8d361b4717df14e8292141f6f6d7c523c709dde8ffed0fbb14c8d631ee91d85443f28fd0573c4285423c3286a62178731511576f3c6dbbc6ac195676461acba64a24c3a4cd4d25f6cd24a55487b6e84e6e8cf6eb7a4bd4f42f8e1a4223e4c2047954ea35b6caf6e36148b47ac5249bb2d6d25e7f494435b89c263a3571c1f74ce8b880b4bcd96d47845614e6dbdfed23f39f9c9f76267260d9c1d73d98e6fd0a886ce0e073e91b8054257319cd46e454734b0bdb7bbd3ed079a60012d5874535fe2e3d270c605260c614965b4652fc0cf26b29cd901a5eb45620087d09d0dcb7c4765a45a94f2a42e1c46d813545e75b48423895c9384f8ba4f361c4b882851cdd3a5d14e9db71a56b47fb385ce4e7de7e49ee8edd65fd227d7268d969ed9afb47f21cc5306ce0ccf30a46876a1485963528d486bde1e58a0f5216382678d3db2713a9310e876adbb891e54fbdbeeb8a53ea421280990186f0e6884f1cc5688b013a62f4e72791ce5789b374a86b4e0ee9b7fb3c3bc992feb1b9af2151cdd1d6906cc43f0e49a68fb7357663ce78134d734e6fa00c424325954170256455f81b74a6926e2a577e09a829297029bc37dc9c5a484d47845d4c8677596546edb7eae48e5d0c50ff1d22c8e9c94ea68d1c9c176e2f84515ecc941b8ff0062afae17cf37cd9985e2c85423edeb4f3689107f1f21514ddbcd54d7e49e01514ddbc8d629ec92a17a931d4da98743addb859558d48f27011712d462a62d98c3e335ea65d3addab124dab0e8fb0c641c4973866fb9fea2feabee7257d2278852d3ad1843e5c67fd8ab98c2f92b297f8d17c273886ce0ea9ac54da133c99c85423ecccd23f38f00a847e3cf1b1fc76cea6e90c250ba22866da49229ff003f0e320144df754c6ecdb0e6eb7fd30dfa997928e918726e9e051d219517313ea1a77ee723da178e8534bf4d341bff00b283ca46537f123f83368d9683cb81fb869b374f1e386d17fac85423ee199a6bf2f805423c18a27542866f1781429209a4b22bfa4d3df9191ef9638bd261bc55208bd40250ecf74a1a61b0d359624bb47653a1ae096ae5877ba675647972fea17d2853880e23097cadbfde1fa6c729f94ffc48fe0cc54755d1c0ef36e2abdbc78d9f79cc5463f28cd54cf98f00a87f719c81a98c2f9c5cc0bd259ab5b817f923257db2c65a53b216c36d4185203c893f1bacff00266e6faf7a7f0c855dec207bfab2bcc7383f5c856a2d3ad2c388fd971696d12713714633b2e4ab44b4d3529695fe90e58ae5887e1c5fc7cc542572e057660d9d1c46b12f76227314c9b389cd7d98fbf00a8be519afe9868b26d56a4344d00064783ffb392bec5ca76404d6e38f96e15498fb0a98ea5512235b2c65257a53139e21c0b5694a8d60df8fd599e639c1edc119e54371b585a7f5cd634a35198321c4242053e8dc6a139ad9fd17fd98865887e1c03f0f046559c143815ed7506e3889dcc433148ee8ed939f58df63c02993ef4e7fd4149d61b2690809e80fcac95f61befd35050922c3271d6d022a12f4ece42f5bb877399c12cfc6f1b3585274c3eacdf29ce0f0f2223485432c3c8793fac6b19054ec76430d642a35d12bf4713e4076a9df89879f7f020d94d9ba781ef24637470acd931798cc5269bed9483666278b80523ec9e0c3fcdc4731f9792bed9499ad334fe22eb94a709ac259db8c32795a117e784f35666a69f7caf0444e98dd59de639c1e34eb8ea89350f7ebe22921685a5c197214c2b5bffa389fe24273762d4dfc44fc4e662854355d1c123cb0cfb78672f6e2c6166731429afae5892b4c28a2d1f80523ba3b678777e239ff00f6c1c95f671e4368973dc728a8934db7b8e2400329cae5fde127e4e0906ef4bfa23927a86a7798e70385b5ea55034b6d2ba6273b1cb4ea5d4fea1e75e91b0e6dd168d931450000fd09329b602d6e4d384aed94bfc6746a86dab537c11156707049f2c33ee1c125c224638bb4702c9a3cb214298fa658d2ad09a1667805269bfae4afae17e2e239ab94a192cfbdc5a96a51b9a8d1d4e1c31afe5e729577bfbc30ff003781cfbbdcde1d53537cc7381db8231f9f327dac7b831892925b712e27fd3136127102569b99b7a615b789549e6c461aa3433ede041b16cdd39caf2c73f20e073dd8a62aadc9c72926cca3ea28531e3cb1b3707845269bed9483a58c3c698bd173f293da9cf23948694b2c4102936423091fc7c9674a55dffbc2dc1fe43357d4d1fcccd6e59ce94df31c8f681f5e089e7e084ab2cd943694d98f8914536ea1c1fe8e44a6980e2df985a6d0ca7ff65527925a56e34e736e2720af8a6e62854355dbce67951f74f030756277dc9f94cf1ff428537f4a35889d7889efc0291dd3db2c49566194e96b88e6efe4a7b53be46602d6ada434d7f72aedc6829d10f296ab346a5bdb4de1cbd12bfbc9df1d239e219ad57923a52fcc723da07d382179381bf662140d1b286c9416f11799a62632ff00fa05109123102a2d46b1be5ffb3a58d48c15dd6c1e619e526783a5a5eb6f315115650c8d4df2ff006dfd72351dcd28883e2ca4f37a852691da8d5f7274a2b0db6bd6de629bfba7395f24ce339bdf909ed4e792942e12d84d62c7e048b2329c695521cdd79b36a694168c9ef1d47ff93c9e3a5b4fdc76e8c9f31c95f583e3e083c32bdb2b3bd5e8b2834dbf263d3389b6aa438958fdb952db8f4bde985084b628e5ff00b4ca22b6311a58d188b835a611f6e629b36527b652fcb4c73464f9d2d3cbb61e91a5190f7cea14dfd9394b5ed478be357310cd8662a3f370670fe695c6737fce3b539e4cf114eae09a7e5c41cd0d537f5c19dd71464ff8aa27fc9e530d9b1dd3dba323ca727393707c19af9260787827a6ec367537c20d29295d25a5364621259a631365ca4ad2afd75a8212f6205c536c007855ff00299491ed88f6fb13fdb8a1a73e299c02a2af53794bf2d45f1e5892b4c475379072ec2173c85471770658c39ecb694d34f5e6e62a279465357b71e137b4c719cdef364b1efce57370e72cfcb31cdc7abb2704594bf948f1541e7896537ef4d1ba3a2ff90e520fc113c19c8366620b31c0ea753705576ba17a536daab6548a44e94cd47c4db7292b4ac7e94a9adb034bd2d484a5b4f12bfe4f3c295b4fe342cf54d4dda617adae086ab28652bcb50fc7963aeeda6292bce4ab4b1193a59a150c7ba8d2d7bd2cd4956866535b2de62a1fdc6523e699c6781ef264bfb672b92ce7882f4a6929b948d6a697b4fa4dc53fe2ac37f3b2946ef546f1740d3df7ca5fe3b02cce72fc0d0b35c31fe397d3bd29085d064a6932e5b54d628834dc869ceb3efa190b9722496a3b6dd5fa0e72c4bbe6fdd3589fcf87b67536a1a8413a15c0d2acb4f6a91cdda85f5cb175eecc48d09ca61d46850a863e3ac4dfda8eda36d14e0dd938ab7aa1b4ad4d642a0f614eac34de1a827a07334ff2a192bed9e206c9391ed88dd4bd9729111e70bb1404285d1873dbd1a9df1ff7857e4d1a74dd6f925f887e2e81ece7d8e537c0d78b39c7d83b70cbf63dd40f0dda06b91a2ca0d0764470c62c1496a630e50e82941224621a8a235d5d29cdee62670f2145c7639162142e982ad51e19f869ff008e566285306e8a77c950b259d292daa42d856b6b267e49990a6059b3c82d7ea6565878d72de1a9883cd8c8543f1d4d3bae252129e23c1fdcbfa8c95f688e6e3596263f8e937451a8e35cbcc3656fc241893297cd3fde13e6a77920d7da6c33d1576577394ef123e99c8f74be2948dc62239adae08ebd69e2968a69c0ea32bd2f9b78711e9551da5508eea2bd4cc6e9bc5114dcb6574140e5715226b6d5292f485252940e9ca16c4bfb5a03882170d608507496dc64e9935311a998ee0719cc543572fe967dd50b2c4dcda850dbd30e0afdd4f2b4370d1a59c984ea7076c4e4504e84d386c8c253f0543f6af2151859b5a8368c39b2a3c478454bf1a7eb4afb4756cbf94b4ee4786ad5169c36461fe32a48a5486d35a1f95512222356249d294ab5a295f7c3794da946ccd31ce54536707417f534729df41db36bdd3f8daf865f0403cb8d07d3c9c9d752d24bb21f4e104ece40d292955188d1af4cb4d29339341994ba6986dba3d59fc9fc9c40710e25c82ef271175333288b883ec738232ace2cfc672859628a0ebcef26d2ad0f77134ea7072c85424d3ee861a6eeb5e52fc1151b71bfb48d33a8527bb63db289912109094f09a3c16ca5785af1511cdf69e6c447775bca01d26b115e9871f0e46cff008d6a9a84cb75da96f348a9124c94618e5daa7b93b0f9625534fc66a27d906ca476e373e868e537be67b41ed983719cf4fb5a5eb6f389ed93c729add4457775a2400cb466ba05861679feb62de241ba50ea56ba7109710e87213929b0f35197b8cd3ff14be049b1755fc7ca177a8e77b10946ccf7a80eea4c71b923214d00db4ebe66ca39c8f72b25f2c4f2605dc92f6c338733a1beac8f0b5e3ae596c235e4af8b11ac57dc36658ad136fe9e51af44e2a9105a0520269e1e9e754bf2b274e23537ec6a1761519576f8ddfa1a394af367255a598c9d2c64f9b3513f1f322e989ec7333ec9fd07018efa95ea9e424213586f27ff005b114ea8918de335edc4b271295a541509d69b095d4c4ea6185eb6b816bfe2650bbcf77662e188b4799f8c29774d444e96285464ea7646a96f4b88219cd5f9993dff002b945b26a3a0cc91d2b70286a4a4585aadc388a3532dac38dbfeec4f8b1046b8b0dcdd8b37ecefb6454ea350bea2a1aba0efd0d1ca4fe4e738f21c8652fc11b931c131252a6d7b88ca6f237b8e39aaf8e14611daa04110bf37f59c1a9bc395fc385f2cacdc40710da8c65d1e6209d2ae0d5ecca0d63cf5471a199bf8b4c237a464294e5910d80c34b405a2c587b26c7fe48b69345935245b15a14d6b94b4242123809e21d422e202b6d4dfbb15e222e30ef8de9d52fc6d9d4dcea350bb8a655a5c4f1bbe339c8fcbcd5f2cfce67819f1701170c9d87b29835478cad6cf12884a61345d72a41fe3e1cad5122ffc87eba8ad2ec76832cf048643e88ee29b74d856ea3d771c2e41e5fa89ddaa77e276187b7a5ba14eb9a2b0b8a5a4e53232643615eea1ca765239e2944979c88c88ed7ec4e4edab0e3b8f71bdf0e2937eb245d8c397ae1cefa9a8aab49a15197adb1c269df19cdffcdc89b0842fc137c0d78b864b3ba98ceeb1445d2cad51df0750e17af25f48094d3835230a364c257fe47f5a4be961b82d1e39c8d6f35775d931d2c8695adbe29327622404de41a9ff0088805d712348a79e0c8c3a1e93c1321a5fa4dc29cf6bc3257ba7ad775c36045959dff59690b4438fe9dae3c5c69a92753045c60aaf8a6fd0d2d5b73450a88ab2c713de339bff009b94b569663a74339cdf031e1e290d96d4dac389ad29135d42e02d0a0b4e56a92eed37059db6b377f8b3b0ff00f90eab925b6caa7d09e9a135934975b555aad92d41b4b69331de370dd6f27dae8dc630f378fc521cdd7b0a4ddfa9c6d130e6ac29c712d263a4bf240b714b8c1f4c92a4530ad4cff485eb721c24c7a97ed7bfd16248d7112ad787561c744e95cd9a5a35bd155a98a42b496d5a870bbe339c8fcbca7bb6741d43399e080eee35c56bd4764b4ad3531bf621c6a44455a2bce4c6d34b90f2eb5bb501b5c87b824b21f670c496a6f48576a2e1716c456db4e84d169b34b851d54bc2593470f90dd1335baf5a5352a4efad97d8080eb4686935a6ad56c966c934f27ff1f18ea661fb6470cc74a52b42db385c86d1495257531cdf740003af2591a94faf096f54ae39119b90961bda6e5150630f8623a6a70f85b56a6f8adfb6f0bb50557c3689db98ff00368d3ead99587aecaa15097cb85df19ce57e55136187301e6e27b78240bb28674454282d356ae428adb4d6fb75ad6683331749c3a42a9385269186c74d181188770865425c37e357b96633aa61bf58cd36e21c19cf8e5e4c191badf41e790c21265cba315c724458e98ed7194a4d2a332aa5408caa385c734708451c2dc14ac3e5a6b6a7334cc90b32cd9aa9434e1917930176c4781c5684300b8e52d96d7462a934d6fc52bc413a47c8a4d60a9f6751f1a99826f1f800ea2d7a55fa079889c9aa9492a6595ef45353d1754941140dc536ad2a41b8e077e868e52bf22a51f6476f659c59a2dbe3dc32526e9c1ec63bccfa27f70aca70e90e5230a6e91023a692cb69e81171270e69c0875f8aa6fd3c84cd8252597838339718a9512487d3c4b5a5b4448ca98fc870baa8b1d2c374b5a103d6b1426b14992caa82927a78a44dd4bee6e22dcf11e5091c90a3f303719ca56fba0694f03ac36e538d2982df3ac351a228e8df821fb57fa127f40d2fe90bf1abbd60eba7459c9a2ed466c3b123724d0a86e70b9f434729be4a869de9f4e361d6d8bb4e69ad35c854179b665295fe416cb49651d22b40adf6a814aa942e1e82a4a9a9aa6cce8899088efeb39cb8c54a89283e383b527f9afadc7251891d31db5ad2d82eb9229109341b6c51420d2e232aa387a6bd1b95e9a40adb962ad36bf9b56994c36f6be0c458f4f2db4dddc4e9ce4df74453aa3e52dddb6e337b68e2d2155061092a44692ca4487914996d9a4ad0ae93ce06d30f5a2555baf2be83b75e41b331869814e2c36961d5b73667275c1a9bc34ff0a7a3665649362cab527373e8aa394eece1d2d610ce88e4a534b96ca2a46b96a4c396aa185acd270b6aa5c48ecb186c6f4ec0e32a48a5cb6935ea1e72bd3bee5082dd7a2668c0b56fc88f4ccb69ea75a43a95477a2d485b724c796164e6fc50a3165ea5e73e48d51a3ef34db68650e4bf7262170a4048fd09ac7a8630f1754af927cc56963fe9871bc6a7161b4300bcbe2149ac153f164a690ba542455a4b3499a8a4ad2a1c2eac3688c9538bdaf97f424f8dbf1f5f14734c6746db2fba194b2dadc2f235b4db9bf145616ab17da0f351d66f42a2b9a540e6bfaaa8e537c7215ed6912de4a70cbd350986e80b702c6fcecdc5e847afa32de340cc5d7a57555e853488ed238bbd3d09a728a66314de249bbacc69426e12eb751a61450e7938b0da5df9551662d14168d2fcea8385a453f21b612943d2e9a690c8e02a4a6972d94536fb4e757116cc47e37c8ee25e3feb0df1538a329dec3885764e129d30c70ada42e9c836add90cd3525a7381d3bb2bb7e948f135e2eb1ec9fe64a9b275be86aefe4a56ccaa655b78854ff6c80750142a339ad391a77ee72949bb182b5b8ae2755a1b888d28e9a9494d19ad8af5e291359552569566e32dbb4ac3b49dd9b1e9e762490bdc88eb5341a7dcdd53682e29f520221612e286dc5868f532249621211c0e496514a9ea510263d430fbd7a0629587375b12daaf5525ba4e208a4cb61541e6eb5a68281e27da0f36ca761dc47c805ce1a9b094f1538db61a4f18a739350d3a63719a76234e514488d4cc86dcc927f96dab50a1fa0ef8d8f175b17941096438fb4c466e336cf3cdf6f71b8cbd4d48f6952be350d4231db728534bd0a41b8ca48b3a7258bb7838021f14bf7b805ba4b92d22b5c87a9b8a90425232530d2a950535b525badf909a4ce6a92fb4bc9c65b729fc2dbbc76d1262cdc356c048db858534db315d9ce3ca620dd439075e6daa54f456ecb76930dd5d221b28a00278d4842a951193460326bfc6b74cc6435c78c31c9f56ebd1dbb507f6d2c37b68e8269de6940b23a4f466dda25d894ab7a968d97fa2bfa463f17555d9101b0e761355a23322cd6729b31dd746b69977540a5214ed30e075ba1515dd06f94df31c935831f8f849b08bef738dc79b6e8c92baf4ce394db2db7d15242a9711955390d48111e71f63105b88a2e263c264c894a28496d68718a4e2911a4c77c3e896e16d9621a5349484feb3890b46c6d4c5506d017d14d245e47508b89115c656db8970366e9fd03da37d7279d0d25952948e99ac4a56e2c7219205d4e361c6a39d0593a1c7d564349d0970161d49d4050a8cf653c733926b0af6c9e19abb21a4686f81c5a5b0659556dc9769b8ada3a8b58425dc51a45499cfca4a4cb61953456a6a3852c580ae56791ea9d8afcb8ecbea9922938abcc18524ca47eb62b1f79a49d683d1149a8a2f3bad3192c391d6149fd163ed4f494a0b4c152fa925d2eaa52025dce28f756251c9a717a947e47c7791e3695e9959c57af5305dac934c2b44d1c29f9a670ad095d0007409b53b3d86e8e2cc527138e68e23180562cc0a5629ae96cbb22ae969b7de2eaaf511bd08ca53c5d5466830ddeaf521843c12cca8e0e29259a4e32e57f995d1c6d55fe697431390a1ebe6dc628f2698c51972926e3a86a7b3e9a4a8744527be1a2f3fac402169f46f8e63f419f2d32c21bea28801c9264148084c837979c74d914e1b265b6a6aa1736ea5aab4075a8cf6939a1ddc6b214b3a548374e7257b6d466f6dbea1a9188b6d1f52e49952186d2d5c546521d4ecb26836d8c8d4c76e6a2b3ad594f7c8a8b1d31d1c388b5bac41712b8fcaa4360b77a8cf6873555e94d204e0a930ea3622d3b43a92d812196ee28f40522b08177875dc6d2e25a262bffa0df27ba8b5250975c54aa48084d0f749c9b1a963b54a364c837a8ed169da61bdd6193fc766125f82c29695f08a705da82bd71c66bf9a674c9b5489e8451df9298834d4825b90af7a15ed28594ad0ad48ca439b6dd213ad48484a6a6484c76f0e774c9e307d24dc9e4e872a22f535588a7e269cd6d391da72b4c98b4c62d4d4965de9e32c6957d93c62935830f67e84e6379a84f6eb7d11c49fc8e91a7de4b29b3920f6147b47e79c51eea35295f235ee769efab4d688bd90da74b58aa13b0cbb7ab51cc522b0a55b37d7b6d444696fa04814ece61ba5ce7ddad875da6d086a9e559b89f8f213ad8c25fdc44d45b28af6daa89b25d70b8aa86dd934f3a965bba9e75c1a9387c9de470bef25844b71c935873fbd1ea622e8a8abd0e5286a4616bb2681a5a10e5182dd2bd532ec34ba94741690b4b8d98b25438c50ed847e30fd196d961d490a4f59be6ff4a5cbd34d344139be74b4c0b379329d28a51b096e5471eca8c8dd97fdadbd38a514fabc426c44c86d3a9b52851cd35195a2664bf9e4f465440ed61e84ed939e22ad30d8f0c9f02183024b88d4852749a88eea135cca2b5b8baec253bea9ecae5a719703cde7264a2385a9521ca8ce7a7955de9e4e872a2af5b54f7c188f04bbed32bdc6ba06b148dbec34ad6d9e215ff5c247f13abab5bb9a86a4c23b4e75546c98df5e82d69407a42e4536d86b8672acda390a685d794a5e942d46e8e49715a5387b5b6c52a3854992e6d3186b3b4c54a8e8909712b8ce1cc539c931d7b8d487769b8a8db6fa2f9d2cc2fc7cf183fc640f6293b923158fbf161ab7e2cc6b95763de802a2da3422a738a79cd0a6159c7966228e24e1a188bb4714b0b97559382e8c3a46f315391715117a1cac451ae34573763e646a4e0ee7c7d2c419f4cf9a3c228fd30dfc4ea3cbd29691a13c188234d02149e33c2e1dd29164f1c9969668053c47207866f37865153cf29ee6a75d1eead3bb22864e8de9b91a9412a69d0b8ab4a82d39279d612e7b5abc893d29dca2c4fc5cf17e645424ebc52ade8b1192d5a9f6f4387286d653a46d8871f61a9b1bd42126bb0dc2a3a7e4c95cc365c03748a1daa22f6265286a0e0d2ba6d7ad0bb6de10b3ab314c9d9c4fa52990fb2d8521678452fc703f13a669af91ce1713ad187a88ea3cad45b4e84d5b85c5a5b4aa538fd2194b678dc3aa58c9a4e9453ead0d35ee239c8bd8616df2a157b0c313a86727eabe61f8c59a8efa5ec8512b4ca6101b6ba5891b428ff8d9ce3af101df074de454e63d43187bbbeccc6791151dadc5d4b7f61b80c14e78a6da5c082baed49f366c763cc58b64bc9d3e99e79bc39fde62a723dd519e0d879e53958326e331533dab49b8e9630c5db49d693c029cf142fc5e9c85952d2348e29a3664748d461cf8a4cb4b741b53a7b0e835cd62984ea732c457a97d8314fa8536025ba153d766d946db79caa564c4442f1275b7e22b713b785b06dd3c69568891a519bfedc52b044da3d7f443897c6992c3d13e44a4252b506d115064be68d4d9c54a4376cdbf264afab3f4c948db5c490990d7e1e214a4ea0b4e95d3c6cdc246dc5e0989d51a0af5c5e92802253261c82380539e38bf8fd290eed37181d5c739bdc8d09cdc8fd15768df4e079f4321c71d934db494749e569698f1d47166e9f5edb4d9269e55908f6b694ee5618f5d0285213bd88704aeeac9cf64d3d92c2244e03a66b1955dc3c13e3ef36dbbad8c313a61d3a74b787a07a6f74190ea03a9526c5f3eaded2121e750ca5f79c92b002781bf264bfa33e3cfdccb8f1136161eeeec6a9a8e74e7b9c4f6e05734608af83a72990fb08bb6b398a73eb1fc1d127915fa87dafbf4237c52f8ce6dfb1ecdc92b7690c004f4e69f891c928175761539cdc729de6b779aaafb6eb6b0e256ad0de188b31c12becaca58bb32250762c467658ea4cf7e2a787108d6ac3dd4b916a61b45889b47710971016e425cd783e86e3fa64cb9488e17a9f5f0b7e5c9dfab3e3e06966338c3c96a551e60c35ddb6ed89f08ef84fb6575315885e083ad27214ef66bc7d19cf6a291a131fbf427fc723a4e79ad56ab576e1b74251bbc2a2a7292eecb4d8b0a0af7b23952fb616eedb93fe8d274b7c12bec7290ad0ce0f10a0755075cf3c5ee80eb2e25d46207e16c59144021284a2b169c1216d2d04f0a9ca6cfc95ca9e50d2d2c04f0b8de93873dbb1854c94184e1d1949e214cfc78b750d622c18cff007c85382e88bf8fd09efec33191a535187b7a188a35c58abd71fa16a779715ba7f6936a693a5ba79cdf7e97f56c6bcd5dc035157eaa5f0caee728e854e9405baaf2b437079b7c4a01698ee2a0bb35616fe7894dd14db21055ce9d8f5d8d1e54545ca4a75d3a9b846168d3fe358aff001ec588d0e594d524ea4e7dea23be9a4c9941b1160fbf8e6dd05a56b6c751d6c38da9263bc450a73eac72678dd586db4153ee5e85343e3e8382e8c34d8740114f736d3cd3d651b258ed1d3a95539ed200091524fb5a4e8465fdb5583a3d9c327b2aa5ac95476830d75719736e1c64e98fc6a0169217124b2f25e454f985052808a268e4b42574fb5b29d25743e4351d1ae5daad9620dda583b656929283ac66f7b8e1f0c309e82d3b8de14b29eb4f8c24348e629cecdfd38e5386548a14d8babfae8a7e3c4b8ed4514e7d51f5eb4a3661b164c74d90e2f6d09f71cadcf315ff00f3888db8fc2f8f63874230a66e3ad881f51881e8ff004a8dcdc9135b431276a84b655408555b290f2590db25c2afe5bc63b75e9942b0b6545db55a88ac5d360e275252f0b2940283a57496e4aa84294aa8108471d2968350dfdf63a672c4e3da873a7293f5e2c42452521b450a8c3dfd1358a7b1ee8bbf469376edd697ccb49d4afea539bcef12bb26a3a3725712c5d32c1764213a53d594f869b81ef574ef4a00d3919972978626bd14a6e9e5cc68425b54ead52968406d22bb27064da1d81a534834a8c8b632fb5a63c276406f0f610032d0a43686fac296a54392d3e95a7ab31bf4ef383923ebc332488edb08209c9351d364f4b1346b8b115aa350e019a85c253a455850edd35fba4454f29cfe9081a4711a6bbe0e9d4e0e2757a1bc39beb3aedab115fa875b4edb7fa322234fd7a67a1966421d229ff0c546dc7a71696d2f48767adb8ad369fd25242d2c2cc4750e94d21615d490d07da292d9679b4381e703481792f1390a693a943974dd1a9bc34fc3c29e3679b7d252b4a62235aa4bc186d3df8ffb6dbb47c39bda8c384d62279213a51d471de5364684c18db03f525414b951dd2a36d723b52d6108714a9ab00207ea486b7db84f9241b143f49503d3c458dc6e1ab547cc9b092e7ac77b0c85464f2ea45f6ca3c238e3f6e94a7770c5b36d2965f70f1a8d30dd494d9b02c3893f2cfe9ad4121d7b93b314e2a345da3d4b1ab1ae7d09ed6a6f0956fcba98f195205929e2b55aac7ad39bb530e879ba4a88a6debf4da56c4bcf107b756901b4e429b4ea524587509d18a1e01c37f7649e4ff45f74ad684053b21cdc551e3422ea8e9d4ea3e5c4f89c5696f0f1f1f44d3af54990965203d354d348693d39335b668c994fd6d3f463b94b6e424312e59aff0020f229a9ccae90b42f80731840da9789bdb31e3b7b4df03b2d96e958957a89ae53feb1098e975e6e4992c5479b25298d29b7c75198eb665e6cb943a388a7d8c39bad56212b6830ded8c850a61bd23ab33962278867ff00f5c97c9ee848779a4694a5c56a4809199cd0952ca62843750c694615cf8e7aad1d81a59e81360e2ca8cb7f650c4653ebfeba22a4484334db326654ec3d2dc861468e4e29525d6901b4a5bf5725f851bd3b518aca64c98e599acbb439d01507df3f10bb93cd5a9c75b6e9525c72a5c695b688ad002c9abe455e9258d2b4106238fc60ba8938850e63aa28523ebd050d4980ada7a64911db610ad47302a322eaeb629c9fcc66331f7c9efb71c87745205839f46d1a4708f71660a954db696c4d5dd494ea324866261e8d1178a67b9fe8c8551ea38e21a4a1d7a598b01b6b291eec4f138bcc1d699ab284476432d3aa20418be99ac657a21348d0d53b15b729119f416fd4baf47612c22732bdd54aa11e5bf4ce1cd2282426b1146b88df3673750954975a30a42901686b54671c612e8683ec2da968555aadd440ba876e8e2c0b74d6b7dc27314d235102c3ad8c7d3a0291f7c94d9539c4fb9b6129b1e24214b2dc0269b65b6f2715a104dcb1a5ba7b764b89161c43df88740d2cfb8f49c7da6e9c9faa94d952305168395af89917a7dbf4b266a3e459084e191c95d626bde94acd35870d53b2d090735a7525a16a390a943e26d0899056d2e239219dc6d0953b50e2a6336fc465ea309e668bcea284b6ebd4b15ea18af54cd7ac6a9042d3c31874dc4ee371176390a48b9691a13d7c647f1d1cdbe8367ddd075c0da4025599a482aa6e1b8aa6e0b629202467355ccd929891d52e9402b10e259d2981cd3d17792f8a74af4e9f5d28d6fcc551f50ba0c22920269c3f1e162d0b26f9e2552980fb5c93519af56f0e41474a5a3ad6ac8526b061d07c689aac8511a93832af15d692ea13868a6db4b69e05c76974a811d54bc2a3e9c2a2b5b2a65b5090d2e02da712f27314d26c9e9e28dfa797df248bd30d681fa18a8fe2c5e71b31c2df7e375c0da47b8deb99ada7154884e1a4416c5250948e151d2951d4a435eaa4a121298a3549e29ead31e3a7433d1903de785d586db6aeeb97e014ef8b0fe50f28e6f8865221b4f965a4b48b5626e6d43646964e429674b785a3443e3c506990acd3585ab44be8afe9867e3d292149951d701e49d49a14ca752ba93d9df8b057ad9b5466adfa5888fe1c15de3741be3757a0458fcf955ba73174eab4378733b319674a208b31c533df23a5205d1c339cdf7bb0e014ff008617e2e4a884385a9745136b44ead99868c5926a721d4c85662a59f89854d437bb32b7e557a97ebd53b5eb17466aa8cf22b12965d49ed90a2eecc84e20c2a84a66bd4355bcdd6ea2b5a6ae339274b385738b94946e47c39576285328d28eac847a69cc35fa7379c5823f8adafa0de76cd6a090d82568782ba8a5694df52a223d4cca986cc342cd71307766f4942e169d2ace73db31984686f84548f0c4fc6e83aadcc44e62adb937fb19deaf9e24d0722346ece42a578a2e8547d968d7a766bd3335e959af48d57a36ebd1a6bd10a561f70886f3436265699a9a52e7d40d48954c2752bad39ade8f01cdc8ff00a523c187fe2914d2efc6df0b9ed08614fd293a7261cd43a529cd45e5686f0e6362354de7c6fab43587a34b1d3929a39ca5efcce21523c31bf1f8e42f6d887f4398ac3fdf8a741d176a2f88e6b1a9bc11cd50c757134e89a05e9b4e94f5d3fc59dfa4f78b0efc5aec5b5ea1c069bedc0da0bee5a9c40505722dab4afa2eaf6d23dca888f532f252028f1622af6a068474d42e1c4e951a59d298bdb8854a3f146fc7e3c71dd11503434734d6063548e87f6dfb641cc560e7448eae303f8d0fdcdfe84f6b5b311ddd67f45cfa6187f8d903a5483714723d9bed9a8eb28484232928e46a3aee9e84a7352dd5686b0e636238e8f9b11eabe8d40d620bd11591a59e3987e36717692d0c619343158e6bfc947a38a3028e2ccd1c61ba38c8a932dc99255df3bd861938c548c66bfcc26bfcc375fe5daaff002ccd7f946286271ebfc8c6aff231a94ea178966299736b1219deaf57abd5eafc38b7e0e0ee6b89fa317f8f307e8abeb87f28c0f2a34d2f49be6aec8ed7abd3a4da2796e69c5af74134b2745cda313aee6ae6ae6ae6ae6ae6ae6893a493a9f2750edd1c3c9dfeb3c4ebc609f4dff5e2b9a1cd200ab0a284d6845694d5857f55ff00b024dee737bc507f1c76cac2b48a284d14268a534a48a8df94782793a9b79da69c5d9a51b5cd5cd5cd5cd5cd5cd5cd5cd5cd5cd62ff8580f8ee7af7394ff00c807f455db0ffc24137b9ab9ba89d409ab9c8f6413635735ffc4002a11000201040202020203000301010000000001020310113120211230404104221332514250606114ffda0008010301013f01f878ff00a47c17a9affc0aff00c335c53b67e32ffae685edc18f4bbaff00b642f86be12ed7ce7c97c35f0e9f64ba7c31e8c18f80f92e78f62f870d95577c204e18e68825344e9e3e04b8ae79f5af888a9fd6ca39575fbc49471ce12c0bb454a78efdf2e31e793c8f2f9dff000b512a430ed4595619ef8a1ab52918c95218f7be11e4e437ff00411d62d4b6548655a0f0cda2a430f8c95a2f0c8bc928e49c71ecc5a5c23c5bf8ff005eb4f1686ed52187684fa2a7ec7898ba59898114a5f56a90c8d7ad5a5742b2b3b3f8d2f6c3664a9dda07822a2c3337a7fe1358b42581776a91c3f5c36490ef1e32767f162545ed8ec486892c3114e592ac7ae11782a7fb64537956a91ca1faa3b2a21de1c9fa98bd74d76565ed86ef550883c0fb44962e87dab2293eecc9ac3f5227dc4633047ab2b4acfd6bd7457656f6d3dd96caaba3464a52c9557774cffe5911ddeb2fbf5ffc064ae85695a5f03c7eec970a056d183c7838f3a7b11ff224ba242653961957beef9131898856a8b287e880d608ff00518ee85676663df18fe86082ca1de893793267828f94492c72a5bb67f6b545dda2c5fb46ced1778b21ab4b44aef8a24b288ff52434788970fab3f521f0445744d61949744d61de98e3843e08868ab0fb1f1a566ff6b56bd297d0f9220fa10c9eec8972a5fb227fa0fd0fd18bae31d88ad12968ad1fbbd12a687657a7ab548e38d1b4bfb1f456437686c90d993267a322914fb148c95376a6896f9525e31c937e4cf13f8d9fc4cfe3678be2d71c5f0605c61b11557453d15af47655d0ec876a7ab4e391ac70a5ab4b667a2b3b644fb25d9e0781e04962d8287f51a422aeed15843e1f5683fd08c523a47923ccca3a63a6992a5fe0d62ef860c5f035c61b11323d22ade96caba242b48452d5eac3ef8434324c8768adb1bbc4cde4b37a0fa1f6f068a9b20b2ca9d2c718ead4a781e1951f649b3c9919b3f918aa8aae4c2913862cfd2f8c362247ff000a887686ca9a242b3114b5792c938e1da284547d126527fa951e5db364f079119de6ad4fa891efbb4f6538e0aaf8c7fa9f63d9164d763b2e109342967a270c0c7eda7bb32995495a24ff00a92b219829cb02791daac7eed495ab4bead19622363e50769888ff00521ab461e4f269137df04457ea45764b769ffa318b8a9e0ce494704bdb1d8acba654d12be7311d95b27914aa1b23fe0d649470ca71c224f089cbcad9eb1662ecf124b17a769323b302273fa22b05496171425fa915f66d8d1b8d9a31c594e7f4c92c925ed8ec569f5d8fb893b222fa2464f23c8cd93c14ea0f769c33d8ba2b4beb944438e471c09108e0689229acb122a54f120fca56ab2cf18ec44fa44764f6475e876a52f2e8a901af6221ab4d7441e560a8ada1489091e07f19fc678e2c9e0854c907d5a72f159252cbcf38311e193c04864d9423f64ea78927928afb272c2e51d8b4557d14f655d91e6ef4e5e2c6f31198e6f8d297567d8bf5655bc46644cf342791f66ac8a4f286f055a99ebd117823313b649ccd8a7e2872cda92c22a4b3ce1da2b3296ca9b17a1de32fd7dd49deaaef24a595e88c844d59141956a7d2f526299fc839f18acb252c2c7a28b2aeca4ba2aefd0f8465d09fb62f041e55aa76670f062f81446b1786895d4f067e143fd1bf45164fb643a454dfa1f2cfa1f1a5219e2568f7915e278925786897c65e9a6f047b91a2a6fd0fd79b45935c62f0425956a90f2463c47683bca028118e097fd0515f7696fd12f7673751f21da12c09e6d5a1c22c460c5aa3f8abd74d6112e90cf1eb9cbe0c5e070f2ec94716a731324b289c7c6e98a6299e64a6379f8f258f4448e8a9ab52ff000a90c7163e2bdb4a638a64e97f8630539daa43c90d63864cdb1f1a9ac93dfa111d15756a7b251f24495b177eb423c30b3c53c14de6d28263a58d117e3b3cd15619ed5f063e3ab525d13dfa23b168ad686c4568fdda24a3f767e8c18bc2182abfae54a7c1ac93ca67f231bf9485d9158454dfa111d15776447449650fab53fdba274f031abab66c876847ecd224f3c93c14e59e15e3f7f361b2255dfa23b23a2a6ef4f56aabbb465e2467e44a9e74388d18e0ad223112c1527f5e88cbc484f379c7286b1f295a0474555dfa23b115377a5ab555f77ce08d63ca3225143e0af044a5ea84b04659b32b430f3f295a3b168ade886c45657a3ab4d743bb3279714cc88848a8f2fd749d9ecab1ca1fc95686ed5575e8a7b115b56451d59935dda5e94314b8a5ce96eccd956387f255a96ed259435ce92eed5343b51bd5dda5e9d1bbe2f8c479d2d8895aac3c86b1edc1e263d2ad4f77a8b0ec892e146d25d0ed4757adbe2b9ab4165953a7644ffaf386c44ad82ad3fb318f646d25e9568ec56acbeeeffaf0a2acc96ed4b57ad67ea56a48a9bb53ed95b9c362242bce92912835eb523c872f4c639318224756a8b2876ff80ef4d75664f76a7abd6b3e0acd59d95a0b089eed497655df3a7b112bc6d344a8ff00838b5f0e312922aac10d90b326bbb43b88ed1d913ec64b6223abd6b3e0acf8c764e5e28ce6d47655dda4b0b8d2d889d990b4f42d0e2992a1fe0e9b463dc90a36a4558e50b63bd656a7a25bb535dd96c7a1905d9abd7b3e0843e0886cad2fa231ead4b654d91d95575c696ecf76642cc85f04a9264a80e0d18f5462258bd218d619b8907956a8b2ad4f44f76a2beed027a194a3f6547823ab56d8f92e2880e9f9314308652d953652d9575c696ecffb5a447575d3e4f03a698e812a6e3c94451170fe5f02157c8aabed14de511e9e2cc6bb29e8a9fdad49f4485a2abe84b24560a8fb29ead5363e6ed358b223b14913abfe09e4a5b27b288fb1f0a5bb3dda62bcbfd13b46ed116364e69f434789e0780a3cea8a4d14ea79ac321d3c1215aa2ec82e8abb245091b76aafb294463288c9bec7cb37ce6cb8229eca9b291127c28eecb7696ecdf767d91768ef84baecad57e883efd952d197894e7e44b441f56a91c88abb2641e087fa49e072ec8327a1b291278449fa73c1f086ca852d112aae14842dd976ecf777d3c9b1f52e1567e2893c90dfb27a1da32f129d552453970abb194e39174559f583252a98e89bcc4c941f456a9f5f0a3b2a68a441f6548e50ef4842d8c8da5bbec5d1535929d5fa3279a2b54cbb477cf264c99b4e5c2351a65197ed7c9565dda8c3eca93c12966f1a9d62d19f8a1f7f0a3b25dc4a43e99b271c3bd1dd96cab2c2294fc95ab3c76465e479607510eaa1d633de495462721ab465813cf1721caf93cad83035823b22fb16adf9157f8e393ffd9df653fc88b7d91af1c744a59f931d98e887522441f4558e7b1ab51ddbecfc89fd146a78bc1e68ab24d119f89e4d99e6e368cc52cde4f9e6efb22b0cce0a4f31252f147e77e4f9bc2bd2aae24279467e4476646b1d9320f06ca91c5a96ed39789379664f36797adab2a9e2427e437ecc7d951e11f8b2cd33f3bf27c5610de5de3b21abe7e347a2912593e8847245fd15219435829eedf91f067022b1eefc878443f23f8e89526e6f2f853fec2e3933f129ead9ec898fb13c9561f688ec4575d7b716c9fc8872170c7abf261e489378c71a2bf6e79f86a24744dd974c975114b0b26c9c3ed08a8b287e9d1e593ccf23c89488a303b26291e47f20a42ef9b593f229f8b1f0fc65fb7a57bd0a379b22456595a58581cff52954ff0044f36915161f3c1e257fd607e2cbc90fa2321b3623cb1c17432488329b30388d638d5879a251c3ba3f1577e95ee5112b477666708a7d2c9565977a7571b232f2b7e447ef9c6df98f103f1161649a3437922acc88ecd91ec684458ad3e5f954bed0ec8fc55ea5eb42898bd325672f278272f188de7853abe246a7915965738dbf39f58282c40d9389188959a22fb1ec8b176450d12148a7ab3e528f92c1569f83b23f13d4bd490971a64d937828af2964ad3f2631f05268736d7242b7e552f2ec8ac2b35912199c0de48eed1b4256688ef047577cabd2f344a38eadf8beb5c55d46f93264c8ba4327220fc50e5f6673c63cd0acd64947839de111a22ba1ab42434429f62bcb9fe4d1fb56fc4f5ae39337cf15b24c9ccc8dfd0c8f05e88f06b24a38304e7fe59311e56431c4c108e44b1c25ce51f22ad2f167e2f16f92f46794764a449e6ef8a5cf04571c1e03a087f8e7f1f8927f453b242a67f1a3f8d0971638f3ab4fc91f8f1f1e0fd0aef82e49e1139e78bbaf425eaf1c9568fda29ac0a39231f5b88d72f1e0fd0aefd3291297d7064782e4a263964955f1157154464cda488c6cde0fe447f2a15542967d0e3c9fae377e894b9484b1e98a31c7381c8f22a2c89105f6396111acd6c55533cbb3ccf32a3ca1b20fb251c7688cf0467933c9f3c98f4c2cfd0e581f7c58b8ae31bb781fe4c512fcc44ff29cf44757711745576a7be0ec85da3c6ca583ccf314c4ed27cdfaa3c7062d825ce4f8ae51bfe556f1581b6ed1d91d71a9bb52e33dda9eb9c5da4f9bf543d0e44a42e2c5c572569cb0b2569f9caf1d91d707a1f76a7ae35376a4f9a1bf850b6393765c64cd715ce2cfca9621c21fd85abe49beae9f46785556a7bf467d2fd30e6eff007c5efdb13f33fa70a7b21abb27fd78abd6b437e87e843f4c2cb8ff00ffc4002c110001030304020301000202030100000001000211031012042021313032224041135051334205142343ffda0008010201013f01f313fe4826fd627fc984debea93fe55bd7d427fc70f037ad87fc0cff008409bf4cf8e146e7f0e43eb4ef1b821f48fd3afd4aa2e91b0ba3c0e30854054f9dbb821b4f94f823c7547c5698fe6ca8242a557f14ee3caa92c3c2a75a5033e71b47686e8b8faf1b5dd2a7c548b3dd895336abff00cdf2a9bf21bea3324f18954ab7e140f99bb5bdef9f19fab8ff00f4b6a47c6550a936d4b551a90819d8530cdb52cfd52a8d5fc3e61b59ded28ff81a9dcdabfaaa4fc4a0e912aa896ae950a93c6c29861f167372109edc4a0e8549f97806c9e6c3ad9487ef887d29e7c644daafada83e445aa5132a9b0b564a6f53e35134c8416aa9ff00dad4df8a6bb21e3a9c72bb4363058d8fd7299c9dd3bea74b192a90c0f2bb553ae11aae545d976a2d2ab8fd549c0841546e4d4e1062d42a7e78eaf2d544cb536ed125746e7c93e471e151323c33b1dd273e3a41c6553748416a69e2642a0e8285dedc9aa870610b6a5b8bad4dd8940f1e27721503f885e8892bf6e7ec5530d5a63ba77d5e1a8db4cefc4d55e9e6d43e2553748d8e6e3510416b1bc4d82a2e91e2299f17a17a7f1099ced3f5b507e2b4a7cb5bd6cf6fc642a260a6285a9a78995a777e585ab36794105a86cb6fa7721e02ee6cee2a26d835054ee6c768f19a9062c5d06366a9698f2a6166a4da50a9f28dc556f5453ffe309bc1544ca85a8a793551f8ba2cd509e384d0827896a7776a660a1e0a9d2a6fc955f74c4d1765cd8f9e5547fcd34c8555d0f081bea950663dac64a8b94f743d31f90dda8f5b3bfe316d31e2c42a8dc1e9a9962a39b395510eb054cf171c9da50383e156f654fa4d742fe8bfa215a17f709b5415363e7261543f2541d2d55ddf2549d22f5c809afc9db4aabeca8d48e134cedd49e2c1b34ada437d5378954f90982ffb7acc25e888b51f5b1e3954b9e77374bfd1d2ab69db0871bdb52136a4ee1e2a9d272d339573f25a57488b4ad52d30f92366a28aabec82a2f9e36ea4da98ff00e68f0b49da16a8dc9aa904d0a142c79508b557ff00413a915810b4fd5aa9e152e06c26d484365567c946a05fd82ffd808570bfa841c0ec63f6c5a146fabea8aa461cab7b2d20b15a8e9697bb14d4422aafb5a9bb1298ec86cd41e57eaa6df827325cb4c20d8094471098dc566b359a699b4ad67ba6b9df8aa3bf169fab55764e84de05ca71e6d4f962d4e61ca1cbf995fc9cb02a1c10790995d35e0d8269db0b850b14e1b6afaa2a8f48992b4a21a9d6afeab49da09c9a827855bbbd07fe21672aa7e4a989726855496b8ad20e25345dca2ed74216d589298316ca26795a7f5551d8854fe4fd85553f2082a157f13d8c776aa35a0f09802c026d16b93b48c29fa01f89fa22de94398a9d59e1029a50f03b6d5f5b513cc20de64ad33b2bd4121697b41385822256a843aed30a8bf2b3cc045699b2500b543e4a8b716a17225629cc51661b56f9388554c0c6d447c557a92569dbfbb6afb85f8a927b8c2a6ec826da9de02ada70e0aa51c4aa753f0a0987c0eeb6d5f5b30c395731c05a4282704ee950e1e859c20a16d452cc4a223854db9277061699d0a656a1dc2ed6919c4daab32a8808086d29f66228fb9554cb90ed39dfcdb0bd8aa2d86ec2aabbe69ee86aa7d599c3a1029aa9f5b6bd3c939b0a9bbf0aa7e028eca9d23678c992b4a61c9a8844268c6a216704db10b5347f421f174aaa3fec870a93e42aee9298dc8c2a6dc45b1e66c1159269bd4413538f081eca3caa34bfec554749549b914de36b8fc93dd3c26faa69e13b87da994ceb6147b55e94890a55274f85ddec7749ddda87c9a4267c5f0a9f22cf088e5050b158a845112abe9e3909bcb60ae953a98a264cad25393921b027229ae84d72253dd2814d55dd8b1171e951a1972aa00c6422a833f76b8f089e537e453b86aa5c855473282a7da6f5b0d8895a8a781c951a9ca1d782a6c29e20db4ce8742accc5d2a89916894e6c26f48959afe8b3594d9c324fa389909e20da9b3330a9b3011bde1159c22f59209816b1dc42a5432e4a6b311016add021536e453440daee911caa3ecaafaaa1d2abd2087698646c75ebb336aa622a426f5e0a836d76c1b30e2e551bfd18b4e7884395d270942ce0b028884d308736216a9b0e4072b4d47113e02253989c14284c659d4b37728363ab6a5d93a151a71b8aac21cb4cde56a0f0b4fea9c250b69dfc6c7ec7d38aa875e07728f0765764846da6764d854d98b974bbdce6a2986c56b04f4b4fa7fd2871c788b17f2429c6d718129adcdd2808dfa91cad38812b50ee6169fad945d050b14fd8f67c81414f82a0d8e1221546c1b69be3da8912364a940ca1678e536eea79140479676d6e4426b711e0d4890a970de55532569fd764c154dd22dfaaa79aa75b750ce253601e517872a0f9108a16770b24c37a89bf59dcf86a096a77c58bb547d76d07fe5bf554dd1e0a9d6d709551989b69aae250764859e2ed7acd39d29887d4778f52efcb52f5dad30a9bb208769fba50df56ee760819e6d569e413845b4d5a78b0442735152b241531f55e7c52ab3a5c9bc94de0273f1720676507c708769fe5253cd827b7209b50b0c14d7075ab53fd44263f12a8d4cc2162253988b160994d3447d5722553765e07749ddaa5ec874b503f5507ec1c2a2f94fde36b9f0b29dba8a7c64135e5aa9d79ed482ab52fd16a157029aecb642c574a7ea14555740547af01553d950f6b5612d4d74263b216262cc7628ba46e9daf7a73bfda1532740da7fd2accc4a94caa5a9ba807b4ea61dc846910a8542d305032a6d3f5de6da877e2a3ebe029fecb4c39b3c7c51ed507c716709099520c140ca6bd0d8546c7ba1172ab532e95067eeed4539e7635c42a50f6afe40a688fb4f453cc9543af04278f92d30b14fe0a698298e916aec832152adf8535c9b51033b429845d09ce4f74f0b89809a206e73642ab4f1d9a4a9f9f71c9fd2705a7ebc053b92b4fd5eb0f95b4eefcb1667c2aba7753e532a96f6995014d7a0fd813939c9ce4e74f0151a44727c0e664aa33137a4ec4a6ba44fda28aa9d2a8795a73c781dd23dad39e2fa8eed41d06c3829cc0f6aa9a4ff48d07b7a4ccc769b29b2a2c13ba453817180a9e9c379289f0d466413db89b01c4ad2d4911f69dd59dd2776b4e79dc2cf30113cad31b15aaeecd30534f16a4ef8c5b158058c6d71e1112a9b31551de3d437f6cdf4542a62e43ecbbab54e91544fc90df57d2d40f285b55dde8fada96c8dae40427708f3b32e637d7f5b304b50e169ea643ec94555f5b34c14c322e0cecae7e36a67942daaeefa73c5a9777953bde6c0cde65fbebfada9746d42ae0534cf3f61d6abeb60a83b8b154cf31b35478b37b4ceadaaeefa6b53eed3b66e538aa8e80a97ad9c602a3cba77d5f54550e8afdb50d44705074fd728a70909dc1b69ddf97061fb35264d82a7eb6d4f77d3776a7def8b42a86da877e2a5eb6aa7e2b4fbea7ada87451eedd2a5a8c553aa1ca7eabde1bdacb2e938c055041b5330534c8b3bdd0b1558cbac152ead5fdafa6eeccf00b3fbb553255310db6a0f0b4fd5b2fcdb57d6d47a37ac39b513fe933551c3932a0729fa52b58569cc8553d5551c4de8ba45aafba6756770138c9407c25054ba47a553937d3f76a7b8f0a6c53bb4fe02a2cfe8e4e6c0b6a7a5a7f547854dd2edb5bd51547d4a36ad6a07984fe1c9b50b7a4cd51fd4daed72067cf36d62d3ba0c22872d21756d3bbf2d5bd952eada830d5daa9c3020a9faa7986a6fc8582d32099be2e7b557d56919025384db53d2a3ea9e78540fcb6d7f5b33861366f6ab9e6d4dd0e55873370e213350e099abff69b581594a9f093b3589a60ca6bb209bf17c2aad836a4e828155bd950eadaa77e268e61563cc267250e96a1ff008b4cc9e4a78836d304d43af00b14f1298c86a84fe0ad474a9faaac61aa908e50d9a8f5b37fe236a5ecaafb582a9f26076e64fe215dcd4cd5ff00b54eb07ee3b9fa7feaaae98b169ddf855718ba555f90cac0aa6642abecb4fd20b5021ea88e6538c9541b2513013ce45506c356a043ada71c2a6379517776983952a5540abfaaa7eab5078847e309bb351d5bff00ced43b4e326f48e4d2d4e082aadc6ec7625556ff00d8200930a851733952a54a953be927303842ad40d33216a1b23254fe4c846d41dc2a864ad3262d5d2e325e8cb69dbfaabd4fc4de4a6f016b07282a2de134478ea2a7694ee5561f1543d56a3b55788544c8d9a8eacef416a7f16cd8365b3663b132ab37f6d57900eca4ec86256974dcc94f103c94cf367b038415a8a458152762e55441b52742264ad326a7530ea6ab9e61344aa74e1aaa083caa3ed6d67698d92a93206e9b4acaef099b2b8e150ea157f655ff00169ddf885f51d59de82cff008b22cdff008eec39b714e11c21f2a7b34d48bdc98d809dd7919da6daa530f1caafa62c770b50d3883b34826d5aa614d13915a6a5264a885a8a33c854862f512b58395a6a13c951ba2f8ec1c6cac38541dcc2d476ab8f882a93a0a699bea7ab54f409a24aae64c59bff001dc3b1329edcc641698f30556a1fa16250a4e5a5a38366cff046c633f763d81cb554e59c5c72b494b0649b6b2ae5f10b4f40bcca6371e2c794fa1cc84154a59b9304703e955f54c30f5a9ff6837362e8aa0f9117d47567fa05a664ba56a59899b69864d84fa7818429942838a669ddd26e948e5612213683072b1620e8b39b28b63c61d0b359a0e9b5412d4f106da3a1fd5ebff53e30155d2bbf10d238bfe485314dbc6f161b66c54f82afaa9f94aabcb2568cc885a9a78395176250336d47563cb02d3321aabd2cc2fe4569d85a53a887768530146f6becf64a223ca0c29e144f0b50dc5f098c2f3017fe3f4bfcdb26d0aa530554ff004a3e84782b9f8aa540bcaa94a190b48ec5d0b554b2121745507f16d4756a4dcdb098c80b15fcc2c63c6d7ac814e64a2d8f282a9892b5cc8a8bff001ba39f914045dc9fed78f34f81cdc93198a224422dfe7510f905aaa583a5537e298ec82afcb6da3ff485cf92535c9c7cda76c94fd27f5af2552a618206ca861a8f7b62e50de573e116d453912a8196aad4f36a7b3030a93e384fe5b6d218721e6858a6b539ab1f2e99f8984d03bdb58fc77c7d3942c44a637136d450c8484e1894ca9c423daa2e8726f5e11cac4ac160831445ba43950b1458b0582c13b8df30b4f5731b7527e3e19bcde6c4acb7ca6ed72ec2afa7cb908b48b34aa2e96f8255012e5a8189ddda6ddc9b7a82e36d27e0535d2366a7af10b42168b112b0da4a9b336bac1aabe9c3b909ec2d41691f3c787483e6b54794d3b1c50b64b241757211b0dda6abf850b15aafad96c6ee6d82afa60f0aa502c2b4e4b5cbbf068c732ab197aeae4dc8e10e93ac4a6ddfdf81aec4caa2fcc58ad5790942c0d9ca6f3b45ca22cd1616a94c14da21a6779b69aa62538c99b34acad36758da10eec51f0d0ab814d74f28ad577ba3c317c51dc10b9508b50b04154de6f309aed91372504e281b109a53ddb06fd356ff00a9b6abe94ef6da2c2c6e14a3cef3b0206c1b628a840270438b974226760ded7626551a99b56abbda0276f16162a0ef66e3b1c7c0774a1517f459ca684e59273917acd64a7703be954c0aaeecb9d8d163b86f3b9aa3edb1e89944a27e9657026c77cdf2b12b2dcd6a036b90b9f2c20c95fcd60a2c1046c020d582c547982ed011671df137c6c7958ed6b546c94113b0ed3b8041aa1311e515128d358285083534201382065628b7c03684d1627e90080dc78f11b8e5374ee29ba425334c1bda239bcd9a2cedfd58a858ac563e26a27c26f3671591b81bc23b0f874d47232800142727768ec6d9fb5bd59dbdc3c2c729f3c58203704769f034495459836efe91ef7bb6b2cfde7eccd8794ef2b4c25fb2a748f76858a039bc2c545d96775bcf89be12822a2ce0a2e3c87795a5f7d953a4e42c17edda8a37a76721b8f89be208edffc4003e10000102020804050304010304020301000100020311101220213031415122326171041340428123526233507291a1144382536063b1a2c1347392e1ffda0008010100063f02b7a53a53ff00f8b4c3d168ab3880d0a66e803fca9345dfbf9055489c87238fe7c1e619afc867eab4a2ff00d92b3cc82da0852190ff00b04b4af262e5a1c711e08bbdc10737d21fdaafc954877426ea831990ff00b0e5a85e5bee7b71a475533fa2f53197a33fb50f0f07e4a0d6ff00d8be6c3e70ab6316391f0f17e0fef821b3f51ebf3399ff00b1fcd6f21cc2bb1a63f506455477ea36ef427f692f3f0bfd446e7397fd905a7228c17ebcb8ff00ea60e99a0f1afa077ed1339055ff00d9665fb406baf63ff629b79db92fc8678d239293bf49de80fed1fe9a16679906374fd8c86991cd5fccdb8d8bb99b7857e633fd88456f21b9ca632c30e65e3508386b416eba27427f3b71ddfb3cfdc725e63ff51f9fecb5fd8fb32f6c4fd88b4ea9d05f9b72c430cf23b2a5be261e8789566e31fd9cc477e9332fd8e472a4842798b8d898e66de103884b0c9c14f519fa51199ccd4d76f867ee192bf985c682d76453a03b94dedf5d77a66f878599cd358dd3f630eb047b5f65d0fda6f18bf83fd2c8a7c13a5edc4d99129f35bfa8c41daeb8adfd94bcfc23e22273bff64288a6b0cda9aedec088336a6bb7c43f70427cc2e3e95b15bccd41c35c332e66de135d45e9d0fd8fbc62b3bfeca218fd366680197a3b8fa129b61f08fb4d891d53a0bb369bb14b7daff4a41d53e03bda6ec47c03dc5359bcecbd34ebae233f64e1e775c15fceebcfa373909e66ff00446c31da3aeb2d8a3e7144419b2f4d70d69ddabafa187187fcb1191db9b4de81191a5f0fd8fbc62307ec95ddfa70f2f48c83a667d2114cc66dbd34ee2c3da81d722a786e6ee9d0ce6c34f55b293f25763b9a86e2ec3734ea15539b6ea4456f33135c35c36f6b53f5b559cefb820c1f3e922c53bc87a3050a5cd3a8407db7597b3437ae9883ed7d8ac35a2ec95d8f121e8ebc623d9ed7d25a754ff0eedeefdb8bbd90f2f48e29bd6ff47da814c41a596c66e6d53554e1b220cda5070d692116cf8851318f062ec6fc485187b4dea62987e219a66811ae13f1ee9d19fa171d4dc137ee379f490a1ee5487a3228148fc955b0f66e1553ccdbb11e3a291cda6561be219bdeaea26175c578f94d36580f23aeb4f6f452d5b753119b8554e6dbb0a29eb8b72e25c23d1b59ec879fa503ed1e94d882eeaa62cbb67d1d0e1c46e93b1119d14b56d330bae2c685b5932cc5e83ad4487f7098b0e668fcb0a21fcb0e414dcae53f46e79462bf9e25fe96344eb2f4cf63b4a67b140f452d2c3228cda69aa709a74705dac398791d62614c6234e9105a7c13dc5a831bfe26c3238f61bd0235c0713b2277344f03855f9fa687e1c7ca00643d238a9ee7d2829c3714c5fe29b40a623770afcc513081c180ed8aef6191068a4ee66d8e8712044fb5d6a0c61bc8da774bd09e94c56f4437181219943064175f4f163bb790f4ae4cede948508fc53147e28512d0d8890f4378a65a1c169d9c9a5034bfa5ea1461af0b94ec55386ee97a61e965e3e536798bac907509ec3bd254685f38157ed6a6d02dcf5f4f766eb82637fbc32502edf05adfb8a6f6f4cc7754287f647bd22984fdeeb0301dd143ec88a5cddd78880ed0dcaa1e6699589853c278e8bb1b51a11ef69c3ee42986ed1d9e04789bdc9b40b558d89fa486cd1a2788f4c1d30618ea87a60e1ed2987a507b27ff002a65bd35f5619a159d7ae104ae186ae2dff0b367f85edff0af682b8a115c4d2173cbbae17851543ecbbd87ecf6a6c51cafcecf4c22a2b7636a144d1c2a9b50626f7296f4c3883dae40ef69c7e286764281823d2478c753218aded82cef61dd90f451143ed4c4fe54dca6f7855608f928ceb3bb648103e54cb805c51173394eb39733d733d73bd5d10afd55c0e0510fad535550b6b00bed2a6d70a7c3c4f8447c8427cc2e3665a8c2f122d077da669aedc599ead298ea6284de975a8708772a5d537b208a1eb1e75c9306f7e20ee860150bbd87f64df4513b26d317bd1c4a505b21ba9c7887b05cb3eea41a04d47f0e74bc27417f3369ab6e20e8a4e1715ca14db11ed2b81ed78eabeb4123a84d2c37b4a61e89ecf63efb3df0a2f6b4f0874bacbc7452d90a1c370a2b3ed75a7bb46dc99dff00608507e4a9620ee8601502c44ec99e89fd90ef4c67e4d55608f95389c6eeaaeb90349fc9a8478798cd070d68054ed44fe2a211ccd79427cc2e2a545e8b8364e09af6452d25073eabaafb935dbe33ff008db8d0f675a8cdfc94a98ecdc4ecbddb0558fbaf50875b2289fa988fd1a319bdb00281622764df44e5f26873f609d589abb2936eb028f0eff845aed53a03f4ca996d6a27f14e9fde516fb1f7a6d313b26f729cd3a84587369b32df04ff001b6fd9c2d451ba14ff0026d96b3ef280d943141b22c0f48e77da144887dc715c99db000504f5b0fec87a23d97fc8d313f95922886ed9c8765e73399a9ae1ad1ded45ec8752ab0e66a63c2143fb223675111ba3afb40e07fc6dc076f7513d6c30e84214c03b8367a34503a0f5eeeb7263715ea1f6c02a19fc90a5c3a270d8fa228ff2343cfe2be6cb4d07a150cf4523927c07e86ea41b31542523aa8900fb4a1415186cea2145b55703fe36e1bb672088f6c4b101d40a3c2bbbd973dda95c0daacdd446ce72d70cfa4f0f0b77633d3300a1d0a61e9623b3d13bb2f93446fe29b4987b521441d137a5d40f10ccdb9a0e191a08b246f72853da8645d0e6a5f343bb28a77750e3f6de9a7a59180efe36ddd130f45599cecbd5619d20ec50a7c3bbf2b061401326e9aad14d676cae519dd6d1f523f018ce4def6cd0e4cfeac7f36fa27f643bd117b2607523a8a649fd9387e455e8b5d914f80ed32b7021eee4d9682876e109e7950fecab7dcea1e3a2aa736e2c4ed6de3a262e89f0f42a6287f74cec8d10cecf4deca6ec95485c30f75c39ef44d443f9618f491e26314f6eceb6ea084e6fdaeb1e1dfaa9d65ee5c2c255ec214c512db0e2764da2aeee4d1b0a611a7ba3d9451b395f40f110f319a0e140b109bf689d1764a49d0cef43fb267734c7675b5dadf883b5b288d9c688719ba1bd4b434444c4283d0a6176525f6c241ac1752f3d10c21664d539a9e2b9db045df71c29057d25456ef7db753e219d66af2b3ac57d315029c48b37f743ca835baae3706740af15970b052e3871143ed478787f9234c2a41a3c40fca8ea9cd76a9f05da6540b119ff006dd61aed1d439421d177a1df90b46dc77ee70238d9d43d9d1169cda575513b2626d11132bdd09bfe506b72163b9430efa2f5b369962c42a18e9872a4a6fe56dd4b9cc15a624ab467d46eca50595dcbea9a8dd916ca6545807d968aaa70bb950c74a06cd09d4c3ef602f123ad3582871c762a61114b8f44f79cdc69984c7ec504c6eee4c1d2982eded0b4f3d13bbe07886f59d3f8c40a69ff00c53137bd11143ed4e615ef0a186b81598b629268baf2ab3cfa1633ee29a3a613d0a4286fd8a06d394caa9072d5c9a58e9b907f887896c1498052f9f29b8a9d93870a1ee50a23c546987decf88161cd550e6d3608d5d7260e961fd1433d1406759d254376ceb40da7f5b94acb59a9a628a61c41ec729a883609a9bde8787b85e1067945dd970b2a85c5155f155ee2b32ae88b8638fe970c4057132617d484e6ab9d44a92e764be9890dd75f45e1d9d678ed09ca19e92b4e2ec96d0fff006afe06a686e6a19b1e27790210ddb71b051c38236a223f60a675bec3137a8a485e20d9fc5e877a61411dcd989d933a2e8c6d359ce92aedb8029bdad0b3061fdceb5069894bd9b8557edb938139841ae61920e9aab01b559ba9c67562b85a0617134159552a705e1c362a515a5854c65471728521e8c6cd1846cfc51120fda6c97bf45217315fc46882c5160fda6eb0e1f7353a19e48960a34d5380ee8da19087bca90d1b6004de9490bc51eb4de54a134bdc847880340d026bba214458c7b0a335cc17384e05c2f51a6723728f14e64acc2fb9db29c432869ec68b9a99d96e50246783d218b5e1e97f6ffeac3db0fdcab44e272c8765e746cb46ab84b1e511b355e11af0f56a90b8ede963bce10a48a0d0d77b5f758ace55e2cc4245b0c4a996c13220e57e7619d58ab8e6626bff00ba4a34cf553b71dff140da1a758861466eceba90bc57759a90e27eca71dd55bb2e06fca7b5399ab4a158c93dac74de832133e4ab8c95ef2b98accacd3ab67a2e07495ef3fdabe6830c305a364e6b219159361314dfc4fb26c176c13de737142cf8734bbb7ff54bdfb04e8afbdc4dd479b13901b87a3f320f0440bca8c2ac4f491fbe13690683413a850cf4a38b3d979be23e1b43a98aed94f56dea1bba53e1cf4524f80e3c272b06c74369eee88bbee2893a27c639bca9583d028837a67b28d14dc0b94a08ab0f753cdfb9a6711c0289fe9f27140f88885cbcb86252c5f3213a4e0bea36b05c40b4ab9e16741b15466fb935b6bc39eb4bbb52ff00e9355d994c674a2f2b39ab82b9ab4a2f0af0b3571183b3c6457931ae78c8efe8e3ff002c26d809f43d3a11cc299f808c68dcc7214ba9f127aa2374f80ecd869f0efd8d10e330713734d78d6975996a2cc4eaa184d84ce67a6b36080b115ca19de9bf3d9189139279290b8517dcaac1bceea6e2509aacec809a7bb734e5468b453a86aabd855e0d8f9a389a1649ad873ae5008d8bb921a16a01fce97f64283dc20a177526025672599c2b8ae30b84db9b79c64a4eb9e33b7985cc17305cc1730598b51bf9610b0427ce872851c09b48915fea235cd1cadb0ea7c41fca86789f6bae34cf62987a291c9180fe4772d2eef666a76213357390e89f13dacb85929eeddca13fad1521def4e7bccdea1f5be82623be1485cdb10a133edbf03ca7f30c95e02e2685c372e09382e36c97cd332bcc7f31a1d4b9dae8afe675e6dc3e8f4287f6428883a4d002e53408cec661730598c1e2bc2b8daf3a1e99a0e6e46c5f47ea15ce56656ab99cbf51cb86315c3102e6695c50c15f52191d945eaec26f6a5dd931dd648d050970b1992bf9986560d0545fe5416eb9a69d45c6888137a51e6b79d97a6b87cd0eb554d882d1edbca3f73ae09a0e66f34134b8a87d6f41e32615c19908937bcea9a3772637609cd65ef44b8d8c95f801cde60a7ee19d87cc09abff004c99517a9e50db4ba9a83921e7438da9ec530f4a22525bba730d136192cc294f340be3104e88bc44ac02638b9d3226ae8a55d18af2c449ad0a93a1cd71b08573a5dd5c41b127d9914609c8f2d8e8312f0146fe5843b527b288dd8d355ba26297b228ff0036484eec9dfca9742f6bef1438745159b39152557fda7d06d8a6345f852ff6e1d0e3618cdca0ddae514744da2134e599461784d33723334ec16532a45a26883983833f6bac3fb27ff29a6941a33720d149a0bb5d15fccebcd02d3d3288c8d135e6c21c6d57d21ce1c0dbe87b774ce9752ee94ded0b964b82210bef0a511b557099d1765b2bac798de66a0e1ad3319acb12377c21dac3c6845121cc5387bb550d4c7336f09aefeec774eecbe50a0456f343bd070d688cddf24682dd7308c27fea3703a1a1eee8aee77e487dc6f3477b03660a220fc50141aa64d1994e10eeeb4001307b8aaada6b0d51572bedd4773b55c4ab8a7d645387e49add1a2d3bfe9c3ba802dbfb21478877e48d068aed6c9cab31c6b8134d7924a1545d4c566c69886df1b4155a113557d56ddba9b0cd4c298b11209d32f411bbe136c437299c979aff00f8a7f64da1d0ddc8fbc58694eecbe692d3aa7c07eb7b6884fd084696f8985a7326c46ea3025a850a08f71bd4ff00db85952053351226e683d93c6c539db045ce17b8a6430549a2685dc4abeb65d820e8ea62cf64d5147551a2759580aab7f51d9296bae09515bb391510eee52e9401ba080ddca5f0a2423ed445276750e3b04e3d5142dd665edd5aabf857717daaabb85eae5314c389a1b8fa08addf09b627b141ad1c033a1dd9386cea2bb399881f70b8d3d914efe48d222379989ae098ff00b4a9ee2920e4510efd27e564cb4a41459084dfca0a0dd75a5d49dca86df9a637f24c8433714068d09fe58ad7c955f7512d6cb912d692060b1d43d35788721d6fb159f904e8efcbdb4cf7c0f10cf94f774a3e2896c8280ddcd0d3a3977a6145d94d453d282860568198bc853173d54f103e54db7b54c504fdb7a69e98edea309b60852d41be98cdda9ffc7129722a28d9d66a3bf4e2649e3a21d166ae0b2458fb8a30626632b154f2be929d15fcd493618cd1b9d88ffc917fb58119733ae0a6ee775e51a38bdd6248a7c2ab9d8165cdd8d006e57c22066e72036a421061720e62a42892180ffc98a22676428f9a3c38a1917ed37a6ba9704ce89fd50c29ec118f0ef66a1742aa44e43915f89a1c3a296d8f05d84db2f668ea630de997b864aabb9db75242f103ad3372d4a9084ebb22bca30eb387551218873be725fa1ffc95fe1fff0092be03bfb57c27a0f6cdb15aa7a8ce9bb317840eb91a41a436973b608bddeeb11cea4abf98de9a5da5359c98f0b3be899cf645cec37b482277d1059b94e2a7a0b021c2e73fe16ee39d3db07c3bb7124d6fdcea1a8a1441ed4456f4410a62c1d8dc9addce1c428876454b384e52764bca8997b4aaa798511998f09db3b0859644a5bd450281e221e5ee408c8d0d3ba8c29bc4d5cd0b20bce8373daa178b667ee576b4ded055f0dabcf81cba8536e54b9ba3af1625a8a0d30e08d4de801a5251fb019d8be89eca73915cca6f33c29372d4acab394e57d12fb53baa9ea69bb98e49fe6730162fd70613fed72f0ed1b4e86a6b50a27f6841386e14466c6c43768fb9426d0db32dac176f4161f84e82fcdaa47fb555dcedff0028108f518eee89a7a608b250dc5d4417f5a05041c8a301fc8794d1d91ead428e2700af8815c27f2b81bfda7d5320fcc26b22004057b15f72ba205c2e07e549d92f321df08e614c5f4078cda83b7a4144d87c63d85921bada7b77088db0a415eaa44354cd5ce9aaad12a23bd55720d190a37768179fe239f40a33cfdd8af0ab1f689500953a639428883708d3e60cd8669ae194a808d24a36194f9d0f9c20e0bcc673043aa8277c77b7a26ee28743394aec421169c8d13d8a61e88537738c948f3b7344286aa8e23d1705cb89c4e0111c0bd568731d94899a91bc15e643be16a36536a237459f69b01bb5221b799f726b06989d1d85339abd5f4447f54f76c1176ae33a7771c82f3bc40e3390511dd17f2a6675c270e8a20d6b5871a22bbf2a611d0a34c466e1107db752ea4d968e961cc3c8ebc51c3a2f0c7afa08d0cf7a209dc5b3689f941c13d0fc6e42c0f12cff009052f0ad2e71ff0008458c6f36b2592e55953e546e5d0a9b08237a247228bd97c239f4536e4bf9da99c823e21fff001c5acdcdb4c82bb35c4299342ac65d95f40a180e66f41833714051bb8e4179d1f9ce436a0347b8c90144b123b7e6cbcf453dca344177e48d87ececad00852c6ee6ccdbcedc94f5d6881fca891c61b3e884fd9c81ded1b4c73b23714f8274c910a343d8cd0a6711d7ecaab641aa4e1c2e536f7a325b2bed86e5d572cc745275edd95661f8a24ec8aaf0f8a11cfa264567b54f7b220b32f7141a3218b2392bb91d78b17a2e33015efe15b9de82f6f3521832d50034b906e8ca055771e81089e2195a7fe29850b6be999cce2077de2c04feb72684689fda54fa586c61edcd0369b4c2ef69cdf6baf1440fe4863c28bf6b902354e1ae699d2eb6e164f450bc4b79866a69d5ae6b9a871cbba9b5e11a8e0e7a2e71a4c2882b0d15d7356535cb25f8ef81e5c4e608571255fc33fe0afa8caa6891c939d00f0ead4db1d4dc14ddceebce3d5f70c9163c4885239d006e80b124e0801cc56ef39a2e3a27c53ee2a4ce272f35eead136b1162fc51d316144d8d984cfb8d0ea220e966233708b4fb51b050a5b6bcc6f33102a00ebe81e3a213cc5caf5160e86f16c3ac90a2f87727c17e6dc94271ec811c27a22c112762e172ca6e2aa9129d25a511b2be9ba9aedcc20f1f2a5a8b0415119b1a66579d139072fa1fcf42a5101eeaf4cb337146a09cd4cdf137a033ee5520dcc1ee4f8929b4653d55668aa7a5311dd10dce3c4e97a69a1b44266c2741a1c3a2e2bac9fb5e11b229368b4eaa243fb4dc9bd07a18b08eb7d10a30d33408c8da369aef6b908eccc66ab0ee98d61fa87fc29b8de69acf9860555824171697aadad87e07964c9ae539d989d69d7ca6ff00941ad1203d149e0144c13f085669125ca24b915cd0a43fc2ad1a6029304a9af18ca185e4f851285ab8210e23784646c3217dd456db19c3a223626c453f6895070191466d2a6850699d0fb739732887a7a1871dbedcd070d539bba0c3cccb8db22ccc66172d6694610d4abeea4448b70526e56df8008cc26bb7165bd451e5c3e4f71418dd3d2de26af605751c0d1624389dd1568dc2cd02934485973b465ca414b1e3b3ad04a776511db9a0e03d9f70458730850ea45110db63fed728afde996d8ce69d53e0bb361a3ccff6df9dbadb5a8b0dff000abf59a0e6ea2811220e0b01c77408a4944a6d7dd3ea4a56dd08fc59844e8aab016c3d4aaacf557c46ae16b9c5704123bafaaf9765c22d39c8939b8cd4f5f413d1e29887e136786224ae7042c8a1c7adb7337554e744d3bbe3b630e575c54c6a8b3fa5e5bf9d96a488b1339ec8c570a24835068c8533764aed155772ae70af7855597368b94c99db86ef8b21ce3c2a4d121e9af705992be9c22ae01abeac5fe95f32b85a3059046b794279fa183136a02870fee74f11c3517abf3b029f9c22a7892c8d2e1b2aa799b750df10ccbdca632b55c53294dcbcc8ae9bb6446e8d10ca0e191a26687052c4bae6ee86731eaf8e2ddd1711255cc0ae962c4887265c3d14f629bd6887b8a4615dcaebd04286d2dc27764ded895e1dd102aa6e7d0f6bb222e2a17888634e24d70c8aaaebc15e4c4c8f2da211074a2f00ae5017d3795c62986770b8ac441d6ccec9a1be54a4a6e701fb539c81d5c6b7a28a3a287d2c8c298e66a694281414cc2726f6c5f36166335c592273d94307ed4e80fb984f0d1c3ce32555c7ea36d078f9b354ea8d0619cc6565affbad74b332a70dc476579999a6f6fda61c01ade54869e89dd97ca289a5b85229f0f269bc2160a87db0a4863798de439ab8dce4cecaee719293b9db9d02343bab21a3f5166488366b817841d2b8a619a0458235d15fa58be8ba8dcaaef699530dbb9fdaa2c5d0708f4915bb3977b030ebb79997a6b8582a176f5354e4536166d266291e221e9cc107b72465cc2f42242ba236e216cf198b3d55f64f868bc8fc8ec8b1cbcb7730b3e73794e74f657ae12ab06dcafb94dfc4ea2b37228053d1a3f6971d4dc10dcdfe93c437752da902874b392ab133c1bd39bed26eb0542edeaa036992de0bff00c298bc2ffc71179b06e76cb67ea2cd619d9bb9864b8ee8adba8acdf9b05aec8a91e5391a0d2d161d5be28fc8fed30a17c9f4b181d94f7b511bd66a4ecec919385832e71785d692a1f6f55bd4161e1db2f2621cb228fdcdc97e42e2bcd806476555dc312cd619591199c9ee0afd722aa3f91ca632b059105ca4ee5391572bf342c7e5a05379bb6422bf9465fb5458a7f88b157d0bff008d8349fc829aeb6078887ff20838646c79b0f95d9d2543edea26f202a9e185df728c5dcd39587f6513ee0eb8af23c4f30c8ee8e90df4566dcf1aaa9e2aeeaa6d33a64725f89b12392f2221e03caa4f1345b398d2cd5789855a05e365c4082b740bcdfb51287c2bee72ad1ae1b2901214d565e7f667119e49a3e69289f43f16e044eb2b441460bb90dedb0e63b22bcb7d0533101df0ea42e2887655fc49ac764eaa000029fdce26c3bb289fc95fce3228f878dfaccb9796fe76d127dea7089733659c9fb1a482a47e2c5d98c95489fa8dc0e2682ae15570395e42fa8e5c0d1de9bcdfb2e3e1629347ecd06175bec06fa28677b0299fda534f4a2a9b1773b72527f38b159838daafe619d0310c339b706fc916787b9bf72baf76f455d5c6498dd8587764ff00e5457877450abc4e08edcfaa0e6e4699f2b949e2bb15ce91da89152361b1617337340ebaa01b7bce410f339b0f8885c3c0c53cddbfed112268db04fa2f0f605314744da0140d8ae2e6bfff006bad8f3e165ee0a611ef853eb43226991c0ace320aee083ffb555b9530e18c9b79b2fec9dfca93a3f7460c5cb4b331c2e5ff0051aa515a58549ae0548d8f361f29e6084717ce82c68b86b6f88c94a182e2b88d46afb8ee7f697bb6084f375f4f7a1be8615814b86e13dbb3a9aa72b0e6eba291b9ed5d6991c95dfa4e4eef82e4da0b4aaaee66da99c94dd7411fe549b70a2656c14489f165fd97cd891b9fa14e871071375b5c4d054e13dcd2a530f014a2b24ae77f745f92de11ff000b84ca633526ff00683d8e95ea6f64c2be11574272e184bdac5f55ee72e1681fb5c3843dc50034a6aed437d0b7b52db31dbf3815872bd4c58aaf130aabaf86ed54c600ea5014b5ded7676bcb65d0866500dc85132afc938ff49bd6fb313b2675b35c0cf04ddc4135f2aafd64be8c527babd9594a2425e5bb934e9432b7e9b74dff00723f6b0582681e8476a45969fb858ab60cb99b784d3aa98b155caac4e287a2acdbc5b863ad8774bd5575810211e37668345132a7a6d44385a0bcda88a1f6b354a2d382f827237d3c4015c8076554ba63d431b2e6f5534f89f71a5de91b81e1df601b2f664d76544c66afce9aaf130a6d9ba129b0da8761c3a2ac37915d6873b5d118913f51d44cabb942aade27af3629bd3a33f37daee426f6b558663061c51ed37a9fac86464d3ea9e5431d29ef49f484d984efcf07cc6f330ae137d327aba9f33c3dc765523f0bc2bac1e82cc687f28b7dc28ffc50e9aa320aa40cb52b776e990866e2801a5a86dddc85bacdcb008dd543cccfdd9a37280a6fd022eeb7507d09ed49ef667b14ded63bd8734ea249c1a645a5558973a9b9677d3c59eea5cf0d7348ec698aeeb4cf452602e2bcc02a9964abdd595d299b901ee39d1219aa90b2d5ca4dfed4ca74777fc6df876fce048abb97007db12efdda0b3e6c1ec99da83e85fda9366284db00d99fdd4655d815c6476a770b395331c27a2b8f98d45b161969526b677e748111d70d02e0606aaee756dd0357352cdaca26aa30f72a4d5337210617bae250637216c7e2dc19144696eb3799b7a6bbf7597da2c31be9229a5c2cc41d14bae0d7fb4d0e63b22a6cfa6ee8af7576ae26905732b8cd73abd70824afa6caa8be3beb109b212a6a9bc1c89a1cd29f5b362f31d9bcce8f2619e22b776a5556713d79be2dd26fda9f1c36427c381e21d8527291b6f8072378fdd639b07f1148f431ddd6996f65dd9441f95922c456f49d0c7eca7ba2c726c38ad0745fa5257170f957d62bf4c2e160143933b521c3da6683a8f2dbfee26b068ab1cf446344e637aa902e6eae5580acff00b937c3b3fe4835b90b64f4511c7538722a46c31da1ba887147b4a0e1afee9e23f958f107d1bbb279eb48b2546fe5645896f72883634015b2b95ee29b161f382b757859d86f742929d08f7147ff00ac224e48c67fe937208074d90d49a248d746344e7799e0443d133ae235d627b208b4ea9f01dccdcbf74f13fce9254676e6c0c7887a591663ff002b42c169c9ed5b8554eb6ba29d10c75b2d8cccdb9af33451229f7390833cf34d88f1c0326aaa39864aa3f982abec666a43000fb9c101886c390a21c5170371408fdc8af11fca97f64e3f958963c5ec9b6059f11ded0b1e1dfd64af55a1e481d6d4a885664755121e8ec935c769aafe232764ba298c935cde7372bf9dd79a4b0676bc3b3ae29b0eed4c9163b99977ee7e207e54c5ecbe7d1c44ced831c75c263bed7269e94566dd810ad429e75941f0ccf941d0ee2c4d72bd188791995249d13a29cdc6ccd5fa09e31a4a777a43bd8fcff73f123f2a62f64db00da32d10c096e6c916639eb69c2c4450fb5be2be9856a0f79a319e385f70524f8274c9546f3bee41829aa337192634682c86a8a76c675253fbd322bcb7f3b2efdca38a62f64db22c952db020b37b22cc7ef68d878e8be4d9e257588749a6086ea8432402d41bef0a1c6eb7a310f2332b1099a0b47a28ceeb8ceb113bd81199f2839a6ef545ce3705f46e6ab9e64ae8b3557c4094f5f46fea05317b26d922c9c186dfb4596d82a2ff002c27765106cea6f575a6d2570ae372fa4cf92a71dd58ecbcf8232cc2356faf704d6ebad32dd4fed164944a2773e8a2f7b37df04ff8559a663d4b5ba203d9aa93448512437171f450ddf70a62f6446c70fe7022bf6bac8b0545dab5a6d98ffcb0876a4a931b51bbaacf359ca42ea38dc170126136fb1d945367ba71e899d7d146ef66472523c508ff00855a199fa886d1aa0dd75b0f6fb4dfe8a1bf6285117b278b33b4e42d12a23fee760bcf444f5b42cf88fe585f149a772ae9342bef41c737533a22bbad90364e50874c6f8b11bbdbafe1cf76a91e17ede9e1c50261b9a9b4d37dc8902e1afa274d31dd288bd94378f75d6a5b5975b88ee89bd6fb4298a7a26e1c63f9617c5255671443785bd15f43218d4a0064290da2337ad97268dca031876b11bbd970da9d9db855630accdd4d87d2c8aacd9b7b2cd5c57d425ca42ef43c66fd94e21ab0f609f07edca88bd9023da5038451b30583541a3371405a6d246e53074b6293d938ee70852eeeb88ce9e89ee37d4bac1a2359777509bb9c7f8b117bd98d62fbc2af00963955f1225d54d8e9fecf7af2fc2899dd3846358d0d3a3e889d938754e61cda6ccd4ec8b2c1f6b54367db49fe90a5b4c167e586f3d137ae1369777464ae692a713fa46add208bfee7524d2feb60d100580dc789decc7b3118b8af55a03a5d155f14d23aa9b1c0fec9c4ebf65ac384a4d1f2a2d0d883da531db84eeca20fc97478b5dac7c216633b40d928cfdaea40ddd605309bf68c3abf714d1b0c2652eeebea70b5498287bbe1431d29ef4752a19eb60d10ba639a4a89decc6b2eeb4c889a9c17d5e8a51d9586e170bafebfb04c990461f856d63f72af18d67d317b504745e59e6651e21bd535e3da9aeb32dec7c5af1714ef2558e6e33a60b7adb8b136b94d883ba59162143dafc3854bbbd8601ee7268d8520504e9a2ac336a6b86a2934369250ef86ea4a7f7b310f5b30df6b866d2b488d52880b0a9b5c0face2bddb29c4e087b2aac162376a65ed7d1186e88dd3a19cda6c8b42979e88346715f7a6b7614f468a45311c740a673266a49cc3ed364587c6d05c30e152eef6210fcac7c290ccd354fb69751f16061ba977653dcd82be6ccfed4d36f8829c18a4745f51a1ea4e9b4ae174fd3cdc641797e147fc8aad10d77da8dfc4521ede665e9af08756501da3b0c52e9666e5061fd8d99b0f7ef48a5905b9bcde801a50ed8d9f8a5d2ccdc9a37bf0e1f7a5ddec411d6c147614966e29343e9028184ea5e9b61e9b65c14b6c2e26a9c088e07bafa8dac14a2703970907d19f73f6538e4b59b29304adc4fe34c8a7c0391bc280ff008a2b0cda9aeb24526cc20339cd3e2bb3752f28533a5f1330db8504af0af977b269870b4179c487de93620f7b110ea6c3226c697511693d286e11a5c9b60a6da7b3438bc4d5f46216ae215c765f5016ae178fef1a6f3255608a8cdd4f99fb9c17ff0015752c8adcda536204d3d14b74f8474b20d2ea3e690dd90029870f736886f3bee080a20c2d334efc530f4b0ea1cf3a27477e6ec4867ad26c433f9586b1b7afd22af155abe9e6050ddc5c6834473d692543684308d2533b586b77285a8517ae2f9673a78802b8784aac1f5da14e243701bae178f957604dc449797e15a5c7ee55e39aced94b4c26b4994c2fa7164a5e2070fdca63545bba8be15f98bc297da654322686d0a0d0682760a3441ed40d2f7682c053392f33d8dca98afdae4f6ee176bad33c3b35cd0032188def494371483b14d3b8a5effb6ea6fc97970ef994611c9c2ea0d1e2075a0d1d822304d81dd0b10d9b5b23e575164db11199b556161c370834df25b765f4a3ff006af60785f558e62ba205711468a438dfb055a39aadfb549831209dc5155d785c5c504eaa6dbc26c66e971511a327f1b683b8408b3576a0d0688877b8233d54487fd50e7204e66fa451fe9e1f3bb341a34a1c517fdc688add8d808b8e88f887e6ecb17e50a0afc5d4bdaa1ff5438f44e3a92af705a95268aac575eedd3238cd85076e2877751450688c708d8677b2e76d8059a3acbc6d8150f2ba9acf47ca648220e60d8e2682ae9b57d28e47757449afab16415d7bb738d01d496bef085f5a115d0a15b4b876a24a2433dec84eed4ba883e1c6f328f4083fadea7ba6421ad82517bb446344e67527aa86de94461bd32410f0ece5f7141a34c529bda82afbc6857e4298b0b6750fdcdc9b3738157972e59f75a05c4e46142879a30dfccca1ddd3ba8a00a237740e09b10c75b2f7ee701b11b9b5076f622b7026399aafe61715339055df7426e8a42e0a38fcbd3c376c503ba7b5beda0b5d782bee84e41edcc20751750c78c8d90538f4a5d44589a0c93fb51e5bb36a7c53a5c2c5fa22d9fd2669621337752fed4b54f5d1577f3befc6726f6b159bc2690748944284337395d11667fb57c692e38aa666eeeb84493627b1f71a59d686d113f950300d88561c9b4b936c10544847b8b0363835c721cd0850cf06a5556dc28f103afa7774508fe2a2b06a274d57898554df05c8b98785d41dc269c0727bba224e6ebd3e8accb8a6d3d0210211e01cc508b0797272bb2a7c3f7a5dda9739d90462bc7d26f2e3c94add76f332f4d70d5421b5b74b317a63b5c90505dd686d113f9512c03620d8633ee4052533b596c66663341c2986f1a1c1a9ee72fcce744c5ebc47a770e884fda4cd458da6560b5d7cd79517974344944867bd90da5c99047729a3a27d12f68b1e541be2bf6d14bdc7328b5d91460bfe0d3e1a7d68b8a3da9f2d9fa6332835b90f4e46e9de1dda649c7616e5ba8f07674c26a07629a77099445fe540c03620d80346d83dd33b59914613b94e54bbfb4db649c823e21f97b688bfc53547f511bc3305ee720c166a9cf446046f82af9040b0ce79e03ca73b7372927d15beea642f79c823122fea3a9d9fa15e5bee78a3c31a6251e4c1cce65060f9f52df10df6e7d94689a1cb01aeff00a82878e8a1f4124da22b709d620d88910ea6c7ca676b5f90555dce282111ecd54db95a1061e43341a3214386e14486736951fd3d639e8118d13f51f6dc419382a919d24d88cd0a0eb65a3f51e98287a0c1f280da8ddfa05e746bde6cd66f0bf75522893d4071d1d4c63b2f2a1def28373ac33f545aec8aabd7021451ed29ae1dd493e1fda50a1c7ad32dedbac41a4f54d160f74ded6fce87f2839b400fe4882f523c504e5d15669bac7e472559dceebcd80ff63ee2a2df9e348d627a2e084e3dd71c378ecbdcd573c582e764bcd789421ca301cbcdfb4a3d94bedbad93a04e3b5111188ecce544ddfd26b9da9b7b3c645548a24f69984c3b8a1e215f11ee559dc5137505fd7f6388a19e94446fdc298e354ddc5d402a769d620d2c19d5cd0235b0555f73701ff69ca80e1ccd29be69195ebe93c3a19d170cc9577085fa85578b7b5b64b0fc273225c7ae25ebcb8179df65902ed495c83fa57b02be185c05cd5f4a2cfbae2656f8528b0a4834cdb0b541ad32015d11aae22c9a221ea9aa2b3e6d546f33971b53ab9912b85c0a6c0672e6e520b8b3d9567e5b21b0bf024f1f28327392351b371559e3ea1a27b14d3fb13fb22dfb4d105fd6453a82edc2731c255afa6ada362151351a2bc4ebdcd4f84ee661b0f50fc442cf2720e6d3790af785aae082e3f0ae64971c492fa8f2e592fd30b8384abc4daaa8bcecaa3e091f0bdc3e17019d8aecfd46aaaeba20b88c1acf5f485486bcb6442ffb8a0d68ee702f682af86dfe97e98594970bc85c31cae0893f9578ac154882a3f64687754d08f5b25c518cef8a2f6afa31084496cc15c2de2559f439d8af1d10e9e840dfd178968d1f4197b6f41dbb68865362b7da81de8054ec9b10a86b066e324c60d026789665ee408d69214586ebe4e53ff65caaf876973bb2fa8f92e3712b926ae60575b91130a70f86268555f12c2e66ea6c0d2bcdf0a2f1985b3f506c79b02e88148dd10662d97bb20bce8dfa4329aff4de134e62345219ea68e2700b33fd2cddfd2ba20f9573861f9b0c7d46a66fad01a87655bad9109990cd0034b378539cdaae4dc68acebe8587afa17f6518eeea25ba8b00e6324e0bb2bfdc179479994d5364d8847ad13f6c314398ec8a302269cb4de428b33c2e5e543ba18cca0d60c3bdc17ea355c4152226abf867553b2a9e29a5a775e64023cc1785e5c5e1882c79b06e785237441a59bee5b78765e4af2bc2894219b9556e7a953799297871267dc54e292f2b942bd816525c2f215d197eb2e60bdab26af6aad19df166b7b1e9aa133f24e4530f4a6ee675c15fcc6ddea2df5645498f0e0bea429f65c536ae170385f96813bcc17b84fd08ee87a089d937a9a26e4c8ae1263ae531aa77650ba211872bb3a6681b06c30fe48945e73799abc80b324f443ca8323bae22d6ae38dfe1713dc565c4725f91cf02f21664f65f4617f657d48b2e817139c56454e0c420f5528acaeddc2b8c8f552789aade18d767da54c030fc40ff002aa44ba20b15e19ab117951f8620b1e434c87b8a10db36c11aea549b73554f0edaefdd56f10e9f40a4dbbd0b9bae89c1dccd4c1f62344b6a2b3979b13e30623b7753c4d0b8096aba4f6afa8d734ae174ed173979d13fe2157d652f44df405bee75c14166cd5339e8abc6f86a235d1367cecb8d11617da6e458754613f9db4d5d0d83607750d804e77a01b286c5f562b9cae6cfbab801625ed8760bb6574272e184bdad5c718fc2e27b9cae60f9b57a98e17745c24446f5528cd2c2b49ee15782eacbcbf10247753178a2b1558dcedd55f13cba3956ac24aa7871376e844f11c4f37c95f9e8029c43521eca4c166f202bdffd2e1762ff00a887caecc28910ea9a373444ef4556dd0daa432c029bd6d713415380f2d2beb36b052171b0d847942bbd114ded8f328bcfe943c916f87e372718dc4e14fe1133a3a3e8f3dbf2811adb34b93a2bc4eadc2d92ab1e6759cadf115c20b95f0dcb392e17034f1b41538111cc2b8dbe6354a336a394a13eb3745f59b54abb95550bc9636bb97d725add964d1252f0ed9377559fc6fdcd8bde14a0c39abcd40bea44715cb35c04b4afa6facbea425c6d2d5ceae785cc16768b1d9151213b34c6a90517f92f2617c9526e0950c74c1caa9dc2e1e36291e176d444f46e431c4169bce6842800b610cddba3573dd3dff71a48d7457f3b6e298ffb4a9f49a91d53a0bbe299aba9752eec85b870877387cd33b05c02a3772a710d72ae6857857b02fa6e2d2b81f30b8e0cfb2e39b170c41471b0155e19aa50f39a1c729a312019b4689f107310bce79133aaabe0da4fe4abf897567290b97d4780be9b4b97032a85f5a22e59ab84added05725199575b6f88666dcd4c29bb34f6b6f7b8a99bde75c268dca1db0ef123b85c7c709576905aef467d079910d72a413ca6d86451caee64e96d7266f950e88de66e4a7aeb4c8e56e20d8da25448a7b0c0e2705280c713bafad13e1708c1e200ae5922e8514a77fd46dcaac58fc6ed014d6c38ac04044be21a9ff00b553494931b10977879a0d60fe82aed6b803a946ae66e0ab45e37ae1681e98b4ea9cd7896d45695f870875c591c95787c50f3929b7d1147bd3339e814dd71c4bee5521f28b0022c3aa30625ce6a7c23bcc2ee805e63790e6a62f069aaea1a6c4561ef6834733906d99bcc94a0432eeab8dc1817dc7ae24dcb95ea5e1e190d556b06a2e88f9b90026549b70a38b252f0cdb86a833c9ad2578aa1548adbc29d4aa3d3d6673b6f5d75c487d31c4685cbee0a6dcbd13fbd126713d79918cce8317cb8590e62a186d8268f3a1f3050e30ec54b6a25baa8fe4391b151d661fe425689f6b2d7109ab860dee9f659397b82e7570715285049ee879e406ec15d73429e944ce669f23c3e7a95507c9a78ae3bafa312614a2b02fd30bf497e97f957430b860afd25c70549d36953178c6ac3f4df887a0c791c95dfa6e53197a18bde8dddb9c499c822c85733572905d858ef414e73791cab6a6803642b2f29f98c8d3b2735d9d884ed9c858275d17539e355671bd79719d21b0536b72590555ed130bf4c2b9815c00a2a0ca8acec85220c1e77297b8e66d19730bd36e131715ca14c013a3a159d0e6b85cfc9701af0d49dc0e57621614e84fe66e1c577a0aaf130bca719b0f29f4313166f320a438617fed49970a221f8a40a6483374e1ec2a6a3c43d829ec856ba21bc1460c6b9e32b6536c35bec65f89795285f51fd11315c58dd93cf550e30dd742a4ab0408a7f2a0342006941bf8f408f9dccfd7008ff6df49140dc50228e6626b86442ca4ee8be838b9bb2947648ae0880e1b7c443cfdca635c288773e86ee66e4a4ee719fa03893767b2ad1ae6ed61cedcd33a4ec139d44866eb9087d13a1fe524c6ec157373c645548c0b5fd6dc466c697394ddccec1be4173871e8a502111d4a9f888865b2e0124e3d104f08c339b557145571e1344ca9d158e668acf28c57fc2eba2aae3f505aacf53c868109f3373a2634a3a1a0b774e82ee66d3c6d9ae025a9b0d8f37e4bebba6ec12d7645184ee53cb85f3e8bcf8796a839b91c77e1d483c4f55a299bac38a6d99a2352bbd1f8b28aba1be86b47e9b3352bab8c8af2a373686d0fc8535472333c224b8a71201bec4429a9db9508bb95e88dd4a8a8730aa0a26794513392bbf4db488acd3341edd6c7166745e644cb41403ec7524503a50c89ed7d9ac3d97a6b86a30b879dabf219e014dc6937216083aa7c07fc635e89dce0cde6415583733ee5f96f640dca140b15fee4112afe675e686c59e49c75533ceebcd1c571d0aab179747596b87b4a6b86a8fdc7257e66fc279e885803729bd94187bb9197336f0bf3666ab8f9a2615e801aaab4791e1fe4a30df71160b653695c10d714357c22bcd7eb49dd347bdb456144b7a0cb36de98fb046e9d09d9b30fcc1fa6fcf00a662f52bad96c71ed37aacdc8e2d4665aa96048713d568e6ed9485d6a18a674d4098cda8643f936190b46de6c49c26bee84a6dbec4486ef6145e7f4d86ec38bd943ed620b7ad10ff1a3ff001c4b97e2e52a6bbbe28f2e1df11cafe7399575cf19293b982bd4981006fa6f46a8985c6d92ba807da682139bb500a756ca4a2c2d06567a3f0cb1c9d0a26632b6e50fb62f9872d2d39a754e82ecdb8951b99cd4adcde6e556170b7753cddd701dd0522873917bb547a50f8cecce54929f18e6f360291462787f96a964eda91e566f17a6b461bd43ed61836144589f1411ee17829d0a2f3b5107319517f2d1f99c918d16f88ea43a1fea29c42aebac957dea6dbdaa611899019213e66d15c5041449e5d93e29d6cc189b3b10476f3b14ed150fb62084dd73521a5b87186a64711ced6dd56713d568e4f6575d8311df9596c21f2ba22edca0d39129a1bcb2a43066f4d60d05814c463ae9f2ae315a1eeab8463441c4ecbb627729a3a5899d9145db9a5fe221e40a0f1995b6ea4d45eeb805e7c5e51cb44ce4bcbf0f96a54cdeea5d49b0223744259ea16cc7d1229cdda82a18b2fe89870e4725ff0089caeb50fb61d6d7441cee6380f1a8bd0e97611b5c46fd95d36315d9e138d33de873b645eecdc8a1d1173b5c9794fe66d24fb61d914c089f08d6e55386d9436e78b061ef66b379db9274ee70122132879e88d6d4a23fd97298f85229b09bfa6398a0064a710cba2d44357587d250b1e642559bced43ee6dc68affdd10d9bbad3bb27b0fb5d88e614e82fcc6564774ced857aafec6e585121ef78c370dec55822edd5679acec496e8214884d370ce86841943628d3341cdc8a7395639bccf0263da66990e119bdf720dd75c568fb45af361fc84c968288898aab95470ad0d54f0d32f3aecaa6abee79d179917e05a34942cd66dedd429b4fd389fe14d495c44931b39d5b7e2198a22c3b9ed5d75b0cfe49b2db08408799e6e883461418ba6586c362ec56b68ad4176ba299ccd0f7e81171ccd2613b23926b07b8a6b7616452e9af3a267a63477ed75abd798cbe11cc2acc3309a3ee7202893af5c0d0108506f88557897936b8505a2cd66a56a6100799b751545f1179d179dd6c7e4318c567e9bb3531621f6c1bb9cdc14ddccecf0ddbb6f4c384df42e3400af5f8372a40feec4db984c9fb05a14ccfe9354862b8f44e7eae75baaee52aabaf82eff000bc3b5b7ccd8f2a1739559d7bfaabd4e1ff4afba9d9baabae6a01b9a159ce9acdcb228c37a9b6f6a9d9fc5c8085c4f392f3bc41acf37cb021461ed28386b8ae63b228c17e5ed348ee99db00b9d905e6c5cbda29182e1d1448674385d90c727645dbaed4796de62a540035b24ec9f137b4286c087ccecd06374c690cdd7260e9805aebc150de66e86d536114795079f753cdfbd8e201569dca712e62d9a2860dac7470554fc2acc531603009b9073ef89d705cd3aa77877e6dcb1a5ef191443b9850cfe49bdb02a7fb4d52140186f1f70c1bbd09a27ba2e3a2311d9ba99d9ea6e4c6db2e47c43f99d963c385ed65e70afbc2ad04963916e7d648f98d333aae692e17034df7bb65e647fe9551fa6d575caebd44755375d621ba89395664d7036655d0cff004afb9567def3862243e76a6bf5d71bcf862ff729a87fc90ed6fc88478dcaa8a67b61c28a3b29e09f40c6a028aade46e0c366d79b724d82ccb541a3218ce2a2c73ee3762ded0af605f4de42e08935c50cf7538c7ea755e5c1e4d4aaada095339b8ac82c94e720bca85c5b940bb85884db35731ab81a063d767e9bb340cf3c6cbe9b933ba6f6b53f71c82312273bb1cf450cf4c19290c73d14ce6bcb6731cd4b062c5f8b65c53a33b371c690cd36042bf74d60d3d15e247744c3e362964eda896e5436ec282e79905559c30b759563babbd116bb246144e43915b857621615e5c5cc6499dac9738dcbce899682c494b0dc3a273767628c3adb2eebae81173b98df82f8aeca5726f5bedb218f7268db164c55197c475cab3ef7bbd2d787c2f5e5c5ba205061f59d05cf32014cf0c1526897a5abae8579316e7b72eaae5c4aec30e1ccd4cb13390521fa4dff002a43216278b1dbd7148d8e1d56f2a2e3a2aefcb418332a0c11a952b6e3a3312f5b35797e187caaef35a27a7f31bced55cfb5b47930f9066aa8c87a711e1f3b5070f9a2e5c586617b5d78b03c3c33fc8aaadcac018c46e30a5491be154672ea9ac1f2bcb6f2373c1994174862d93d139dab8e1c9aa710dea6e25b094a18962487115c02a857c772ff00f21ffda988ce2b84d65f521ae235570b81b3161ae1e675c87dc73b17dcaf782be9435770fc2ad5ddfdaadfea1f3eea7e6b8840bc5762b8f16d8a6a4fca3624708446f33535dbd1e5c3fd47225d7bdd9d99e3423be2b4e0d4879d0eabae049826ab45e6a2b951621d4dbef7268c2e8ae1371c979be27fa521877deed95f364350990f376a8c37f3369f2e1f20ccaaac124217fb62f7277d36890cd3dd0dc5b7dca51017357348f55750f78c8050dba014f1382978786579919c6aa0655bbae10076a4fd8e53cda54dbfa457990785dd1085e26e3ba98bc7a920e49fe1ddbdca7ef390462c5e7366671e0bb08d2cc09379d5f99464afced49b79538970526092aa34a1dda4132dc16759e14b16710c94bc3b64cfb94e271bf734787e88788842f6e614c20d6e6e55467aaaade77297b8e68819b8c90144f94afa717fca64173a5355589b1a189cb35264325cafe00b8b88ae1002883e537fab102bdedc94bfd97e4a46f05796fbd8725c43e54a11ae365289c0eeb8d2c36f886733579f1be0599290c7867ae11a41d05bbb98aac6f36f801538865d17036fa26892bcc886e098e7094326e0a56dc7ed6e11c3e378557c3b493b94e745359c9b4b7a291c911fedbf2504e9345c725fea22fc0a21c31936f365cefb45330d13b046e14467daeb01df699a875c66154897b342aefed5483fff004b771ccae26c8ee17d07d61b15f52095782173ae75cd3593ff00a559b78b53c3734df34f80ee66d897a16f74d3d305d833ff000ab3f3b32689abf842e29b949a2560354ca0f897421904c6b79596cbb64f887dc708db121379d15d0dabda171c69765c53715c2249ca1d2fe828aa73d1187e2336a04fe935486489d94489bd98afdf0220d0df61c3a2734fb0aaaf172be21a9b29304acf1430b924899bf24e739b335a4a45824a6ce280745599646233c43794e762673f425433d304e075559f79592c95cd2afb97112570b40b534495507237341a2e014689f16cf5b9347a073dda231a27c5a2a1f6a6276a6b3c5eaab04850fdcdc9b61c7a21d6fc086fdecc567dd7e13bb277f3a2ab84c15e642be16a811afa07b75cc291cc5158fa27a873db04dbeba2f3235e745905905a61062bb329bf7baf28940ea6dc287d6670e7b5a1019c8d337290cad1eea1f6a4be0bcb4957452b9cae72bf54afd772870e2442f04d9abf71920df2c482fd30af86bf497e92fd12bf48afd1299c05b23661c4fed66b997385ce17385cc1662979e88ff2a5eddc223ec32a7ae3561c8f559de8e2764d5238d32bcc75fb2bee38958e8895f832829a3a5b88ff00b6ec39295827dc6e0a6798e76fe542fe382f3986d980ceb3c0d13eebc261e963b150c868910af605c81722e5a332b9dcbf55cbf50aab0a3482fd79fcace6bf4c28ac88244e9474c723517857e62ef46fec8512c499559d70523448e7875468aeccdc100798de6860dcdb7bb60a6737624ec54f63303e4287fc701eff00b4273bee367f8e0bc7445bf69b0e0a5f69963408a3237512f412f644f46fecbe71a67902d95ea481c29aeea7ec87489e96db0c66e28376c4929504a744fb8e07ca85fc702a6ae29adb319f85e219f9598f0facc63076ad726bfd0d66f332f40ebafa27765f38a18dd55514ce8960c86889d745f93afc23f6b31a7ad0fea9a300774c6963ae0b94ad56656ab94afd372ba1150c3849a0e564f64e932b5657c25fa657e995c856456ab32b98ae6510c3e53659b3b19ea5f6fa1927c23caebc7a277653fcac48e06668cd733bfb59a37acd66b359acd66b359acd1bd1bd42fe630e3df8e536fd50c1c9641728fe972b7fa5ca1654859ace97a16325905ca3fa5ca3fa59059042cc3bf543ea3ffb5ceefed66566566566b359acd66b3a334eeea2f7f419d103d13bb23fc8acd66b359acd676735ffc4002a10000201040202020202020301000000000001111021314151612071308191a140b1c1f050d1e1f1ffda0008010100013f21bf5f8137d7e06fd7e09f5f827d7e097d7e0fc7e09ff489e97e0bf0bf04bffe097d7e09f5f827d7e036ff00f827a5f81fa5f827d7e097d7e097d7e09e97e09e97e09e97e09f5f827d7e09ebf026cbfc10d3ca0424ae74a58082824b441f8acffb04d3fdc1fee0ff00707fb8f83fdc1f83f1f0cff07fdc7cf03165ca76c0bad6feac64929ca779a2aa1f8a1a1af5f8135e7e1b2ecd2d0827d7e0f51f82fd7e09f5f81375f844fafc213f5f844fafc13ebf04fafc1f4bf02871f825c6bf04fafc1f4fc23e9f825d7e04fd7e0f47e097d7e081f1f83d1f8427fec13ebf04df5f826fff0041a78fc10e08f5e044d24927cda1d27c1bf826b2219904ed92113bfc891c6212a47f3e3c63e38f25e6c8b0b66c38ff00d6be463549e7628e0c1d6faac13e122a6c42ac51c6ec3cf04962e22474262b92a864f85be17f321f8d949a132d9c1c4f90b0023fe7179704bc98fe255f66fe578beac3212cfa25346cb1356a28bc1645e59d1e7d827171e556989c190e5618ecfc097f09f92302b9509df197cb30bf94ff0095b1fcae8d2d9bafb1684ced71f122063363787c3318299357a2aaaa1644ede103a2791ae248d9328c0d09344ee36d60b9237e0fc67c27e37475d9743b16d0949dee6e17f363fe19d5a9c8c12d4ee4ef24fc4ea53d7175032462f13cb1e6ae89d564c78a52458fd013245490c22442b8cf51a528f07fc074933e59c88fb31e2edb9690bf8abe2dff0025fccce244194dae97c8e8cc3c772aff007d98b1cbc1d244e84a50d524491589373865cae8a86945ac4e884492ef81a54aa2f8e49f09aba6bc193acdc6c923265b124b0a3fe1b24ea7609bd3fe4c924f9bbb0184dee14f992e4cb5847a69add0eea5639448d924922666264d1558f1e965ea8b02621e18ef42a2626264fbe06952891327ca7cd3f07e2ba172eda65a314e99e45f02fe54761b20b178618e350edb505f3c5649f9babc9fe45af22f57);
INSERT INTO `forum_posts` (`PostID`, `UserID`, `Title`, `Content`, `CreatedAt`, `Image`) VALUES
(21, 18, '123', '123', '2025-03-16 11:48:24', NULL);

-- --------------------------------------------------------

--
-- Table structure for table `forum_post_votes`
--

CREATE TABLE `forum_post_votes` (
  `VoteID` int(11) NOT NULL,
  `UserID` int(11) NOT NULL,
  `PostID` int(11) NOT NULL,
  `VoteValue` tinyint(4) NOT NULL,
  `CreatedAt` timestamp NOT NULL DEFAULT current_timestamp()
) ENGINE=InnoDB DEFAULT CHARSET=utf8 COLLATE=utf8_general_ci;

--
-- Dumping data for table `forum_post_votes`
--

INSERT INTO `forum_post_votes` (`VoteID`, `UserID`, `PostID`, `VoteValue`, `CreatedAt`) VALUES
(22, 18, 2, 1, '2025-03-02 02:13:14'),
(112, 18, 1, 1, '2025-03-12 13:30:16'),
(116, 18, 9, 1, '2025-03-16 11:48:06'),
(118, 18, 8, 1, '2025-03-16 11:49:01'),
(119, 18, 3, 1, '2025-03-23 06:36:52'),
(122, 18, 11, 1, '2025-03-23 06:42:09'),
(126, 18, 21, 1, '2025-03-23 07:27:04'),
(127, 18, 17, -1, '2025-03-23 07:50:49');

-- --------------------------------------------------------

--
-- Table structure for table `payments`
--

CREATE TABLE `payments` (
  `PaymentID` int(11) NOT NULL,
  `BillID` int(11) NOT NULL,
  `UserID` int(11) NOT NULL,
  `Amount` decimal(10,2) NOT NULL,
  `PaymentDate` datetime NOT NULL,
  `PaymentMethod` varchar(50) NOT NULL,
  `ReferenceNumber` varchar(100) DEFAULT NULL,
  `ProofOfPayment` longblob DEFAULT NULL,
  `Status` enum('Pending','Verified','Rejected') NOT NULL DEFAULT 'Pending',
  `Notes` text DEFAULT NULL,
  `CreatedAt` timestamp NOT NULL DEFAULT current_timestamp(),
  `VerifiedAt` timestamp NULL DEFAULT NULL,
  `VerifiedBy` int(11) DEFAULT NULL
) ENGINE=InnoDB DEFAULT CHARSET=utf8 COLLATE=utf8_general_ci;

--
-- Dumping data for table `payments`
--

INSERT INTO `payments` (`PaymentID`, `BillID`, `UserID`, `Amount`, `PaymentDate`, `PaymentMethod`, `ReferenceNumber`, `ProofOfPayment`, `Status`, `Notes`, `CreatedAt`, `VerifiedAt`, `VerifiedBy`) VALUES
(3, 4, 18, 10000.00, '2025-03-16 00:00:00', 'Bank Transfer', '10000', NULL, 'Verified', 'Payment verified by admin/staff', '2025-03-16 04:20:05', '2025-03-16 05:06:04', 5),
(4, 5, 18, 1000.00, '2025-03-16 00:00:00', 'Cash', '10001', NULL, 'Verified', 'Payment verified by admin/staff', '2025-03-16 04:30:11', '2025-03-16 04:57:58', 5),
(5, 6, 18, 1000.00, '2025-03-16 00:00:00', 'Bank Transfer', '1123123', 0x89504e470d0a1a0a0000000d49484452000000800000007c0806000000a16eb8a9000037364944415478daed5d097c54d5d59f2d7b08642564218404b2918490849040c84a360281ec84b0c9e28a0b8a0b2ab8b1b82110c22e08b8028a0a885ab5adb55a97aa555b5b6d3fb5b6525badd55a1792ccf9ceffde77675e5632218180ccef7733939937efbdb9e77fcf7ece3518cec4475595194f4693d170e795e4919e3eaf34243afc9109b5919f975c15f9affc4b438e4d5a1cfa8fbc4b828fe55d1c7c2ce7c2c063d917041ecbbd24e858c165a19f172d09ffa2f0f2b07f4eba2cf8b309b3867d362a6be4dbc36246ad9d5cb8a490884c6dae66e461c1b3b38b9321256b6a6d545acce131d3038ea5cff5fe2c63aecfb109f3fd8e4d58e8772c73a1efb18917fa7c963edbffb3b8acc8772262d2ae4f0a5d116431391b8c46dbf9cc86738f9e3fb2b2b2400cc3dfbf21bfd8a4f18da3f2433fcc5ce04da5b73a516583812a1b0d54b5498e6a6d88ff75efe3183136ca517eb799f296b8d2b8ca204acc8e7b253a2e730103c1ac119e816630b838bb1bd226565c133f2998262f77a1aa06a3edfcd59be5a8d9a20d7e3d9dcf39619127c517041c1b5310ffb3a8f8b49b8a8ad6fb9b4c0209260d58e71edd7eac58611213c7d35654ba30353225f637e317ba33618d3463074ffa56434bd54683b56aa3d12a9f3b1bc636c36065e2b5d46d3734d76e3758a7ac31525ca10fc5258fdf65b1580c5593ef0e0e1d9e36376e7cdcabc915de34ed0e734bdd0e4373ab7336b41f0c0cebcc7b0dcd35db0c5476a799322f70a791e3877c111a997cadc5c9a27e94e91c61bbc5f125cbe755e9915b30f79a90049f1f4a6e71a2ba5d86e32040e5065ed9bcfaf9758f87e01e7c9eda2d86e6994ce0f8120feb20efc0c7a2b303fe3df122379a7abb8198f062c55776f35a381f1f6b658ed05cb7d3d054b5c144895307d290a1713bdf3e461ee740d0ad852f2768e6e215b191f1a39e8e2f19c0ecd5689db1cdd02c08bfb17707ce59cde2a1bac1420123dd68e2056e34e701433313bee56480a69dd73ae35ec3f18cf96e346274ec0bd75df7e060fd6f3cf768ff10b2b268daf5119163877e5cbc9c57fd4ec371b0d76ead426d55b71a0ddd23d68ced06cabfd6b979508893b5729da97700d620af3ff33ee3f10917ba51586ce4eb6fbfad38c1399dc0d081f66d8632169914ffd6a46b4d54bfdb70bc62fd0956a14674bc86425677af6e300bafdd6a570e6b3a19d59ad2387bb789620b3ca97099457cafbba0eb74e801c640860e337c54c233fc1b9d35ebe01c086cc4af32984d6693c1db6bc4ced45a3710bf4910ff04721c449fb913ff1b690a5b06132f74a1f10b9d287d9e0b2595bb534cb12b8d9eee4e89e5ae9430ddadd548c498c69ff1e7f1a56e346ab23b85267852fe55ce42d16c27721aecba83121dac4308b0b41b9a75603b9e7fcb8c1dc6e3a3cbbd695462f69d66b3e99c89d8caee166bc1655d54ae99666c313657369c98b5ced8ce44bfcd994633a1878f73a3985c0f8a2d74a3f10bdc28e73267cabfda894a6eb250d91a1e779859b193a3ac8331958fc9bbd29586c43891ef70493cfd356b34b30f5c058003402a585494dc6ca6e21546318a969ba9e846fc6fa6925bf8de56030c2679fc76010a6bc50643536cee90e3797917a6e2b72b85f7a7fce0956f34383979de153f55b0fda613b15d10a27e979952ea5cc96fb8078d9de1218050b3d96863ff20102b8ee25861b76fd288b8d96ec7b71a9be4f76af93b9e7e06e61046aabf4fe9114ccc55169a7cb313652f76a2945a578a2b71a7880c571a31d18d922a5c694cb50b8da971a1e45a67be2f67716fc3333c283a7b008d9de54a7957b9d0e49b9c68d66e63f3e4db2c342235fe491605c6e4e464a79f34f1e17471731e322d7c9c85e63c6438ce136eed4ae683edc2091495c5ec7ab43b95ad7681a2685bb17ae5afb2c1312d1e2207ab75fc0546721d6814dfc7f52ad61b2975b633139d09cf2225a5ce85265de32c1c4ab55b1874cc89b0c2c11dd4c0ff95eb2c54788d0ba5ce74a5a4e99e1499e1c9f7ed41c9951e2d6109015431efb2346d1e2c3f55d66f9c7a5ec600570f8f4f79d25b4a576aa6571744aae6553ee17c574aae7265e29ae110a2def00be8c50bb88677a881c6d44a40e0fcc2e3c7d762678f780f9c42f908da591eda806289e3703cb84b75a3898a6f74a671f56e2dc392dcac7e01e1bfb974c5baa1e0803f457dc062b6c0d1e771d86798913216326bbca57b4482922514bfc6ee3b691cb1df71eef405061a14aa0140c74d1c312ff50e27056cdcbb1053db2d2dc93566f20f19f2d19429b7861b4d3f2d4e60c10f7632fade3c7cbc09846c02cbc42a7364527bdb29a43f3fee27a1cc403145069b2ed06bbe010d407cdee682eb0d141ced752cd8373d5703c1d9ae13549911290b1894327578baa565e62e439370f4f4261bef254281f011130c94369739c1aede079d661ab694af3350f858b7e34343c6cd3cdb3981f879c383cb47b0bdfd35af7c2bdca595fd89f03a00400184981912cf8ae76d927d57f581c8a9d9626c614bc41a39c18d42860004c6b31204c2d3b7620539fb8778ff76f2adc24c6bee4b56de1bc481bcceb9825768865d21ec9378c42606c11643cbf034376bc0c0947ccd47785629861693893d7dde43ef197fbeb0b19b2ad7f79ebfbdb2a1fb2660579a7b5b050ff758cfec3f32cb4059974a40f405c7125e4d0e53b3296a0d89f3fc2a36a22a52cf35cf787b1f880e0a48cf8bce73813c6dead14a6aa351c30c035b1636f8bdad071c4130c1847fa0d14e74b0757c06998ea18eadd3cc3bf1de0ee91c52d78243a99095b5f074796c5f892cc171b61b9b4b6e36907fa8df6b5a92ca191f3310acbfaaea65b7c088811f4cbb5b2664745b96ea347e6153ef928402f1a7dd6960b7ab81f296f2ea5c6ca0cc8b0c34e142034de4d7b94b98683718d883678ff6e1bb70f6e45ec9367e8d81628b0d14956fa091b9f239b644be8f955e76873da084efe0190ae1a4eb24207a0c8236dcc7360f8dcae924eeb3296d8e91bcdc872e3f1bf4018b91d57e66fdabc0fabbbdfa1bec0e18b060101c044dad67d3acd040c327c8312247fe3faad440f16cb6254c93af638b24612332f9b8f1f275d85876f3fa4b799eb140ae6a0008cf93ae95b21e1a7fdc64796e7c27fb3249f0d9f7b36fe03c3ef7949e99857a3f809ed308d3b74112de1660da6ab0ce79d0d01c9de77a3c2c2c3f46cc62acc1f94c1407827d0d0b9a1a159ee6fa03b3cf66e1eaed8e66bc594e347b0729a94a1211c44ea9932b1e811691d1b35563e13bb589dda90b056bdebae97733a1974b0e817361e5032063671b08ca28c71f048167686edc991ae0f2af962018966620b06510072012d681832b5f78023749c0017cf153e5ef01570120215ec47386046d5c2903a0c040ae4ebe4f216660689d647ac600816d7e93c12fd0ffc9a2e59ad6df8dd83e083f750dafec0239f9209488ac6922009f63d864f87609841a2d348b15aba2763640e8720440401074ec1c8d4330113216da09a55623ce8bebe45f63a0a051f21880071ca3db26a154ee287516ff9674a94c2696b398ba44824f7139848f01105cbb8cd3d10a96b138bbc0608d2f35d3d084816f7b7b87ddece75c3cd26436e981d0ff15bfe0c1e9b971454e205697269f0046a32418d87c70829c704c9e229c8cfbf32aba49cafa31d5bc52586e47e5f16aca96938b67ac5a78f0200e009eeccba51d2f08ac0bd688e81f13b2e84629ff87a61868dc3cbb6259b1ce2eff419ce84952848078753b1c1303394b24a899b5d3dc8724302076207220bab0da47e6c9019196385d7ec6dcce0af0172e33524c9edbf7debec1bb460ead52aee37e0d02b6fa2c86c0617eaf4c5923932fbb32cb44b8965741c4444950b51a6bb4302d88844901cb0491415c100b321a8a19582b5635c081150a458f571025cf90ab3672a25ce920f4f8f325314064652d005c5357cb63439325fbc7ea5751428073d66e290240a4597bb5f7bbe5e861a23f2845110009a00ecf902085488368c2f5f01b21aab0fa015a1c0b80f36f6e899d6c68c2fbf88d43477b7e35c4778c721899faedeaf7721f599438cd0c25ae6b874fa39ca4a1a9724230b9c21fbf4db2c3c86c4d715b28ff9fa1b306eab4b87fab6c9c6df615ae8ec3fbd0ec732e9740124a5e9e9c7c5c4b806d8b3c1ee20af782c957e754c4c6f586264b3d6446175c40893a8008ac1ec486384baa96caac160b10dc60eec35207518923b897d93c07f31e91c081c80207613dc11a532c5ce71433c985020246d5f7578791098a4b60b8ef2b48afee72f56bd137ac0a101f13517e8f9c04ace221719248333411d02acdaaadd34737da397b1aa46ddf4ac9bb461219ab1ad756ec1ef218d783c218325a824e9883eb241826f32a0c49d272093b4b32d51450b0f7d03192ebe033fc06a5bf802360a5e33a5193342e355ec7e5cae4e700261605be9b3213a2cad884829790388f6f4b4b9f74d799dbfd46f33784f8a717269639e3a63b5dfd8af860e5d08867edd12699270f5132101fb6be2d336743ef78dcd479946f00d7185d21890ab92b22939ba5f9997795810263e4aac5bd96af95f709e28018f56d8244ea3795b0280a4e94c4c5b9548612ce0d910553135c0d2267dc79128cd0530036882288038830e806e046580cf82e5fdbcaca6b8bdf30976fc2138277ae58f19eb3caade837abdf68341bfc437c9f9a7c9bc1cac46cea6cf583b5c1d58a89c26a100916ebe564815d62d261deb593b57af7ef89dcba5d0c9c1780ab6e847fc2c822c248d1f946ac30ce3a92993e5c41244cd1c1d19270e04cb80780064a635b708143c02915182bef5fe911753b8cacf41905d121ff41dce96bed4aa9b06274a96b2a6f00000598c089a01c33276882fee2e3effbb0b6d6ccfd4ef607fa4c881d99e3d2c484b47666f7ab95821537ba5263896be58f864207b68c1553b1ce28ebf2389ba67633278c6e35239982ea77f0d869a159bbe49879af3d1f70e6ce0ec6ae0e0664eebd1264821b4026ef6342b3b215c4dc2083454ffd4e93b80f4c3a4000254c6522435bcfbc588b0f6c90c483f8023783be2194cc2d26217ae2d8ee0fcb902b5bc97d804328a1303777b2ae74af858f3753f54693580815da509c03ca69e6c54694a9516874c0cf690599fa9b1228bc7ebe01411bf2ae16c86eaaec42f66302c022c17e611e21dd0a2b72d838b97ab84287aa91f2c51358c61351c2ec319f093091cda771acfda7b02998c44e9504b6b1d316482531638189c6cd357122a649580070ed42f102c8607f274c97ec7b1413247e8a9173f59c8582165bcc350185668a65e52aa5dc9346e578b392e54ff155f81d2641000013620944060060818045eb730594f22a1440266a2e8bb2819c591418e24d13eafcf81a26e17b808c078046979b28639e8512f937a432e0f278b5970be591b9120302e9ee981370053c072772e6142b9591a3835f3609e760ff0180904159b11b3dd94c392614a486aebd7e10014886502e5d28641007bee1522e26d772c56d9d2fa54c0ea0b4c2e154303d8d2a6796d0fcf367d395575d4137adb889d6acba9db66fdd4979d985c4973fc13012f453fdb863e53a7ae7cd3fd2db6ffc81fef0bb3fd387ef7f421f7f708c3efbf49ff49faffe43572fb99e86232b88b98d48183d5f2a6a00efb4bba407af2dc841a8d9bb2d029cd9f999f487773fa403070e507242065fd359bb0f753fce943d61126d6ad84acb97df4855f5a594563c9462d89d9dce31892a26fc2cce80aee4c4545c7fec1ca3f01046a6f81e35f6331160e19f64f4f38eab4d9d69ee52f96b9574a1d9ff05d749850b933775353b3d8a8ce43dd893162fbc8e3e78f76fd4d5e38b2fbfa0c18183899d23545f5f47cf3cfb3465654f14ff5b9c4ce299132fc5b3028393b345fc1f131b4dcd2d4d5d9efff2c54b29bad22045cd2e693ea6cd91ac1cf25c7806b7d97dfa20fe68566c4ba79491b59968e7ae7b5b0111d795f76420b3c5c8f7c875096553e8f88fc7c5f5fefdafffd2f34fbf48975eb6981272fcc5b92a37e1bc6688c1a6c1234de417e2b7d768ec5f8122a1fc0584f91f66a5c9ca4a4c739503a5554ace812b80ddc1e982cf535947c8288ea295b7aea1bf7e74cc46941f7ef881befbee7f4cbc665ab060be9858f63cd19ffffc67f1f9912347c47b5cf24d3c5172e2f979f4e8d1e4efef6ffb0ccf1b366ca0969616faf1c71fc5b3d56a1503af9b9a2538a64d2f132b72f67d66a1b006c54be0c29dac3474107f16b3fd74160df905f9442d44fbf63f22ae515151410f3cf000454747dbee45dd971a292929f4edb7ff6d05bebffedf3fe8faeb6ea284ac408ae72ce5825586a6405608077804dfdc9fd2c704144705cc1f1c91eef6df5a192eb53a6c9e35b48e09000cf5ac9d4fe3894de4898ecff6a72b972ca5f7dffd8b6d82fefbdf6f282828c836993366cca0a3478fd2c48913c5ff66b3597c06a2bff4d24be23b9f7ffe39959494d88890999929de07c1db3e042098929f7ff625c58e0ba6b27b4c0c4e93f01bc0c6574e2bdc73ed661395b225316aec70faf29fffa12f99330d1a3448dcc3bffef52f71bebd7bf74a0ee4e464bbbfb4b4348a8c8c14ffaf5cb9521c07303637db39d3b14fff459b1b77d0fc0bea9b92d262687048d83cad0b89a57fb07fbe197f9fa8b9e3e67693fd3b54666d12ecb78a575c0a9b4f31d99eb470d1227af7ad0fe8830f3e94ecdd6868b7a2f4ab7cf9f2e536ce81c77befbd27261f9f050404d0d75f7f2ddec7ca6ffb686a9284d8bbf3618a643d65ce1eb35004a195dbcc57a1d49a283ccb444f1f7a411cbf76ed5a1b675aba7429bdfefaeb949b9b2bee13d7f6f3f3a3975f7e591cfbcd37df50656525f9f8f8d8ee5171a2e6e6e656b7f3c4e387c8c9cded163e47bf018088fa0584f8ed670db54bdbbf47a351254f1899c55a84d994c6b6f6a8495ccf9f9ba129744601047777377afef9e7dbadb4d5ab578bd9fbeebbefc4f3871f7e680380abab2b7df2c9279d72013c408496262be514a552016be173ee370b9732448070496f33d3781605b366cfb011afacaccc46ec8e4079cd35d7b402e5471f7d24de7ff5d5576dd7540f9c4f1ed7d2f4fcf3cf91c5c5e5017434e90f0010b1eae4e4adee61a3ddff0e9bb7ca41f67f22e243b6aa126f592e6e943633dbd039d74973ca75805180c0d9e2461f7dfc7ff4e28bbf145c418980b0b030e6161fd8267cd6ac593659ece1e1417ffffbdfbb0480e202bb773e44511c889af7a059d8f4f05748bf809146e49be89517dfb47191d4d4541b9b0717183b762c0d1e3cd8068865cb9689e3befffe7bf1fcb7bffd4ddccfc18307db0140a78f34d5d7f3bd1b0df7f70f0e50a5397ffc52b212a789362e2dbd594481c985dd0bdf800a1ad962001b8c62e56105c2f1023bdf830b3b8dc2d492930c4d5b89062f2f2f2a2a2ab22962200a9ec3c3c385cced4c04e8dfffea8b6f6974ee60aa68941e44948f55b05e30859d585925f1f4e30f4d36d93d61c204dbaa8f8d8d15efeddfbfdf060a80e1b7bffdad8d33cd9d3b577cf6ecb3cfda402708df64d7056eb8ee96a6a11c37191239e0214df5b29c7ef9cf0f6fefe06bb32f37c2abd6d49ba9d3c2b1b243fa05e00e1589933becee615bb2e766cd21c3efa77218d537a2b52e00f1d0ea7f26beb210eaeaeadaadb8ceb80008326b5e2d652d03dbb7c8980173a334b610ae5a7aa5040b4171b4d2bcf3e6d9883d60c000a113949696dadec3b38b8b0b7127341a316284edbec0a9702f388f7afcf9fdbf5275751dc5541a9aa6ac3259fd028336f417007069a3c9e01fea7d50d6c3f7b2fcd7790de17685270e71710464aa1b7581189de500765cbbd528cc3338995c06d81d4126a3996d6f93b4c1cd92033cf7dc7362c295198881ff3140740c3d31766edf4b512cffe7de6f9159c6dc0320f73a23eb23e3e8fefb1ea1bffce95371dc1bafff96fd0d4ec217d1d60fc0b46b074af804269796d801f783955e7ef10dbaf2caab2826d39bd2381165c10173f3d87a33797bc5540bfa6b6df44eaff72feb23d7b024cf4fb4562b2d7d9232ad956ec3178ff02a9233c105000ca585b72ae0d4eafb947880b2062fa393bb9a70b90217cc5f48dd7d7cf29763b4f7be87a9684a2e47e838b0936e127a80ea1558c8c5ad71ec3a4e2cf4a2e2ca0cba7cc962f219e4aff3fa593485b5ad77d2ac7d66a65b97afa15d3bf6d2458bcfa79ca989225a9876b1f2085a5a2a361a5a02a35dff161bbbc2b33f44018502e837207f444c9e6bb3962061edb34a9df5d2e3864819fcfc08dfe279fa5d322c0b82b7ea11b041271eb4ae1e08eac09d3b229b3d8d43f9bdfa4abae3f6bbe8c13dfbe8b9a3bfa4dffcea4d7aede5b7e9a55fbc46870e3e435b36ed60d6be844aabb228b16020c5b14730ef46792dc42b600a2a8e57b3d924dcb6e81558ccd7c9b842a6a8c3670045157a4c10a7ba058c34905f847479e379709404f5c81c2325725c249ec3ccb0284aef96812a04bf6a361911b86a1e359913417c63ebfa4b2288c850f519383a3fa5d6d2abf67f97b9835a360da28708f420748cf87aee555a57ae9df62c20654222e62042bf9bec8520789dcd5644d27cfe3e9f27860344317c9e18b6f5e18b8f992689019313a61f5621dcb1b376998408424e1f62f5558dba143624acb0dfbea6d12c7404c585f4194c0ac4ad9258efb527b0228824f50b932d8dbcec2e4e0bcb77676b26f126adf164bf8801589097e6ed1d7af3c44b7a5f013c713d9d962cd220f503246d42e6030c198b647ea0521a6d9540aa7398d62e66e60e33bb772d82b0b3f7c0cb67146ee8d97b8d9c8e65a2f31eb6b0c96711ce1fe407c00184fc3d5c031c08168aca104e9f2fd3c9d4b56c2d6a1a5be71fa8306f47390d2a256c86a6e8e25a9c42deec3bdc44591993b75a2cfdc8f9833f092913935c5c5dbfe30c9e1646f629aff4559d38d40a526956083123e4aa8a42e0b64592258082494592059456e8071021f81ea27b48f48098006111e4c966ed7efc2219b6c6790030a46f418ca8c40d054684a3111d54f50b5042a1b022a144d4306c6bcd0db488a9ddd9b55e0217e62c2a95442d44b6c19a73a5c11a5be0fc7d5050eac8fe541760da5745e6a028ef5783d93c2bb9857bef6e397d35fe367370937dc56335414c4051435e61729d541e114e053822b4ea224c74ab31c1608bd923fb18b21bc920e86052bed65e63a04ffe542200ab1e00849c373bcb5c47c8ff70ad2600b9074995925b007c0a04e012b857e42fa03b09c40b4039ff31634b11e7210cf0f2f998f550a7fe92fe2558909f5702877e2df8514dc8676bdb5aada7459fbd0506956eae4fafb265026d6fcf9e55ad5e75a3bd251cb27391c685dfa7d2bb3abb57754d0540800e3a02327a713d5830e00aa80c0287e245632b0d53398a2a5b08c930e018c8976451d3925267226fbf803d66b393ade2eab467fd060c1bf81ab34d2baf9666b0d1ceb2644f1401acdd6267e13d29bbea760979db12701dfbb58d8df6b83e4ac6c005b02a556169b79b466b296f1027c81d042781e258a729a00053cde6d61c1389a1283a81d30b220b95441005104ba8154ca9e300924fe40aad05bdf9f4c97ebefe609f0969f1939d81522b58a44cae748cf822fd5a5b19582d90b550b2fa04040e8212615ed4ef81003d6d0f03c0a8f6b5b0e7c1496c318d75edaf0bd90fe512960d9246911dac52d8d137004a7664a60bf90d4c4b3e9d66a00cfd0e19ba96116be51fd804f9a6aa671cf1f1a30a06f216b2112b04a55e2abc7a5a88bfbe75c227943921eb1b7a01507b647d209c51151becca63db02527ddf829acd76b1241c5b9c6453cae5ee7e21de2f20f9e674298346b0ff215103dec40fe1d10cc5c961006c969a36b464959f2fd0de787a5ac1a84a1de4e583658305ab5ac4de506c45b6d01ec9e954bd836826b9a1bde8e854c740e10a07dbe28a9d29c067ec3811883bc55c40ece011ea55141195eb7abc4ecbe20d4b95dab1432bb7c16e4655acb3dbc7a7d28a5013ad5ac48e9d2553bdd02002f2bfb74d5ae5ba46eee3e018691e0a1038d0731099d630637dfd03576a5aa0f32967ff83bc2267a69fa765fe68b2cb51d6ddb63a4755ea0a19d9786a56bcaa3a86e285550f392dcac3ee95abad2faead7500e16a5f593c22ac2707cc67b4d46373b1c52bc0f953b32f775736994ea92810e69f4f40c0c642e90f6f522ddb7bd28d13af915b0fff37942de5b881b3c69195e128e8949b1884578e1b3886f481a5be04a0aa412cbd55b6b071c47caee651c60937490c9ee9912e34286cc4ed5a66d029010187cf2d86a0e881afc3b7cea5dbcd0ec9c806bbb203fb16ab4e54d7b0c65b8c7e3ebc1aa6ae920e91be721be37f385a60b90074a2e66f97a694ad3fb5e24745111d117b35cc1da720e721de687da1c2d4346fb433790c197e9996226eee73f91f1938cf3f62bcdb37b5db1dcffc15b1f3ed72c561b597df2d9d1e654c9c1236ffa66f92e559b376ca1fda2bdd431b64440d3a0a228748e1420f2178f504e1b7f572b36907efcdd1efd422ecccbe85cc91463a52eed472a8dcd89c1a3ef04b9f997bbdfaba4a58d8ffbe031372932a1d4ffd5225532373a4863d8f3d5ed3988b44a23d4bb49172628c941ccf0521d932f377ca3a2dc4bbd9b1e6cc1db667a997e156d8d7aadab876cb499cf73436aeac67d13196a3937551263a5a6db11ea9e40ce53837320cc98a36aa85daa70ae0a021cb72ae1085988e45fe1aa5a68fd62ea2cd1aaff670b6896f1a6da6a72a2c74b8dc428f4eb1d08689669a1f67a2310c8858f60d14ae9640a8dbda4377b1d65c014a2a347b9b8c3f8308df2a2986e76204fb4dd68e37d393d54ed6435c5b9815e1f1b567d6123f631f73001352bf0787fb1c3d51d387ae8801960b1423063f7b84897e516fa147a65968ff74060083e067332cf40ce716ec67302c4b325346a491a2584fc859212b79ebb5b631550eb46d171547a740b9eb6b0f2516410e2bab99e1ccfe79d13c596969da5260a2c040ff834663dfee416444165b62d88a41e1a96e5fd66c755cfeeb0b27c182a3d9e57947ba990e5533b119008f32000ef0f39a6cb378fd748d859ee2f124bfbe2dcd4cf90c8468161763d94298ccf2bc6687e40c33d1216c53d7bdfc2b1bce5cc2dbc606a9cba03dcd3d1378f55759ac4f57999a0a47ba5add62b2d38c86be750d4bf7af7f5c05a27f2793f923e418afe214c4d3c34df44be600fba64b103cc1a89e33ca44e3838d7473a6990e573208182087791ce1d71b593ccc8e31517a2c6ff7cae6623ccbf4748eae157158b552cb9ca947bc7d9b04457583e37b08f6c701b3710e7b1147b0bf650e178662613c5d6d695a966126afc0b075a63eb6007076d3a2358b069acdee7f66db19418993cbfd6f90dbaf2006308b335d8e5631f179ec2b63f6cfc46e98c4bb6e4518299f7712b98581708881c10a0f1daa92cf8ff3713b722d74433267e9302026b2be9090229b3f26b17939015dc358d9abd822f6eb139c02a0030b15c0d8d8b30d264f879500b93f97891fcf11c2bc50a3581487ab9c9ab71572279321be6f56ddfdb25b5f878745d387c12143f6eedef9208d291cdc5cb95976ed38991f57adc9e668ceb4490f31d2ae49167a96e5ffc34c5c10fc5946f93d79669a12c929d76146ba669c597009463e3dc1937090c7117efd0c1f778839c8fd0516ba8b57c4650966aa88365126738944d6fc637325a74865d19185366c1cb62e870b5a0bbc8063402711e0d82cefabb31d481ddd84ea64082f228962334b8e10b28b3a8be7e889e9f8ed4e2d0f73638b84a103bef44a9e16d1d79abf592b3faabae1c61b44aafa554bae16f5eac8a33b69a5aa01e761a586576c3867d02c4d340bc21f64003c3cd522d00e023716705d3caff4eca1469a9f60a2ad452c1aaae480be0025f2d10a292aa040828b00140ff2710d9916ba7e0c5b16b15cbdc3a6d304e61689496c617047ae58ce0e42670e1475642d97a2a40c04de2a154e01108d7bcc044850c2be4572911a5d697b4f7b147534aa1b241067a1650e5f63183babca8699c4a278ac82cdbe0a534be630b7e396e80959a63e96fb26b1c9b187c7e0ac9c9c2fb868a2850b255a449974863f5572c52e7ad9f48a6f9c394139a37d38e7da158499e8c1625ee94cc847cae438542939c2de520b5d9a62a202d61d4a234c822be03d70058cc7cbe5f1e022fba6492041c93ccadf7d96cff7749504c6437cfe2dd9165ac5cae51206dd1c8083b94616832325c148f1a906e18f8845036a2efd1ac3b97ee390e2cd5ec37c0ee094dc2d81021153bdddde67c80618c559764af0d8c68e36ffab63b44828b812b853c16a590e1f1565148b020a31ac2406764b5184139902a3e7980c7d5f1a2e56bfb79fdf036fbcf18658fdaa7e6ee3baad34a20c8a89a5db5932ddd9c17b167383b11c1b18c1f2fffa24c90dc0ee1fd1080a02e33d00622def303a9b15c649ac274c67c5e86a26e6f6623b58c01d0e964be5f2611d280e4c97c078b24a5a19001a8e07380ec3146540ed6171d2385102e45abe8f8bf83a33632407c963a28c8f954eab0414a8b04b597013ce338c638e32aa4282069c2589e5f69845b297114450ea25dab858be37865dd289b3a588e24ea014c7e7193d862b9ad8317671bcd9b61070ef3fe37b9c156b6c8ef53753e8b0d0d91adbef330098b52853f10d37dc28cae65481a228973ade42d993d228ff265916dd5b0a14149e59f7ca8650c3b90dcb24e606bb0ba46e7040b31430602e1ed6080d1170478e99e6c67395ce7039ce6331b1922d863da5f6e3c021f05a81625f999dc32880295fc4e39552e1540079460309440b9c564f4e93408188d99567a1cd59acafb063663503e6a614091a7096c57c4f17307816b063eb3ce632f3b481d70bf9bd8bf9f32bf83828b36b989b812b3dcc44878d8f6be25e705f2ff0ef87089c3ac2d472b8c2442383bcfe60d8477da6f81957ac3098b860d1356174d2fbdcb80065b12daa3a56954ffff637ef70c2a3337b04cd27ad10b60b926c92dc601c7bf022381bf7129eac433c19476ab455acade47d9affe0489524d0933c715b8bcc74d558066594e40ec50c8859fcfd6b7982d7e7f3aad2e9167a60c0047dacdc0e3405908775430f9403e542260bb0809b40d41cd17c174775c039d1c071381efa0b2c21101d3a0dae052e86df56c60eb3a9ac0ce3f5d355669a16e366758ac889eb2b0550ecedc3ad9e2f7cf0c107b5a2d8d64d949a9b6415ed9a957752e414592459b1be97cd1fcdef5d812eddcc5653d81280e34810bacacece950349fd0f103ca359078ff1ff5bb8f5db75e9525cc0a2c8d74051cd32fffcd1265ac69fddcde26447b1543c01044c3ccef16c8d7de07f98a08a28000dae85e31faf909c0503207a4cbb2f350e7432d4e7f81ece83731eadb68bb95559dc6f28582abecf68e0e7fb68be24c589dc0222a6f6851228d2bdf8d97d4266e6c7ccee5badfe56a5d2a881e7b7cba64fa1718ba55550b1be0fc2b81b253798749bcc1f2c6605701bfb007e562b579f1e086ab295a8785403c4d3d576bd00c70314b7b188b83c457207ac30880e708c4228980c1470907afe6c2183e4d264a9632c6736bf928972278b9c756ca2c23ad95a6811bac7ce120bdd37d942bb4ba5b27a3fbbb21f98627f06e7693bf03ec414bebb99efe92e062200091156c0eede125674c1b570effb3590f3ebe64b539dac9ec191157de1fd13abdf64b15cf8c8be7dad647ffbe649e85fd342ff3cf66f4a481b4145ab50c468ee137fbbe896a9256ba65f8526892c264668fa811e08d35aaf3c3d20f669a0784c038558e5daeac6aac37b3806c480230a2ee91bd9af7045aa892e4c62d9cdf2ba2e5602034a2758f2642650b1a6770038205a41b8b45200a6d6c32486f82cdca4fd2f8fc7f7416c9c179c0ad6cdb622bb7852a20ecf2c02ac95a3dcc8292c6bb400002cb5de7a88d5cff5e6c963c7fee187efbfef74f5ebfbe6e0f1e6ebef52d8e88154ceba003a65f5d5b66a229308fbecb03d9ecc5a7414e7efd5f3a4092752ad54dcf4abbfb37140131b7a60e03d8003ac18ec57c8db6a3b486ca240d31b8e76200a6c62a093ebb51bba6be23c8a53096757855de15562ee8972a7e687a618ad238207bdbbe88ddeaf12529a7fdeea356bc422ef6cf577a40f3c7de8790a1ee3c42e5e132b71a63edd5a4d5407236f8fb942323a6a7391661503a191d9330803a54a69d0074e0086473b93d7d3ec605240d9a7038cde22692bd33b1a8f75f1bf5e6ce901a93e97ff3b599fab31354d8d722673704c499fb07fb87c834243efe7668b58f64d9d354ceaac81d2c37b1fa5a064e602db344eb0a16f93231410e0b94be37abc280e104d62d67c53aa990e944aae00edfa40b97d621d01c3e91e0a10f80d872bb8e43cce99bc42462ed7166aef2a7f5a4e9967e9d4b2cf3573cf4a0e3cf4bdf4825869aade225ba7f479bf0005841dd22397c32edd5876528d1965149143844e113c026b8599f65845e72bed740fbdbe020ef694745059d74d34b78c1feef11fb7d0980b35d7bcb9af7cfed9ab56adea36fbef0c04fb1f7c9c0b1a5db9ab260863ee75eba0cb1cffadd2b55ab641a64ec5b02f7d1c7bee66b102b79a952b385a8e564a1bfc88e6697cb4bc35281c65ef2723626c402c97f77254d333901d751bfb338a471a9b0259e1f5088dbec2dc87dbcb0b97a2978fcf75bffbddef042d8f1f3f4e3d792810bcf0ccaf28226930e5f18a9cb3db724a40a057161149abd7f613440249da65622f3e4ae2405001bb5a17b1b60dcfdd4ef6e41d9caa81a24602e3a8c62de0dc81cf015606dcc700caa3ca59a4c6b42e8676cc01cdc3f858b9dd718448a67216c10dfd047329dccb8a1419f84a89e3049822117b689ac40da84243236ed2567eafbb7f8d5ab5afc563c080d73735360add4e11b32b2be04420789fdba48fcd4c166dd3e7ee95bdef2b4f43e50f3c8bf5da9e43e5fc3a8ff3f193cfd77cf75c1790c67efd4206c50c9ef8c50976d76c03e7226ccb61db7e920c2041af789cc17288897ba45cba85011c8ca7ab5a0ff53edcba0840e17bfbd94fb0974dd7adecf2bd93edfdeb384a093731620ce398e0717c2fa3ca6592cb54ad408513414425d0d08898b5863e0a0089138646442c31c9de75cd53a64ca13ffde94fedcc3d471eea3bdf7cf52dcd9c3987c20bb50e19dbcda78c1b7404069187b0450bf1ee92d13ce4d903141957c95cc5f81a199c412e411c378a18c53d8810424ee648611a136a028b946c8e1ce631680a383854cca38447291372320fbc2ee291cf23878f41081adf1b9328238db19972fb3a048db04904f2144aef91f7a2d2dc6ab4245a6e15d384245c6fef21571bfaa03934a48ab16ace4581aeeeee5ff1eb16d605ac7009a0b1e11a36079528108d0b1de4067a2b62c3daad149eea49b9fc63e7801bb0cfe0b4256936b4debc19932d1c4ddb5b8767213e6a9973546d9361dab28d325d1d4925859c183b6995044ececd3259339bc55df60af91aefe5b3f7b2608d3cbe94bf37ad51a6aed5b6c93580de827bd0b7b8d3555035a7cf435fc011b57d01000b2440d0d061abb476aa4d065d174b8ce4e464d17c59cfde1d0182e876dd22b9c15bafbd47390559a2c92252c2eaef35cb6a9c867e927ed541724795ea1ad220b90708858410246da06601c001013b1af80cc7880492c6aeb38d3add4efe5e28b2cecd41be39511a004cbd29fb0d8bd7aff772f3f4fc9c5f62e5b728c20310aaab35c6bc79f3e8af7ffd6b8fc582d20bb039c7ea5bd752649ab7e8a387ae5cd808aa72fd1996acd9d95e851dbcdfd36ba0f40ee232286ac0fbe8c7d4dbe15fc14ac223a3662ad96fe8609f1df4ae55cd96d1df1efd6e9558506d551d1109e8a18bc71fdffb3f9a5137938673a550019769cdde63ee73e7d119550720d3c09bb22f33f11e02615768c4efd552703313de30c8d7f7296df53719bad870492f16929292e8f0e1c3adb881236241ef6378ea89e729af78228d9c2cbb6ba25f1fb64e3b53ab777a1300ecd86a098eb7f0861651576acd217bcd09245849eda5970e66e5ef5b8db056c30976dd6abbf901364478ebadb77aa41f48eea18911fecafdf7eda7aca2b114354576e5c4b66932ba68fcc97105a1fcf13e88d9970acedb0251ec1718f8c4e4d9b38375dcfba4c481405178545495b90bf6dfd9805850bdf69d9d9de9924b2ea14f3ffdb4474090ba843cb6f9b8951edc7d808aa7e58872b089d7c88e99d82e460498369c25553e277064c16f51c1cf6ebeb2abb8d2cdd84ff35974e298e95a2ce0a4228122f033c8cf6f7377d87f77c482afaf2fdd72cb2df4d5575ff54834b4552a9f3bfa22d5cf99417179ee34866d736cc8308bf7e499c93b868a9d35cf5211018e57cb1b5526967850426caa6c2b2f179ba09113ef2f101012b25a4bdce9b14840e68f89b5ff77340236f704001d590bd89aa5a1a1c1b60d8aa31683dc28c10e9af7dff933dd76cb2acae4dd3862583c4cb852eeac29c0b0dd2236943a5b380334feb9f73b5118bb8037dcb399e6cf3fafd51e431a276806207c03063f3d63c912bf9e780705ff189b9919eee4ecfc6377e5bfa340c01629bb76ed227d4cc15120d874046ca3f65d331d79e26774e1c58b28ad6828c5b22f61027beea66d905bcb6167cfda2d669b83e94c0384227e3ca793cf64eba8ed9e436de6fb389ebd060dfae3c49292184741200e0c0e8fac37f540fe3baa2862a3466c98a837171d110d6df7cc11fbf6f0ce9a070f1ca10b2e5e481993234501078a4d0b57cabd86c11d0008db46ccfdbc3854107f8f93486e292c2ea01fbf6fa21f8fff48c3870f6fb5b7519b2144829bbbfb3fc6e6e6663a020225ffb7e84fd4db0337ad070276c54496b19e0b380204b57f5e5b2ef2edd73fd08bcfbfc2fac7ad34a53a874617fa88c612a99c323689ad096cee24aa7676ca4415d11bf844e55c1d39701a4edcc7ef445ec5ceb6b09fbbd749148a64e76789d8890039eb526a87d38ef643d48b6e5872c322b9d4b69b2010f2dfd3cbeb5d9d5ca1be1a6d813066cc18bafffefb5bad6a47fd089d81018fbf7ff24f3afcf8b374e38d375259cd241a336908b75f35522a57e914dc205bd1aa4d18da6d2dafdbd04175ee5244125dc8759d3c619da8d5ab8f2b5435dafb1faadeff1d6e61bf53764ac11e05895c6b999b9f435f0be2cbcd226155613fc31300c006028bc5e9dbc16161d9dd0241614dcd301737b7e3bd25ff7b0284c4c444a123a84d137b1a7e566090dfedc02bc96f611b986b97de48b17131e4e163e456ee468a9c28cbd3d1b00aede3d1b708bd84d0c913dd4bd131547417d9211b5aa0c914ba8b618773f410ce5a6cef3ca68083ae5f0004be8bade6d1191c3d7fb15f11fa13a11d2eb6ae47a770b48dcd5fca5bdcf367f5bc87a1da6d4c2d8c77de79c791f9158bd8d9c5e57f896969d927b40e462624d498fb40fef704085016b76edd4afffbdfff4e0a081de90c6fbffd162dbdfa2a4a494d263f7f5fdb2ea2dd194e6eac640d91bd7db14184a77ffb63b0df0ff61f40bd023a8cfa0c93fb163abb1b5aed546ee8723b7b0e25174fa6175e900137a534ffe217bfe84afe77ca09dc3c3cbe4ec9ca1ad5290844ad7f6868635fcaff9e0061e4c891b471e346de0cfabf27251a547c02dbb2764870a37dfbf60e87b10b05b79bc775f75af2733b7b57dbdbe2f1d0430f7566019c10049e0307feadf6bc8b830c1d958e41feb347e9ed5321ff7b0284888808b19d7b5b2038927f505f5fdfca34d507b4ba3d8c92c85d115c7c6eee001846c71d6a6a0e54e8fdb6db6e6beb03e8e67d1b0508b8aafb371f11b9b6eb1e92387e7c1cdbffa754fef70408d84ebd91d3d3944349adee130598f6ecd96373513b4cf4d338d42ea6d3a74f17bf03bb99f608001a67c7b902434276696e63bb52c8a95fd76b13d3dc1f27a22d10e2e2e2482b52ed522c28706083e6b6e738138692f5d84216601e356a94a33a403b6711e6202c32eabc56fa00dbffbfd758454b7f9f103d11b1bfee4b2fbdd4a15850c4fffcf3cf452a5b374ca77e37d4fd42177ae595576c1ce124ce09eedeeceae6f65d4ee1943841fcaa2ab3c17406ae0c05044cc845175d445f7ef9652b1028007045938d659ecce4e1bbeaba3dd21f4e0200107d85858527bbfa5be903837c7cde7c8fc8597101eb990400bda2a426098ae2534f3dd5ca0f80074cc9a0a0a01e0140ed26ded9a42b20a8a13fbe9f739b26dce3d0c8c8155af5d79947fcb6ca927abd74e9529b3ea0fa17617bf6b6f188ee06b0d418387020454747d3b871e3840b7bc89021ddbe373d504f961bf4d210a2809d443fa44c9c9874c603a06d420ad82564bf12053b76ece8527b562bb8edfb20f40d37dcc00e9917c4f9f48a2644cec2850b05303c3c3cc8cdcd4da4c59d7ffef9141f1f4f5e5e5e9d9a76fd843b087dcf6ba0f7db670500da7203284e7ffce31f6d4114b562e108d2cb733d28f07e7070305d71c515f4eaabaf76ea58528fc71e7b4ce4392033fae38f3fb67df6ab5ffd8a962c59c25ec7b7e9d65b6fa5cccc4c72e1a48dce007b1a8712fd670f00f42080ec7ff7dd7705510e1e3cd8e9f108b08486868ad7f0b6b5f525283353299638e7071f7c2042dadbb76f6f773cfc14b367cf6ee5a3f8f0c30f69d3a64d54525222b8463f9aaf96b30e007a10848484d05ffef2174184a3478f526e6eae00c6d0a143851909efda2f7ff94b8a898911c723620822ea03526d1d4bc8775cb66c191d39724410158456fa863ae6e69b6fa6471f7d54fcdf2e778139d2cf7ffe73aaadaded0dd3ae37c6d90700bdcf1c8ea37ffffbdf3602c0a5ac772b2b134b25ab9cc8c30862e398bd7bf7d2b66ddb5a17b968df43234d00450573f4595000240004cba59f580c672700f49c00c5ad209a7e650304c5c5c5b6e3944c46d4adab788322325ccc6d01a0f404fcbf68d1223a76ec98ed7de8240b162c68a70ff48371f602400f82db6fbfddb622116041228a9e53a8e7f4f4f42e43d00a189d0140890338a8a027fce31fffa08b2fbe98dcdddddbf9f9cf01e014b9549593064a1844424769ecfaff51eed696b0dd01807a469514ce053f7e40404087ceab731ca01f80a2b30456b06955e1d4561428ced016008af8bffef5af855f404fe87eb6e27f9a0050c43d91fdad3e87e70f7a822860ed4014e801a0748bdffffef7a220a6adabb89fcfcd4f8f0374576f98a5e5e6e9134e9159b472e54a3a74e8106ddebcd90688cf3efb4ca46d77d7ed7c0e00fddc845419b8f0f8e973f3e01a467876fffefd36007cf2c927b6a0d31938ce11bcabe1e9e92934798801bd28b8efbefb44f22a1ef00c5e7bedb53477ee5ce160f2f1f139937210ce11594f2c145f40b6a3b015ce9c8a8a0ad2764811fa0038019ef53a40db0740d08304ce7300e82fde437d366e77cc408002f63f3e3b03b390ce11be23f310092660f9caf57b223f807aff99679ee99dec9d7300387db9052a34fcc5175fb4eb7bd41900941f0001a593c8de3d0780fe240acacbcb3bf4f577040005929c9c9c3349fe9f03c0897c01cad453ce9ecb2fbf9c962f5f2edcbd0807eb4d44847abdbdbdcfb42ce473c4eeca73087f80d6305bacf2d75e7b4d24853cf2c823363350810341a6334cfe9f03407744013a737cf7dd77ad7481ddbb77db4480aa56420ad81926ffe9ff018e91e3d0c92dc3030000000049454e44ae426082, 'Verified', 'Payment verified by admin/staff', '2025-03-16 04:45:36', '2025-03-16 04:47:04', 5),
(6, 8, 18, 2000.00, '2025-03-16 00:00:00', 'GCash', '123123132', NULL, 'Rejected', 'test', '2025-03-16 05:15:22', '2025-03-16 05:18:14', 5),
(7, 8, 18, 2000.00, '2025-03-16 00:00:00', 'GCash', '11111', NULL, 'Pending', '', '2025-03-16 11:35:04', NULL, NULL);

-- --------------------------------------------------------

--
-- Table structure for table `payment_history`
--

CREATE TABLE `payment_history` (
  `HistoryID` int(11) NOT NULL,
  `PaymentID` int(11) NOT NULL,
  `Action` varchar(50) NOT NULL,
  `PreviousStatus` varchar(50) DEFAULT NULL,
  `NewStatus` varchar(50) DEFAULT NULL,
  `Notes` text DEFAULT NULL,
  `PerformedBy` int(11) NOT NULL,
  `CreatedAt` timestamp NOT NULL DEFAULT current_timestamp()
) ENGINE=InnoDB DEFAULT CHARSET=utf8 COLLATE=utf8_general_ci;

--
-- Dumping data for table `payment_history`
--

INSERT INTO `payment_history` (`HistoryID`, `PaymentID`, `Action`, `PreviousStatus`, `NewStatus`, `Notes`, `PerformedBy`, `CreatedAt`) VALUES
(1, 5, 'Verify', NULL, 'Verified', 'Payment verified by admin/staff', 5, '2025-03-16 04:47:04'),
(2, 4, 'Verify', NULL, 'Verified', 'Payment verified by admin/staff', 5, '2025-03-16 04:57:58'),
(3, 3, 'Verify', NULL, 'Verified', 'Payment verified by admin/staff', 5, '2025-03-16 05:06:04'),
(4, 6, 'Reject', NULL, 'Rejected', 'test', 5, '2025-03-16 05:18:14');

-- --------------------------------------------------------

--
-- Table structure for table `polls`
--

CREATE TABLE `polls` (
  `PollID` int(11) NOT NULL,
  `Title` varchar(255) NOT NULL,
  `Description` text DEFAULT NULL,
  `StartDate` datetime NOT NULL,
  `EndDate` datetime NOT NULL,
  `CreatedBy` int(11) NOT NULL,
  `CreatedAt` datetime DEFAULT current_timestamp(),
  `UpdatedAt` datetime DEFAULT current_timestamp() ON UPDATE current_timestamp()
) ENGINE=InnoDB DEFAULT CHARSET=utf8mb4 COLLATE=utf8mb4_general_ci;

--
-- Dumping data for table `polls`
--

INSERT INTO `polls` (`PollID`, `Title`, `Description`, `StartDate`, `EndDate`, `CreatedBy`, `CreatedAt`, `UpdatedAt`) VALUES
(1, '123', '123', '2025-03-09 18:09:16', '2025-03-12 18:15:00', 5, '2025-03-09 18:09:16', '2025-03-09 18:09:16'),
(2, '123', '123', '2025-03-09 12:03:00', '2025-03-10 12:03:00', 5, '2025-03-09 20:03:14', '2025-03-09 20:03:14'),
(3, 'HELLO', '12312132', '2025-03-12 13:52:00', '2025-03-13 13:52:00', 5, '2025-03-12 21:52:28', '2025-03-12 21:52:28');

-- --------------------------------------------------------

--
-- Table structure for table `poll_options`
--

CREATE TABLE `poll_options` (
  `OptionID` int(11) NOT NULL,
  `PollID` int(11) NOT NULL,
  `OptionText` varchar(255) NOT NULL,
  `CreatedAt` datetime DEFAULT current_timestamp()
) ENGINE=InnoDB DEFAULT CHARSET=utf8mb4 COLLATE=utf8mb4_general_ci;

--
-- Dumping data for table `poll_options`
--

INSERT INTO `poll_options` (`OptionID`, `PollID`, `OptionText`, `CreatedAt`) VALUES
(1, 1, '1', '2025-03-09 18:09:16'),
(2, 1, '1', '2025-03-09 18:09:16'),
(3, 2, 'adxdaads', '2025-03-09 20:03:14'),
(4, 2, 'assdasda', '2025-03-09 20:03:14'),
(5, 3, 'FACEBOOK', '2025-03-12 21:52:28'),
(6, 3, 'TWIITER', '2025-03-12 21:52:28');

-- --------------------------------------------------------

--
-- Table structure for table `poll_responses`
--

CREATE TABLE `poll_responses` (
  `ResponseID` int(11) NOT NULL,
  `PollID` int(11) NOT NULL,
  `UserID` int(11) NOT NULL,
  `OptionID` int(11) NOT NULL,
  `CreatedAt` datetime DEFAULT current_timestamp()
) ENGINE=InnoDB DEFAULT CHARSET=utf8mb4 COLLATE=utf8mb4_general_ci;

--
-- Dumping data for table `poll_responses`
--

INSERT INTO `poll_responses` (`ResponseID`, `PollID`, `UserID`, `OptionID`, `CreatedAt`) VALUES
(2, 1, 29, 1, '2025-03-09 19:40:58'),
(5, 2, 18, 3, '2025-03-10 06:58:56'),
(7, 1, 18, 2, '2025-03-23 15:35:33'),
(8, 3, 18, 5, '2025-03-23 15:41:13');

-- --------------------------------------------------------

--
-- Table structure for table `service_requests`
--

CREATE TABLE `service_requests` (
  `RequestID` int(11) NOT NULL,
  `UserID` int(11) DEFAULT NULL,
  `Description` text NOT NULL,
  `Status` enum('Pending','In Progress','Resolved','Rejected') NOT NULL,
  `RequestDate` timestamp NOT NULL DEFAULT current_timestamp(),
  `ServiceSchedule` datetime DEFAULT NULL,
  `ServiceTypeID` int(11) NOT NULL
) ENGINE=InnoDB DEFAULT CHARSET=utf8mb4 COLLATE=utf8mb4_general_ci;

--
-- Dumping data for table `service_requests`
--

INSERT INTO `service_requests` (`RequestID`, `UserID`, `Description`, `Status`, `RequestDate`, `ServiceSchedule`, `ServiceTypeID`) VALUES
(1, 18, 'Test request', 'In Progress', '2025-03-02 09:35:29', NULL, 1),
(2, 18, '123', 'Resolved', '2025-03-02 12:02:52', '2025-03-04 08:30:00', 2),
(3, 18, '123', 'In Progress', '2025-03-02 12:04:40', '2025-03-03 20:30:00', 1),
(4, 18, 'AXSD', 'In Progress', '2025-03-02 12:04:58', '2025-03-04 21:30:00', 2),
(5, 18, '123123', 'Resolved', '2025-03-09 03:51:53', '2025-03-18 16:00:00', 3),
(6, 18, '12123', 'Resolved', '2025-03-09 05:42:31', '2025-03-09 16:00:00', 1),
(7, 18, 'Please i need welp ', 'Pending', '2025-03-16 11:33:54', '2025-03-17 16:30:00', 3),
(8, 18, '1234', 'Pending', '2025-03-23 06:50:52', '2025-03-23 21:00:00', 2),
(9, 18, '1234', 'Pending', '2025-03-23 06:52:12', '2025-03-26 14:30:00', 4),
(10, 18, '123', 'Pending', '2025-03-23 06:54:41', '2025-03-23 16:00:00', 3),
(11, 18, '123', 'Pending', '2025-03-23 07:40:46', '2025-03-28 16:00:00', 2),
(12, 18, 'xd', 'Pending', '2025-04-14 03:31:50', '2025-04-15 14:00:00', 1);

-- --------------------------------------------------------

--
-- Table structure for table `service_types`
--

CREATE TABLE `service_types` (
  `ServiceTypeID` int(11) NOT NULL,
  `ServiceTypeName` varchar(100) NOT NULL
) ENGINE=InnoDB DEFAULT CHARSET=utf8mb4 COLLATE=utf8mb4_general_ci;

--
-- Dumping data for table `service_types`
--

INSERT INTO `service_types` (`ServiceTypeID`, `ServiceTypeName`) VALUES
(1, 'Plumbing Repair'),
(2, 'Electrical Repair'),
(3, 'Home Cleaning'),
(4, 'Garden Maintenance'),
(5, 'Pest Control'),
(6, 'Security Assistance');

-- --------------------------------------------------------

--
-- Table structure for table `users`
--

CREATE TABLE `users` (
  `UserID` int(11) NOT NULL,
  `Username` varchar(50) NOT NULL,
  `PasswordHash` varchar(255) NOT NULL,
  `Email` varchar(100) NOT NULL,
  `PhoneNumber` varchar(20) DEFAULT NULL,
  `Role` enum('Homeowner','Administrator','Staff') NOT NULL,
  `CreatedAt` timestamp NOT NULL DEFAULT current_timestamp(),
  `FirstName` varchar(50) CHARACTER SET utf8 COLLATE utf8_general_ci DEFAULT NULL,
  `MiddleName` varchar(50) CHARACTER SET utf8 COLLATE utf8_general_ci DEFAULT NULL,
  `LastName` varchar(50) CHARACTER SET utf8 COLLATE utf8_general_ci DEFAULT NULL,
  `Address` varchar(200) DEFAULT NULL
) ENGINE=InnoDB DEFAULT CHARSET=utf8mb4 COLLATE=utf8mb4_general_ci;

--
-- Dumping data for table `users`
--

INSERT INTO `users` (`UserID`, `Username`, `PasswordHash`, `Email`, `PhoneNumber`, `Role`, `CreatedAt`, `FirstName`, `MiddleName`, `LastName`, `Address`) VALUES
(4, 'staffuser', 'a665a45920422f9d417e4867efdc4fb8a04a1f3fff1fa07e998e86f7f7a27ae3', 'staffusereee@example.com', '1234567890', 'Staff', '2025-02-16 01:24:50', '123', NULL, NULL, NULL),
(5, 'adminuser', '03ac674216f3e15c761ee1a5e255f067953623c8b388b4459e13f978d7c846f4', 'adminuser@example.com', '1234567890', 'Administrator', '2025-02-16 01:24:50', NULL, NULL, NULL, NULL),
(6, '12345', 'a665a45920422f9d417e4867efdc4fb8a04a1f3fff1fa07e998e86f7f7a27ae3', '1234@1234.com', 'aaaaa', 'Homeowner', '2025-02-16 02:55:32', 'aaa', 'dccsda', 'vavasdd', NULL),
(11, '1111111111111', 'a665a45920422f9d417e4867efdc4fb8a04a1f3fff1fa07e998e86f7f7a27ae3', 'xd@xd.com', '123', 'Homeowner', '2025-02-16 03:33:59', 'xdxd', NULL, NULL, NULL),
(18, '22', '03ac674216f3e15c761ee1a5e255f067953623c8b388b4459e13f978d7c846f4', 'xdxd@xdxd', '123', 'Homeowner', '2025-02-16 03:54:01', '2', '1', '123', 'Door 1 XD'),
(20, '22355', '03ac674216f3e15c761ee1a5e255f067953623c8b388b4459e13f978d7c846f4', '321@123.com', '1123213123123312', 'Homeowner', '2025-02-23 11:01:19', '11', '', '11', NULL),
(21, 'johndoe', 'a665a45920422f9d417e4867efdc4fb8a04a1f3fff1fa07e998e86f7f7a27ae3', '123@123.com', '121', 'Homeowner', '2025-02-23 11:04:36', '123', '1xd', 'xd', NULL),
(23, '23', 'a665a45920422f9d417e4867efdc4fb8a04a1f3fff1fa07e998e86f7f7a27ae3', '12344@1234.com', '14444', 'Homeowner', '2025-02-23 11:09:24', '1', '1', '1', NULL),
(27, 'a', 'a665a45920422f9d417e4867efdc4fb8a04a1f3fff1fa07e998e86f7f7a27ae3', '12354@1234.com', '123', 'Homeowner', '2025-03-01 23:24:49', 'aaa', 'dccsda', 'vavasdd', NULL),
(29, '123', 'a665a45920422f9d417e4867efdc4fb8a04a1f3fff1fa07e998e86f7f7a27ae3', '12344@123434.com', 'A', 'Homeowner', '2025-03-01 23:37:58', 'aaa', 'dccsda', '123', NULL),
(30, '1', '6b86b273ff34fce19d6b804eff5a3f5747ada4eaa22f1d49c01e52ddb7875b4b', '1@!.COM', '11111', 'Homeowner', '2025-03-01 23:53:36', '11', '1', '1', NULL),
(33, '1333', '4739ee3bd29e4f415da8ba9298a087e0fdc9c61378420ba8fbbab298bd74c4df', '12345@123.com', '1', 'Homeowner', '2025-03-01 23:59:14', '1', '1', '1', NULL),
(35, 'hello123', 'a665a45920422f9d417e4867efdc4fb8a04a1f3fff1fa07e998e86f7f7a27ae3', '123', '123', 'Homeowner', '2025-03-02 00:01:12', '123', '123', '123', NULL),
(39, '1234', 'a665a45920422f9d417e4867efdc4fb8a04a1f3fff1fa07e998e86f7f7a27ae3', '123@123.11com', '123', 'Homeowner', '2025-03-02 00:04:48', '123', '123', '123', NULL),
(40, '1234556', '5994471abb01112afcc18159f6cc74b4f511b99806da59b3caf5a9c173cacfc5', 'xa', 'weq', 'Homeowner', '2025-03-02 00:10:15', 'xadds', 'qwe', 'ewq', NULL),
(42, '1235', 'a665a45920422f9d417e4867efdc4fb8a04a1f3fff1fa07e998e86f7f7a27ae3', '12345@1234.com', '123', 'Homeowner', '2025-03-02 00:42:56', '123', '123', '123', NULL),
(43, '1233333', 'a665a45920422f9d417e4867efdc4fb8a04a1f3fff1fa07e998e86f7f7a27ae3', '12x3@123.com', '1235a', 'Homeowner', '2025-03-06 13:58:45', '123', NULL, '123', NULL),
(44, '1233123', 'a665a45920422f9d417e4867efdc4fb8a04a1f3fff1fa07e998e86f7f7a27ae3', '1', '333', 'Homeowner', '2025-03-06 14:05:08', '123', '123', '123', NULL),
(45, 'ismael123', 'a665a45920422f9d417e4867efdc4fb8a04a1f3fff1fa07e998e86f7f7a27ae3', 'x111d@xd.com', '1233333', 'Homeowner', '2025-03-06 14:17:54', 'Ismael', NULL, 'Jose', NULL);

-- --------------------------------------------------------

--
-- Table structure for table `vehicleregistrations`
--

CREATE TABLE `vehicleregistrations` (
  `VehicleId` int(11) NOT NULL,
  `UserID` int(11) NOT NULL,
  `PlateNumber` varchar(20) NOT NULL,
  `VehicleModel` varchar(50) NOT NULL,
  `VehicleColor` varchar(20) NOT NULL,
  `VehicleType` varchar(20) NOT NULL,
  `VehicleBrand` varchar(50) NOT NULL,
  `RegistrationDate` datetime NOT NULL DEFAULT current_timestamp(),
  `ExpiryDate` date NOT NULL,
  `Status` enum('Active','Expired','Suspended') NOT NULL DEFAULT 'Active',
  `Notes` text DEFAULT NULL,
  `State` enum('Pending','Accepted','Rejected') NOT NULL DEFAULT 'Pending',
  `RejectionReason` text DEFAULT NULL
) ENGINE=InnoDB DEFAULT CHARSET=utf8mb4 COLLATE=utf8mb4_unicode_ci;

--
-- Dumping data for table `vehicleregistrations`
--

INSERT INTO `vehicleregistrations` (`VehicleId`, `UserID`, `PlateNumber`, `VehicleModel`, `VehicleColor`, `VehicleType`, `VehicleBrand`, `RegistrationDate`, `ExpiryDate`, `Status`, `Notes`, `State`, `RejectionReason`) VALUES
(1, 18, '123', '123', 'Red', 'SUV', '123', '2025-04-05 16:23:14', '2025-04-18', 'Active', NULL, 'Accepted', NULL),
(8, 18, '12345', '123', 'Red', 'Sedan', '123', '2025-04-05 18:10:29', '2025-04-07', '', NULL, 'Rejected', '123');

-- --------------------------------------------------------

--
-- Table structure for table `visitorpasses`
--

CREATE TABLE `visitorpasses` (
  `VisitorPassId` int(11) NOT NULL,
  `UserID` int(11) NOT NULL,
  `VisitorName` varchar(100) NOT NULL,
  `VisitorContact` varchar(20) NOT NULL,
  `Purpose` varchar(50) NOT NULL,
  `VisitDate` date NOT NULL,
  `VisitTime` time NOT NULL,
  `ExpiryDate` date NOT NULL,
  `Status` enum('Pending','Approved','Rejected','Expired') NOT NULL DEFAULT 'Pending',
  `VehiclePlateNumber` varchar(20) DEFAULT NULL,
  `VehicleModel` varchar(50) DEFAULT NULL,
  `VehicleColor` varchar(20) DEFAULT NULL,
  `CreatedAt` datetime NOT NULL DEFAULT current_timestamp(),
  `ApprovedAt` datetime DEFAULT NULL,
  `ApprovedBy` int(11) DEFAULT NULL,
  `RejectionReason` text DEFAULT NULL
) ENGINE=InnoDB DEFAULT CHARSET=utf8mb4 COLLATE=utf8mb4_unicode_ci;

--
-- Dumping data for table `visitorpasses`
--

INSERT INTO `visitorpasses` (`VisitorPassId`, `UserID`, `VisitorName`, `VisitorContact`, `Purpose`, `VisitDate`, `VisitTime`, `ExpiryDate`, `Status`, `VehiclePlateNumber`, `VehicleModel`, `VehicleColor`, `CreatedAt`, `ApprovedAt`, `ApprovedBy`, `RejectionReason`) VALUES
(1, 18, 'Mike', '09123213', 'birthday', '2025-04-05', '20:03:00', '2025-04-06', 'Approved', '11234123', '1123', 'red', '2025-04-05 20:02:56', '2025-04-05 20:20:48', 5, NULL),
(2, 18, 'Walter White', '09123213123', 'birthday', '2025-04-24', '21:21:00', '2025-04-26', 'Pending', '11234123', 'Car', 'Blue', '2025-04-05 20:21:57', NULL, NULL, NULL);

-- --------------------------------------------------------

--
-- Table structure for table `visitor_passes`
--

CREATE TABLE `visitor_passes` (
  `VisitorPassId` int(11) NOT NULL,
  `UserID` int(11) DEFAULT NULL,
  `VisitorName` varchar(100) NOT NULL,
  `VisitorContact` varchar(20) NOT NULL,
  `Purpose` varchar(50) NOT NULL,
  `VisitDate` date NOT NULL,
  `VisitTime` time NOT NULL,
  `ExpiryDate` date NOT NULL,
  `Status` varchar(20) NOT NULL DEFAULT 'Pending',
  `VehiclePlateNumber` varchar(20) DEFAULT NULL,
  `VehicleModel` varchar(50) DEFAULT NULL,
  `VehicleColor` varchar(20) DEFAULT NULL,
  `CreatedAt` datetime NOT NULL DEFAULT current_timestamp(),
  `ApprovedAt` datetime DEFAULT NULL,
  `ApprovedBy` int(11) DEFAULT NULL,
  `RejectionReason` varchar(255) DEFAULT NULL
) ENGINE=InnoDB DEFAULT CHARSET=utf8mb4 COLLATE=utf8mb4_general_ci;

--
-- Indexes for dumped tables
--

--
-- Indexes for table `addresses`
--
ALTER TABLE `addresses`
  ADD PRIMARY KEY (`AddressId`),
  ADD KEY `FK_Addresses_Users` (`UserId`);

--
-- Indexes for table `announcements`
--
ALTER TABLE `announcements`
  ADD PRIMARY KEY (`AnnouncementID`),
  ADD KEY `UserID` (`UserID`);

--
-- Indexes for table `bills`
--
ALTER TABLE `bills`
  ADD PRIMARY KEY (`BillID`),
  ADD KEY `UserID` (`UserID`),
  ADD KEY `BillTypeID` (`BillTypeID`);

--
-- Indexes for table `bill_types`
--
ALTER TABLE `bill_types`
  ADD PRIMARY KEY (`BillTypeID`);

--
-- Indexes for table `contact_directory`
--
ALTER TABLE `contact_directory`
  ADD PRIMARY KEY (`ContactID`);

--
-- Indexes for table `documents`
--
ALTER TABLE `documents`
  ADD PRIMARY KEY (`DocumentID`),
  ADD KEY `UploadedBy` (`UploadedBy`);

--
-- Indexes for table `facilities`
--
ALTER TABLE `facilities`
  ADD PRIMARY KEY (`FacilityID`);

--
-- Indexes for table `facility_reservations`
--
ALTER TABLE `facility_reservations`
  ADD PRIMARY KEY (`ReservationID`),
  ADD KEY `UserID` (`UserID`),
  ADD KEY `FacilityID` (`FacilityID`);

--
-- Indexes for table `feedback`
--
ALTER TABLE `feedback`
  ADD PRIMARY KEY (`FeedbackID`),
  ADD KEY `UserID` (`UserID`);

--
-- Indexes for table `forum_comments`
--
ALTER TABLE `forum_comments`
  ADD PRIMARY KEY (`CommentID`),
  ADD KEY `PostID_idx` (`PostID`),
  ADD KEY `fk_forum_comments_users` (`UserID`);

--
-- Indexes for table `forum_comment_votes`
--
ALTER TABLE `forum_comment_votes`
  ADD PRIMARY KEY (`VoteID`),
  ADD UNIQUE KEY `UniqueUserCommentVote` (`UserID`,`CommentID`),
  ADD KEY `CommentID_idx` (`CommentID`);

--
-- Indexes for table `forum_posts`
--
ALTER TABLE `forum_posts`
  ADD PRIMARY KEY (`PostID`),
  ADD KEY `UserID` (`UserID`);

--
-- Indexes for table `forum_post_votes`
--
ALTER TABLE `forum_post_votes`
  ADD PRIMARY KEY (`VoteID`),
  ADD UNIQUE KEY `UniqueUserPostVote` (`UserID`,`PostID`),
  ADD KEY `PostID_idx` (`PostID`);

--
-- Indexes for table `payments`
--
ALTER TABLE `payments`
  ADD PRIMARY KEY (`PaymentID`),
  ADD KEY `BillID` (`BillID`),
  ADD KEY `UserID` (`UserID`),
  ADD KEY `VerifiedBy` (`VerifiedBy`);

--
-- Indexes for table `payment_history`
--
ALTER TABLE `payment_history`
  ADD PRIMARY KEY (`HistoryID`),
  ADD KEY `PaymentID` (`PaymentID`),
  ADD KEY `PerformedBy` (`PerformedBy`);

--
-- Indexes for table `polls`
--
ALTER TABLE `polls`
  ADD PRIMARY KEY (`PollID`),
  ADD KEY `CreatedBy` (`CreatedBy`);

--
-- Indexes for table `poll_options`
--
ALTER TABLE `poll_options`
  ADD PRIMARY KEY (`OptionID`),
  ADD KEY `PollID` (`PollID`);

--
-- Indexes for table `poll_responses`
--
ALTER TABLE `poll_responses`
  ADD PRIMARY KEY (`ResponseID`),
  ADD UNIQUE KEY `unique_response` (`PollID`,`UserID`),
  ADD KEY `UserID` (`UserID`),
  ADD KEY `OptionID` (`OptionID`);

--
-- Indexes for table `service_requests`
--
ALTER TABLE `service_requests`
  ADD PRIMARY KEY (`RequestID`),
  ADD KEY `UserID` (`UserID`),
  ADD KEY `ServiceTypeID` (`ServiceTypeID`);

--
-- Indexes for table `service_types`
--
ALTER TABLE `service_types`
  ADD PRIMARY KEY (`ServiceTypeID`);

--
-- Indexes for table `users`
--
ALTER TABLE `users`
  ADD PRIMARY KEY (`UserID`),
  ADD UNIQUE KEY `Username` (`Username`),
  ADD UNIQUE KEY `Email` (`Email`);

--
-- Indexes for table `vehicleregistrations`
--
ALTER TABLE `vehicleregistrations`
  ADD PRIMARY KEY (`VehicleId`),
  ADD UNIQUE KEY `UQ_PlateNumber` (`PlateNumber`),
  ADD KEY `IX_VehicleRegistrations_UserID` (`UserID`),
  ADD KEY `IX_VehicleRegistrations_Status` (`Status`),
  ADD KEY `IX_VehicleRegistrations_ExpiryDate` (`ExpiryDate`);

--
-- Indexes for table `visitorpasses`
--
ALTER TABLE `visitorpasses`
  ADD PRIMARY KEY (`VisitorPassId`),
  ADD KEY `ApprovedBy` (`ApprovedBy`),
  ADD KEY `IX_VisitorPasses_UserID` (`UserID`),
  ADD KEY `IX_VisitorPasses_Status` (`Status`),
  ADD KEY `IX_VisitorPasses_VisitDate` (`VisitDate`);

--
-- Indexes for table `visitor_passes`
--
ALTER TABLE `visitor_passes`
  ADD PRIMARY KEY (`VisitorPassId`),
  ADD KEY `UserID` (`UserID`);

--
-- AUTO_INCREMENT for dumped tables
--

--
-- AUTO_INCREMENT for table `addresses`
--
ALTER TABLE `addresses`
  MODIFY `AddressId` int(11) NOT NULL AUTO_INCREMENT;

--
-- AUTO_INCREMENT for table `announcements`
--
ALTER TABLE `announcements`
  MODIFY `AnnouncementID` int(11) NOT NULL AUTO_INCREMENT, AUTO_INCREMENT=7;

--
-- AUTO_INCREMENT for table `bills`
--
ALTER TABLE `bills`
  MODIFY `BillID` int(11) NOT NULL AUTO_INCREMENT, AUTO_INCREMENT=10;

--
-- AUTO_INCREMENT for table `bill_types`
--
ALTER TABLE `bill_types`
  MODIFY `BillTypeID` int(11) NOT NULL AUTO_INCREMENT, AUTO_INCREMENT=7;

--
-- AUTO_INCREMENT for table `contact_directory`
--
ALTER TABLE `contact_directory`
  MODIFY `ContactID` int(11) NOT NULL AUTO_INCREMENT, AUTO_INCREMENT=3;

--
-- AUTO_INCREMENT for table `documents`
--
ALTER TABLE `documents`
  MODIFY `DocumentID` int(11) NOT NULL AUTO_INCREMENT;

--
-- AUTO_INCREMENT for table `facilities`
--
ALTER TABLE `facilities`
  MODIFY `FacilityID` int(11) NOT NULL AUTO_INCREMENT, AUTO_INCREMENT=7;

--
-- AUTO_INCREMENT for table `facility_reservations`
--
ALTER TABLE `facility_reservations`
  MODIFY `ReservationID` int(11) NOT NULL AUTO_INCREMENT, AUTO_INCREMENT=26;

--
-- AUTO_INCREMENT for table `feedback`
--
ALTER TABLE `feedback`
  MODIFY `FeedbackID` int(11) NOT NULL AUTO_INCREMENT, AUTO_INCREMENT=5;

--
-- AUTO_INCREMENT for table `forum_comments`
--
ALTER TABLE `forum_comments`
  MODIFY `CommentID` int(11) NOT NULL AUTO_INCREMENT, AUTO_INCREMENT=38;

--
-- AUTO_INCREMENT for table `forum_comment_votes`
--
ALTER TABLE `forum_comment_votes`
  MODIFY `VoteID` int(11) NOT NULL AUTO_INCREMENT, AUTO_INCREMENT=99;

--
-- AUTO_INCREMENT for table `forum_posts`
--
ALTER TABLE `forum_posts`
  MODIFY `PostID` int(11) NOT NULL AUTO_INCREMENT, AUTO_INCREMENT=22;

--
-- AUTO_INCREMENT for table `forum_post_votes`
--
ALTER TABLE `forum_post_votes`
  MODIFY `VoteID` int(11) NOT NULL AUTO_INCREMENT, AUTO_INCREMENT=128;

--
-- AUTO_INCREMENT for table `payments`
--
ALTER TABLE `payments`
  MODIFY `PaymentID` int(11) NOT NULL AUTO_INCREMENT, AUTO_INCREMENT=8;

--
-- AUTO_INCREMENT for table `payment_history`
--
ALTER TABLE `payment_history`
  MODIFY `HistoryID` int(11) NOT NULL AUTO_INCREMENT, AUTO_INCREMENT=5;

--
-- AUTO_INCREMENT for table `polls`
--
ALTER TABLE `polls`
  MODIFY `PollID` int(11) NOT NULL AUTO_INCREMENT, AUTO_INCREMENT=4;

--
-- AUTO_INCREMENT for table `poll_options`
--
ALTER TABLE `poll_options`
  MODIFY `OptionID` int(11) NOT NULL AUTO_INCREMENT, AUTO_INCREMENT=7;

--
-- AUTO_INCREMENT for table `poll_responses`
--
ALTER TABLE `poll_responses`
  MODIFY `ResponseID` int(11) NOT NULL AUTO_INCREMENT, AUTO_INCREMENT=9;

--
-- AUTO_INCREMENT for table `service_requests`
--
ALTER TABLE `service_requests`
  MODIFY `RequestID` int(11) NOT NULL AUTO_INCREMENT, AUTO_INCREMENT=13;

--
-- AUTO_INCREMENT for table `service_types`
--
ALTER TABLE `service_types`
  MODIFY `ServiceTypeID` int(11) NOT NULL AUTO_INCREMENT, AUTO_INCREMENT=7;

--
-- AUTO_INCREMENT for table `users`
--
ALTER TABLE `users`
  MODIFY `UserID` int(11) NOT NULL AUTO_INCREMENT, AUTO_INCREMENT=46;

--
-- AUTO_INCREMENT for table `vehicleregistrations`
--
ALTER TABLE `vehicleregistrations`
  MODIFY `VehicleId` int(11) NOT NULL AUTO_INCREMENT, AUTO_INCREMENT=9;

--
-- AUTO_INCREMENT for table `visitorpasses`
--
ALTER TABLE `visitorpasses`
  MODIFY `VisitorPassId` int(11) NOT NULL AUTO_INCREMENT, AUTO_INCREMENT=3;

--
-- AUTO_INCREMENT for table `visitor_passes`
--
ALTER TABLE `visitor_passes`
  MODIFY `VisitorPassId` int(11) NOT NULL AUTO_INCREMENT;

--
-- Constraints for dumped tables
--

--
-- Constraints for table `addresses`
--
ALTER TABLE `addresses`
  ADD CONSTRAINT `FK_Addresses_Users` FOREIGN KEY (`UserId`) REFERENCES `users` (`UserID`);

--
-- Constraints for table `bills`
--
ALTER TABLE `bills`
  ADD CONSTRAINT `bills_ibfk_1` FOREIGN KEY (`UserID`) REFERENCES `users` (`UserID`) ON DELETE CASCADE,
  ADD CONSTRAINT `bills_ibfk_2` FOREIGN KEY (`BillTypeID`) REFERENCES `bill_types` (`BillTypeID`) ON DELETE CASCADE;

--
-- Constraints for table `documents`
--
ALTER TABLE `documents`
  ADD CONSTRAINT `documents_ibfk_1` FOREIGN KEY (`UploadedBy`) REFERENCES `users` (`UserID`) ON DELETE CASCADE;

--
-- Constraints for table `facility_reservations`
--
ALTER TABLE `facility_reservations`
  ADD CONSTRAINT `facility_reservations_ibfk_1` FOREIGN KEY (`UserID`) REFERENCES `users` (`UserID`) ON DELETE CASCADE,
  ADD CONSTRAINT `facility_reservations_ibfk_2` FOREIGN KEY (`FacilityID`) REFERENCES `facilities` (`FacilityID`);

--
-- Constraints for table `feedback`
--
ALTER TABLE `feedback`
  ADD CONSTRAINT `feedback_ibfk_1` FOREIGN KEY (`UserID`) REFERENCES `users` (`UserID`);

--
-- Constraints for table `forum_comments`
--
ALTER TABLE `forum_comments`
  ADD CONSTRAINT `fk_forum_comments_posts` FOREIGN KEY (`PostID`) REFERENCES `forum_posts` (`PostID`) ON DELETE CASCADE,
  ADD CONSTRAINT `fk_forum_comments_users` FOREIGN KEY (`UserID`) REFERENCES `users` (`UserID`) ON DELETE CASCADE;

--
-- Constraints for table `forum_comment_votes`
--
ALTER TABLE `forum_comment_votes`
  ADD CONSTRAINT `fk_forum_comment_votes_comments` FOREIGN KEY (`CommentID`) REFERENCES `forum_comments` (`CommentID`) ON DELETE CASCADE,
  ADD CONSTRAINT `fk_forum_comment_votes_users` FOREIGN KEY (`UserID`) REFERENCES `users` (`UserID`) ON DELETE CASCADE;

--
-- Constraints for table `forum_posts`
--
ALTER TABLE `forum_posts`
  ADD CONSTRAINT `forum_posts_ibfk_1` FOREIGN KEY (`UserID`) REFERENCES `users` (`UserID`) ON DELETE CASCADE;

--
-- Constraints for table `forum_post_votes`
--
ALTER TABLE `forum_post_votes`
  ADD CONSTRAINT `fk_forum_post_votes_posts` FOREIGN KEY (`PostID`) REFERENCES `forum_posts` (`PostID`) ON DELETE CASCADE,
  ADD CONSTRAINT `fk_forum_post_votes_users` FOREIGN KEY (`UserID`) REFERENCES `users` (`UserID`) ON DELETE CASCADE;

--
-- Constraints for table `payments`
--
ALTER TABLE `payments`
  ADD CONSTRAINT `payments_ibfk_1` FOREIGN KEY (`BillID`) REFERENCES `bills` (`BillID`) ON DELETE CASCADE,
  ADD CONSTRAINT `payments_ibfk_2` FOREIGN KEY (`UserID`) REFERENCES `users` (`UserID`) ON DELETE CASCADE,
  ADD CONSTRAINT `payments_ibfk_3` FOREIGN KEY (`VerifiedBy`) REFERENCES `users` (`UserID`) ON DELETE SET NULL;

--
-- Constraints for table `payment_history`
--
ALTER TABLE `payment_history`
  ADD CONSTRAINT `payment_history_ibfk_1` FOREIGN KEY (`PaymentID`) REFERENCES `payments` (`PaymentID`) ON DELETE CASCADE,
  ADD CONSTRAINT `payment_history_ibfk_2` FOREIGN KEY (`PerformedBy`) REFERENCES `users` (`UserID`) ON DELETE CASCADE;

--
-- Constraints for table `polls`
--
ALTER TABLE `polls`
  ADD CONSTRAINT `polls_ibfk_1` FOREIGN KEY (`CreatedBy`) REFERENCES `users` (`UserID`);

--
-- Constraints for table `poll_options`
--
ALTER TABLE `poll_options`
  ADD CONSTRAINT `poll_options_ibfk_1` FOREIGN KEY (`PollID`) REFERENCES `polls` (`PollID`) ON DELETE CASCADE;

--
-- Constraints for table `poll_responses`
--
ALTER TABLE `poll_responses`
  ADD CONSTRAINT `poll_responses_ibfk_1` FOREIGN KEY (`PollID`) REFERENCES `polls` (`PollID`) ON DELETE CASCADE,
  ADD CONSTRAINT `poll_responses_ibfk_2` FOREIGN KEY (`UserID`) REFERENCES `users` (`UserID`),
  ADD CONSTRAINT `poll_responses_ibfk_3` FOREIGN KEY (`OptionID`) REFERENCES `poll_options` (`OptionID`);

--
-- Constraints for table `service_requests`
--
ALTER TABLE `service_requests`
  ADD CONSTRAINT `service_requests_ibfk_1` FOREIGN KEY (`UserID`) REFERENCES `users` (`UserID`) ON DELETE CASCADE,
  ADD CONSTRAINT `service_requests_ibfk_2` FOREIGN KEY (`ServiceTypeID`) REFERENCES `service_types` (`ServiceTypeID`) ON DELETE CASCADE;

--
-- Constraints for table `vehicleregistrations`
--
ALTER TABLE `vehicleregistrations`
  ADD CONSTRAINT `vehicleregistrations_ibfk_1` FOREIGN KEY (`UserID`) REFERENCES `users` (`UserID`) ON DELETE CASCADE;

--
-- Constraints for table `visitorpasses`
--
ALTER TABLE `visitorpasses`
  ADD CONSTRAINT `visitorpasses_ibfk_1` FOREIGN KEY (`UserID`) REFERENCES `users` (`UserID`) ON DELETE CASCADE,
  ADD CONSTRAINT `visitorpasses_ibfk_2` FOREIGN KEY (`ApprovedBy`) REFERENCES `users` (`UserID`) ON DELETE SET NULL;

--
-- Constraints for table `visitor_passes`
--
ALTER TABLE `visitor_passes`
  ADD CONSTRAINT `visitor_passes_ibfk_1` FOREIGN KEY (`UserID`) REFERENCES `users` (`UserID`) ON DELETE CASCADE;
COMMIT;

/*!40101 SET CHARACTER_SET_CLIENT=@OLD_CHARACTER_SET_CLIENT */;
/*!40101 SET CHARACTER_SET_RESULTS=@OLD_CHARACTER_SET_RESULTS */;
/*!40101 SET COLLATION_CONNECTION=@OLD_COLLATION_CONNECTION */;
